:020000040800F2
:1000000000000524E5180108291701083717010821
:100010003F170108471701084F17010800000000AB
:100020000000000000000000000000005717010859
:100030006517010800000000731701088117010807
:100040003519010835190108351901083519010854
:100050003519010835190108351901083519010844
:100060009B170108351901083519010835190108D0
:100070003519010835190108351901083519010824
:100080003519010835190108351901083519010814
:10009000351901083519010835190108A917010892
:1000A00035190108351901083519010835190108F4
:1000B00035190108351901083519010835190108E4
:1000C00035190108351901083519010835190108D4
:1000D00035190108351901083519010835190108C4
:1000E000B71701083519010800000000351901088B
:1000F00035190108351901083519010835190108A4
:10010000351901088D17010835190108351901083D
:100110003519010835190108351901083519010883
:10012000C517010835190108D5170108E517010899
:10013000F5170108351901083519010835190108A5
:1001400000000000000000000000000000000000AF
:100150003519010805180108131801083519010897
:100160003519010835190108351901083519010833
:100170003519010835190108351901083519010823
:100180003519010835190108351901083519010813
:100190003519010835190108351901083519010803
:1001A000351901083519010835190108000000004A
:1001B00035190108351901083519010835190108E3
:1001C0003519010835190108000000000000000081
:1001D00000000000000000003519010800000000C8
:1001E000000000000000000000000000000000000F
:1001F0000000000000000000351901083519010851
:1002000035190108351901080000000035190108E9
:100210003519010835190108351901083519010882
:100220003519010800000000351901080000000020
:1002300035190108351901080000000035190108B9
:100240003519010835190108231801083519010865
:100250003519010835190108351901083519010842
:100260003519010835190108351901083519010832
:100270003519010835190108351901080000000079
:100280003519010835190108351901083519010812
:100290000000000035190108351901083519010859
:1002A00035190108351901083519010835190108F2
:1002B00035190108351901083519010835190108E2
:0C02C0003519010835190108351901082D
:1002D00010B5054C237833B9044B13B10448AFF380
:1002E00000800123237010BDA00500240000000041
:1002F0007055010808B5034B1BB103490348AFF320
:10030000008008BD00000000A4050024705501080D
:1003100080B584B000AF786039607B68002B03D172
:100320004FF0FF33FB602CE03B681A687B681A6073
:100330003B685A687B685A603B681A897B681A81F7
:100340003B68DA687B68DA603B681A697B681A6127
:100350003B685A697B685A617B680C4ADA617B6842
:100360000B4A9A617B687A681A627B681B68002B6B
:1003700004D07B681B689847F86002E04FF0FF33B9
:10038000FB60FB6818461037BD4680BDB50300080A
:10039000E903000880B582B000AF786039607B68FF
:1003A00018333968184600F050F8034618460837E5
:1003B000BD4680BD90B587B000AFF8607A601A4640
:1003C0000B46FB7213463B81FB687B617B691C69B2
:1003D0007B691889FB7A99B23B897A68A047034602
:1003E00018461C37BD4690BD90B587B000AFF86089
:1003F0007A601A460B46FB7213463B81FB687B61B1
:100400007B69DC687B691889FB7A99B23B897A68D9
:10041000A047034618461C37BD4690BD90B585B031
:1004200000AFF8607A601A460B46FB7213463B81B8
:10043000FB685C68FB6898683B89F97A7A68A04732
:10044000034618461437BD4690BD80B584B000AF52
:100450007860396001233A68A8217868FFF7DEFFE9
:10046000F860FB68002B07D13B681A783B681A706C
:100470003B681A783B681A70FB6818461037BD460F
:1004800080BD80B58AB000AF786000237B614FF4F7
:100490004053FB610023BB614FF000537B6201239B
:1004A0003B6207F1140341F28832194678680BF079
:1004B0005FFF0346002B02D04FF0FF330EE0002316
:1004C000FB6007F10C03194678680CF0C9F8034685
:1004D000002B02D04FF0FF3300E0002318462837EE
:1004E000BD4680BD80B588B000AF786039604FF000
:1004F0008073FB604FF440537B614FF480533B614A
:100500004FF00053FB610223BB6107F10C0341F282
:100510008832194678680BF02BFF0346002B02D077
:100520004FF0FF330CE041F28832396878680BF005
:10053000F3FF0346002B02D04FF0FF3300E000230F
:1005400018462037BD4680BD80B58EB000AFF8603C
:100550007A603B600B467B810323BB623B68FB6296
:1005600002233B637B687B6307F1280341F28832F7
:100570001946F8680BF0BDFE0346002B02D04FF081
:10058000FF333AE04FF080737B614FF44053FB61DF
:100590004FF48053BB614FF000537B6202233B62F8
:1005A00007F1140341F288321946F8680BF0E0FEB7
:1005B0000346002B02D04FF0FF331EE007F10A0381
:1005C00041F288321946F8680BF033FF0346002BDE
:1005D00002D04FF0FF3310E000233B6307F1280304
:1005E00041F288321946F8680BF083FE0346002B6F
:1005F00002D04FF0FF3300E0002318463837BD46E5
:1006000080BD000080B584B000AF786039600323FE
:100610007B817B6803F1180007F10A0202234FF483
:10062000817101F0B1FDF86000237B817B6803F1EB
:10063000180007F10A02022340F6170101F0A4FD99
:100640000246FB681344FB607B6803F1180007F166
:100650000A0202234FF4817101F096FD0246FB6805
:100660001344FB606C237B817B6803F1180007F166
:100670000A020223392101F087FD0246FB68134478
:10068000FB603B681B68002B0FD013237B817B68CA
:1006900003F1180007F10A020223012101F074FDA1
:1006A0000246FB681344FB600EE003237B817B68FA
:1006B00003F1180007F10A020223012101F064FD91
:1006C0000246FB681344FB603221786801F0E4FCC9
:1006D0003B685B68032B00F2418101A252F823F0D2
:1006E000F7090008F10600088B0700082508000834
:1006F00040F60C437B817B6803F1180007F10A0286
:100700000223052101F040FD0246FB681344FB6013
:1007100000237B817B6803F1180007F10A020223A2
:1007200040F2016101F030FD0246FB681344FB60BA
:100730007B6803F1180007F10A02022340F202610C
:1007400001F022FD0246FB681344FB6002237B811B
:100750007B6803F1180007F10A02022340F20461EA
:1007600001F012FD0246FB681344FB607B6803F155
:10077000180007F10A02022340F2056101F004FDAE
:100780000246FB681344FB6036E140F203337B8191
:100790007B6803F1180007F10A020223052101F02A
:1007A000F3FC0246FB681344FB6001237B817B68FA
:1007B00003F1180007F10A02022340F2016101F07F
:1007C000E3FC0246FB681344FB607B6803F11800FE
:1007D00007F10A02022340F2026101F0D5FC024651
:1007E000FB681344FB6000237B817B6803F11800E6
:1007F00007F10A02022340F2046101F0C5FC02463F
:10080000FB681344FB607B6803F1180007F10A02E0
:10081000022340F2056101F0B7FC0246FB68134475
:10082000FB60E9E03B681B68052B4AD140F60F737B
:100830007B817B6803F1180007F10A02022305217E
:1008400001F0A2FC0246FB681344FB6003237B819A
:100850007B6803F1180007F10A02022340F20161EC
:1008600001F092FC0246FB681344FB607B6803F1D5
:10087000180007F10A02022340F2026101F084FC31
:100880000246FB681344FB607B6803F1180007F124
:100890000A02022340F2046101F076FC0246FB6882
:1008A0001344FB607B6803F1180007F10A0202237E
:1008B00040F2056101F068FC0246FB681344FB60EE
:1008C0009AE040F60F737B817B6803F1180007F113
:1008D0000A020223052101F057FC0246FB6813447B
:1008E000FB6001237B817B6803F1180007F10A029A
:1008F000022340F2016101F047FC0246FB68134409
:10090000FB607B6803F1180007F10A02022340F242
:10091000026101F039FC0246FB681344FB600223CC
:100920007B817B6803F1180007F10A02022340F281
:10093000046101F029FC0246FB681344FB607B68FC
:1009400003F1180007F10A02022340F2056101F0E9
:100950001BFC0246FB681344FB604DE040F203338E
:100960007B817B6803F1180007F10A02022305214D
:1009700001F00AFC0246FB681344FB6001237B8103
:100980007B6803F1180007F10A02022340F20161BB
:1009900001F0FAFB0246FB681344FB607B6803F13D
:1009A000180007F10A02022340F2026101F0ECFB99
:1009B0000246FB681344FB6000237B817B6803F1E4
:1009C000180007F10A02022340F2046101F0DCFB87
:1009D0000246FB681344FB607B6803F1180007F1D3
:1009E0000A02022340F2056101F0CEFB0246FB68D9
:1009F0001344FB6000E000BF3B681B68013B042B15
:100A000000F2DF8101A252F823F000BFF30B0008CF
:100A1000210A0008DF0A0008C30D0008B10C000815
:100A20004FF443637B817B6803F1180007F10A02EE
:100A30000223042101F0A8FB0246FB681344FB607B
:100A4000DB237B817B6803F1180007F10A02022394
:100A50004FF48A6101F098FB0246FB681344FB6087
:100A60004FF4C0437B817B6803F1180007F10A0251
:100A70000223022101F088FB0246FB681344FB605D
:100A800002237B817B6803F1180007F10A0202232D
:100A90004FF4C16101F078FB0246FB681344FB6030
:100AA0007B6803F1180007F10A02022340F2096192
:100AB00001F06AFB0246FB681344FB600E237B8156
:100AC0007B6803F1180007F10A0202234FF4E0618A
:100AD00001F05AFB0246FB681344FB6072E11123EC
:100AE0007B817B6803F1180007F10A0202232821A9
:100AF00001F04AFB0246FB681344FB6035237B810F
:100B00007B6803F1180007F10A020223292101F092
:100B10003BFB0246FB681344FB607B6803F1180053
:100B200007F10A0202232A2101F02EFB0246FB688C
:100B30001344FB6040F203337B817B6803F11800B0
:100B400007F10A020223042101F01EFB0246FB68A2
:100B50001344FB60DB237B817B6803F1180007F102
:100B60000A0202234FF4886101F00EFB0246FB6883
:100B70001344FB6046F250337B817B6803F118001D
:100B800007F10A020223022101F0FEFA0246FB6885
:100B90001344FB6002237B817B6803F1180007F19B
:100BA0000A02022340F2066101F0EEFA0246FB68F7
:100BB0001344FB607B6803F1180007F10A0202236B
:100BC00040F2076101F0E0FA0246FB681344FB6063
:100BD0000D237B817B6803F1180007F10A020223D1
:100BE0004FF4E06101F0D0FA0246FB681344FB6069
:100BF000E8E04FF443737B817B6803F1180007F151
:100C00000A020223042101F0BFFA0246FB681344E2
:100C1000FB60DB237B817B6803F1180007F10A028C
:100C200002234FF4886101F0AFFA0246FB681344D7
:100C3000FB6046F250337B817B6803F1180007F1BB
:100C40000A020223022101F09FFA0246FB681344C4
:100C5000FB6002237B817B6803F1180007F10A0225
:100C6000022340F2066101F08FFA0246FB6813444A
:100C7000FB607B6803F1180007F10A02022340F2CF
:100C8000076101F081FA0246FB681344FB600D2303
:100C90007B817B6803F1180007F10A0202234FF4FD
:100CA000E06101F071FA0246FB681344FB6089E0E1
:100CB00040F63C737B817B6803F1180007F10A0260
:100CC0000223042101F060FA0246FB681344FB6032
:100CD000DB237B817B6803F1180007F10A02022302
:100CE0004FF48A6101F050FA0246FB681344FB603E
:100CF0007B6803F1180007F10A0202234FF48861B0
:100D000001F042FA0246FB681344FB6046F2A0334E
:100D10007B817B6803F1180007F10A02022302219C
:100D200001F032FA0246FB681344FB6002237B8128
:100D30007B6803F1180007F10A02022340F2066102
:100D400001F022FA0246FB681344FB607B6803F162
:100D5000180007F10A02022340F2076101F014FAB9
:100D60000246FB681344FB607B6803F1180007F13F
:100D70000A0202234FF4C16101F006FA0246FB6841
:100D80001344FB607B6803F1180007F10A02022399
:100D900040F2096101F0F8F90246FB681344FB6078
:100DA0000D237B817B6803F1180007F10A020223FF
:100DB0004FF4E06101F0E8F90246FB681344FB6080
:100DC00000E000BF3B689B681946786800F0F2FFBE
:100DD0000246FB681344FB603B681B68052B1AD175
:100DE0000021786800F052FF0246FB681344FB6064
:100DF0000321786800F0A4FF0246FB681344FB60FF
:100E00007B6818330121184601F0EEFA0246FB68B0
:100E10001344FB601BE03B68DB681946786800F010
:100E200035FF0246FB681344FB600221786800F03E
:100E300087FF0246FB681344FB607B68183301217F
:100E4000184601F0D1FA0246FB681344FB60002308
:100E50007B817B6803F1180007F10A02022340F24C
:100E6000023101F091F90246FB681344FB600A234A
:100E70007B817B6803F1180007F10A0202234FF41B
:100E8000027101F081F90246FB681344FB60012303
:100E90007B817B6803F1180007F10A0202234FF4FB
:100EA000007101F071F90246FB681344FB603B6876
:100EB0005B68002B00F0C2813B685B68022B64D149
:100EC0003B681B68002B60D14FF480737B817B688B
:100ED00003F1180007F10A0202232D2101F054F951
:100EE0000246FB681344FB607B6803F1180007F1BE
:100EF0000A0202232E2101F047F90246FB6813443F
:100F0000FB60524B1B78012B19D14FF401437B81BD
:100F10007B6803F1180007F10A0202234FF488717D
:100F200001F032F90246FB681344FB60474B002294
:100F30001A7040F24511786801F0AEF814E048F2FA
:100F400008137B817B6803F1180007F10A02022372
:100F50004FF4887101F018F90246FB681344FB60F6
:100F60003221786801F098F800237B817B6803F1D7
:100F7000180007F10A0202234FF4846101F004F91A
:100F80000246FB681344FB60F3E04FF440737B813F
:100F90007B6803F1180007F10A020223032101F024
:100FA000F3F80246FB681344FB6000237B817B68F7
:100FB00003F1180007F10A020223222101F0E4F8EC
:100FC0000246FB681344FB607B6803F1180007F1DD
:100FD0000A020223232101F0D7F80246FB681344DA
:100FE000FB604FF440737B817B6803F1180007F1CD
:100FF0000A020223362101F0C7F80246FB681344B7
:10100000FB6043F203037B817B6803F1180007F167
:101010000A020223012101F0B7F80246FB681344DB
:10102000FB603B681B68052B12D140F205237B81D6
:101030007B6803F1180007F10A020223512101F035
:10104000A3F80246FB681344FB6010E04804002448
:1010500005237B817B6803F1180007F10A02022354
:10106000512101F091F80246FB681344FB6043F202
:1010700003337B817B6803F1180007F10A02022326
:10108000012101F081F80246FB681344FB60222332
:101090007B817B6803F1180007F10A0202236021BB
:1010A00001F072F80246FB681344FB6049F62573B1
:1010B0007B817B6803F1180007F10A0202234C21AF
:1010C00001F062F80246FB681344FB600F21786868
:1010D00000F0E2FF01237B817B6803F1180007F138
:1010E0000A0202232D2101F04FF80246FB68134447
:1010F000FB607B6803F1180007F10A0202232E212E
:1011000001F042F80246FB681344FB604FF44C7355
:101110007B817B6803F1180007F10A020223032197
:1011200001F032F80246FB681344FB6033237B81F5
:101130007B6803F1180007F10A020223542101F031
:1011400023F80246FB681344FB6040F20111786803
:1011500000F0A2FFEE237B817B6803F1180007F10A
:101160000A020223602101F00FF80246FB681344D3
:10117000FB60C0237B817B6803F1180007F10A0242
:1011800002234FF4C26100F0FFFF0246FB681344E4
:10119000FB607B6803F1180007F10A02022340F2AA
:1011A000116100F0F1FF0246FB681344FB6010235D
:1011B0007B817B6803F1180007F10A0202234FF4D8
:1011C000846100F0E1FF0246FB681344FB60C0232A
:1011D0007B817B6803F1180007F10A02022340F2C9
:1011E000126100F0D1FF0246FB681344FB607B688C
:1011F00003F1180007F10A02022340F2136100F024
:10120000C3FF0246FB681344FB6010237B817B68AD
:1012100003F1180007F10A02022340F2224100F014
:10122000B3FF0246FB681344FB603F22012178684C
:1012300000F09CF90246FB681344FB603B681B68A6
:10124000002B00F0B2803B681B68012B03D03B6889
:101250001B68022B30D113237B817B6803F11800BC
:1012600007F10A020223012100F08EFF0246FB680B
:101270001344FB6002237B817B6803F1180007F1B4
:101280000A0202234FF4C46100F07EFF0246FB68AD
:101290001344FB604FF460537B817B6803F11800BB
:1012A00007F10A02022340F2114100F06DFF0246ED
:1012B000FB681344FB606FE03B681B68052B3ED165
:1012C00013237B817B6803F1180007F10A020223D4
:1012D000012100F059FF0246FB681344FB60022322
:1012E0007B817B6803F1180007F10A0202234FF4A7
:1012F000C46100F049FF0246FB681344FB604FF4F1
:10130000C0537B817B6803F1180007F10A020223B6
:101310004FF4826100F038FF0246FB681344FB6023
:101320007B6803F1180007F10A02022340F2114121
:1013300000F02AFF0246FB681344FB602CE00B23FD
:101340007B817B6803F1180007F10A020223182150
:1013500000F01AFF0246FB681344FB607B6803F150
:10136000180007F10A0202231A2100F00DFF0246BD
:10137000FB681344FB604FF4C0537B817B6803F12F
:10138000180007F10A0202234FF4826100F0FCFE0C
:101390000246FB681344FB608A220021786800F053
:1013A000E5F80246FB681344FB60FB68002B02D0A3
:1013B0004FF0FF33FB60FB6818461037BD4680BD19
:1013C00080B582B000AF78600021786800F061F8E5
:1013D000034618460837BD4680BD80B584B000AFCF
:1013E000786039607B681B6898477B68183307F121
:1013F0000A021146184600F000FFF8607B891A4681
:101400003B681A60FB6818461037BD4680BD80B542
:1014100082B000AF78600021786800F0D3F903460D
:1014200018460837BD4680BD80B584B000AF7860EF
:1014300001237B810121786800F0C4F90346002B69
:1014400003D04FF0FF33FB6011E07B6803F118001D
:1014500007F10A020223022100F096FE0346002B48
:1014600003D04FF0FF33FB6001E00023FB60FB681B
:1014700018461037BD4680BD80B582B000AF786099
:101480000021786800F09EF9034618460837BD46EB
:1014900080BD80B584B000AF786039600121786884
:1014A00000F090F9F8603B68012B54D04FF40073C2
:1014B0007B817B6803F1180007F10A0202234FF4D5
:1014C000846100F061FE0246FB681344FB607B68A8
:1014D00003F1180007F10A02022340F2224100F052
:1014E00053FE0246FB681344FB6000237B817B684C
:1014F00003F1180007F10A0202232D2100F044FE37
:101500000246FB681344FB607B6803F1180007F197
:101510000A0202232E2100F037FE0246FB68134424
:10152000FB607B6803F1180007F10A020223052122
:1015300000F02AFE0246FB681344FB607B6803F15F
:10154000180007F10A020223002100F01DFE0246E6
:10155000FB681344FB60FB68002B02D04FF0FF33A5
:10156000FB60FB6818461037BD4680BD80B586B06D
:1015700000AFF860B9601346FB71BB68012B40F007
:101580008980FB793E2B3CD90021F86800F01AF9DC
:10159000786140F27F137B82FB6803F1180007F14A
:1015A000120202231C2100F0EFFD02467B69134466
:1015B0007B61FB6803F1180007F1120202231D2171
:1015C00000F0E2FD02467B6913447B61FB6803F196
:1015D000180007F112020223262100F0D5FD024671
:1015E0007B6913447B61FB6803F1180007F1120269
:1015F0000223272100F0C8FD02467B6913447B616A
:1016000083E0FB79002B05D10121F86800F0DAF8BE
:1016100078617AE00021F86800F0D4F87861FB790D
:101620009BB243F4A0739BB27B82FB6803F118006A
:1016300007F1120202231C2100F0A6FD02467B697D
:1016400013447B61FB6803F1180007F112020223C7
:101650001D2100F099FD02467B6913447B61FB6804
:1016600003F1180007F112020223262100F08CFD7D
:1016700002467B6913447B61FB6803F1180007F1A4
:1016800012020223272100F07FFD02467B691344EA
:101690007B613AE0FB799BB243F480739BB27B821F
:1016A000FB6803F1180007F1120202234FF4806176
:1016B00000F06AFD7861FB6803F1180007F112027F
:1016C000022340F2014100F05FFD02467B691344B2
:1016D0007B61FB6803F1180007F11202022340F25C
:1016E000044100F051FD02467B6913447B61FB68B5
:1016F00003F1180007F11202022340F2054100F045
:1017000043FD02467B6913447B617B69002B02D059
:101710004FF0FF337B617B6918461837BD4680BDAB
:1017200080B586B000AFF860B9607A6000237B6155
:10173000BB68012B1ED1FB68183307F1120211465A
:10174000184600F06AFD0346002B03D04FF0FF332C
:101750007B612DE07B8A1A46642302FB03F3174A60
:1017600082FB03121A445211DB17D31ADAB27B68D8
:101770001A701DE0FB68183307F112021146184673
:1017800000F063FE0346002B03D04FF0FF337B6174
:101790000EE07B8A1A46642302FB03F3084A82FBAD
:1017A00003121A44D211DB17D31ADAB27B681A700B
:1017B0007B6918461837BD4680BD00BF832008826C
:1017C0003BC71A8980B584B000AF786039603B6848
:1017D000012B1CD14FF400737B817B6803F118004F
:1017E00007F10A0202234FF4846100F0CDFCF86097
:1017F0007B6803F1180007F10A02022340F222413C
:1018000000F0C2FC0246FB681344FB601AE01023A0
:101810007B817B6803F1180007F10A0202234FF471
:10182000846100F0B1FCF8607B6803F1180007F1F7
:101830000A02022340F2224100F0A6FC0246FB68A5
:101840001344FB60FB68002B02D04FF0FF33FB60BA
:10185000FB6818461037BD4680BD80B584B000AF28
:10186000786039603B68022B03D03B68042B40F062
:101870009C8000237B817B6803F1180007F10A023A
:101880000223012100F080FCF86040F203337B81E9
:101890007B6803F1180007F10A020223052100F01A
:1018A00073FC0246FB681344FB6001237B817B6869
:1018B00003F1180007F10A02022340F2016100F06F
:1018C00063FC0246FB681344FB607B6803F118006D
:1018D00007F10A02022340F2026100F055FC0246C1
:1018E000FB681344FB6000237B817B6803F11800D5
:1018F00007F10A02022340F2046100F045FC0246AF
:10190000FB681344FB607B6803F1180007F10A02CF
:10191000022340F2056100F037FC0246FB681344E5
:10192000FB604FF480737B817B6803F1180007F143
:101930000A0202232D2100F027FC0246FB68134413
:10194000FB607B6803F1180007F10A0202232E21D5
:1019500000F01AFC0246FB681344FB604FF401439D
:101960007B817B6803F1180007F10A0202234FF420
:10197000887100F009FC0246FB681344FB604FF4D9
:101980009671786800F088FB00237B817B6803F107
:10199000180007F10A0202234FF4846100F0F4FBFF
:1019A0000246FB681344FB6065E13B68012B49D1AB
:1019B00040F60C437B817B6803F1180007F10A02B3
:1019C0000223052100F0E0FBF86000237B817B68A7
:1019D00003F1180007F10A02022340F2016100F04E
:1019E000D3FB0246FB681344FB607B6803F11800DD
:1019F00007F10A02022340F2026100F0C5FB024631
:101A0000FB681344FB6002237B817B6803F11800B1
:101A100007F10A02022340F2046100F0B5FB02461E
:101A2000FB681344FB607B6803F1180007F10A02AE
:101A3000022340F2056100F0A7FB0246FB68134455
:101A4000FB603BE040F60F737B817B6803F118007D
:101A500007F10A020223052100F096FBF86001233A
:101A60007B817B6803F1180007F10A02022340F230
:101A7000016100F089FB0246FB681344FB607B6850
:101A800003F1180007F10A02022340F2026100F09C
:101A90007BFB0246FB681344FB6002237B817B686F
:101AA00003F1180007F10A02022340F2046100F07A
:101AB0006BFB0246FB681344FB6000BF4FF44073AE
:101AC0007B817B6803F1180007F10A0202230321DE
:101AD00000F05AFB0246FB681344FB6000237B8145
:101AE0007B6803F1180007F10A020223222100F0AB
:101AF0004BFB0246FB681344FB607B6803F1180054
:101B000007F10A020223232100F03EFB0246FB6894
:101B10001344FB604FF440737B817B6803F1180032
:101B200007F10A020223362100F02EFB0246FB6871
:101B30001344FB6043F203037B817B6803F11800CD
:101B400007F10A020223012100F01EFB0246FB6896
:101B50001344FB6005237B817B6803F1180007F1C8
:101B60000A020223512100F00FFB0246FB681344D6
:101B7000FB6043F203337B817B6803F1180007F1BC
:101B80000A020223012100F0FFFA0246FB68134417
:101B9000FB6022237B817B6803F1180007F10A02B6
:101BA0000223602100F0F0FA0246FB681344FB6058
:101BB00049F625737B817B6803F1180007F10A025F
:101BC00002234C2100F0E0FA0246FB681344FB605C
:101BD0000F21786800F060FA01237B817B6803F1B4
:101BE000180007F10A0202232D2100F0CDFA024667
:101BF000FB681344FB607B6803F1180007F10A02DD
:101C000002232E2100F0C0FA0246FB681344FB6059
:101C10004FF44C737B817B6803F1180007F10A02D3
:101C20000223032100F0B0FA0246FB681344FB6074
:101C300033237B817B6803F1180007F10A0202233A
:101C4000542100F0A1FA0246FB681344FB6040F205
:101C50000111786800F020FAEE237B817B6803F1A4
:101C6000180007F10A020223602100F08DFA0246F3
:101C7000FB681344FB60FB68002B02D04FF0FF337E
:101C8000FB60FB6818461037BD4680BD80B584B048
:101C900000AF786039600023FB607B6818333A68D6
:101CA00092B21146184600F04CFB0346002B02D0BE
:101CB0004FF0FF33FB60FB6818461037BD4680BD10
:101CC00080B584B000AF786039600023FB600023EA
:101CD0007B817B68183307F10A021146184600F031
:101CE00061FB0346002B03D04FF0FF33FB6021E084
:101CF0007B89032B1AD801A252F823F00D1D00088E
:101D0000151D00081D1D0008251D00083B68002248
:101D10001A600FE03B6801221A600BE03B68022268
:101D20001A6007E03B6803221A6003E03B68002268
:101D30001A6000BFFB6818461037BD4680BD00BF63
:101D400080B584B000AF786039600023FB607B68A9
:101D500018333A6892B21146184600F09FFA0346CB
:101D6000002B02D04FF0FF33FB60FB6818461037A2
:101D7000BD4680BD80B584B000AF78603960002377
:101D8000FB607B68183307F10A021146184600F021
:101D9000B6FA0346002B03D04FF0FF33FB6003E09D
:101DA0007B891A463B681A60FB6818461037BD46A7
:101DB00080BD000080B584B000AF786039603B68BA
:101DC000554A93425DD03B68534A934200F291805A
:101DD0003B684AF6444293427DD03B684AF644420F
:101DE000934200F286803B68B3F5FA4F3BD03B68E4
:101DF000B3F5FA4F7DD83B6845F2226293425CD03E
:101E00003B6845F22262934273D83B68B3F57A5F30
:101E10001BD03B68B3F57A5F6BD83B68B3F5FA5FCC
:101E200005D03B6842F61132934238D061E003237B
:101E30007B817B6803F1180007F10A0202234FF44B
:101E4000047100F0A1F9F86061E033237B817B68C5
:101E500003F1180007F10A0202234FF4047100F0A5
:101E600093F9F86053E063237B817B6803F11800EA
:101E700007F10A0202234FF4047100F085F9F860BB
:101E800045E0A3237B817B6803F1180007F10A0278
:101E900002234FF4047100F077F9F86037E0132360
:101EA0007B817B6803F1180007F10A0202234FF4DB
:101EB000047100F069F9F86029E043237B817B68B5
:101EC00003F1180007F10A0202234FF4047100F035
:101ED0005BF9F8601BE073237B817B6803F11800DA
:101EE00007F10A0202234FF4047100F04DF9F86083
:101EF0000DE083237B817B6803F1180007F10A0260
:101F000002234FF4047100F03FF9F86000BFFB6852
:101F100018461037BD4680BD0077010080B584B0FB
:101F200000AF786039600023FB6000237B817B6811
:101F3000183307F10A021146184600F08DF90346DE
:101F4000002B03D04FF0FF33FB6043E07B890A2B6B
:101F50003FD801A252F823F0851F00088F1F000808
:101F6000D31F0008991F0008A31F0008D31F0008F3
:101F7000AD1F0008B71F0008C11F0008D31F0008CD
:101F8000CB1F00083B684FF4FA521A6022E03B680E
:101F900042F611321A601DE03B684FF47A521A6023
:101FA00018E03B6845F222621A6013E03B684FF488
:101FB000FA421A600EE03B684AF644421A6009E0B1
:101FC0003B684BF680321A6004E03B68044A1A60B2
:101FD00000E000BFFB6818461037BD4680BD00BF5B
:101FE0000077010080B584B000AF78600023FB600B
:101FF0007B6818330021184600F0EEF80346002BEA
:1020000002D04FF0FF33FB60FB6818461037BD4627
:1020100080BD000080B584B000AF786039607B6817
:10202000002B03D14FF0FF33FB602CE03B681A68B4
:102030007B681A603B685A687B685A603B681A89FB
:102040007B681A813B68DA687B68DA603B681A69EA
:102050007B681A613B685A697B685A617B680C4AE5
:10206000DA617B680B4A9A617B687A681A627B68DE
:102070001B68002B04D07B681B689847F86002E05F
:102080004FF0FF33FB60FB6818461037BD4680BD3C
:10209000CD200008FF20000880B584B000AF786034
:1020A00039607B685B6998470346FB6000BF7B68CB
:1020B0005B69984703461A46FB68D31A3A689A4206
:1020C000F5D8002318461037BD4680BD90B587B0BF
:1020D00000AFF8607A601A460B467B8113463B815D
:1020E000FB687B617B691C697B6918893B897989FD
:1020F0007A68A047034618461C37BD4690BD90B588
:1021000087B000AFF8607A601A460B467B811346B1
:102110003B81FB687B617B69DC687B6918893B8953
:1021200079897A68A047034618461C37BD4690BD9A
:1021300090B587B000AFF8607A601A460B467B8195
:1021400013463B81FB685C68FB6898683B8979892A
:102150007A68A04778617B69002B10DB7B681B885D
:102160001B0A7B827B681B881BB21B021AB2B7F961
:10217000123013431BB27B827B687A8A1A807B6998
:1021800018461C37BD4690BD90B587B000AFF860CB
:102190007A601A460B467B8113463B817B681B881D
:1021A0001B0A9BB2FB827B681B881BB21B021AB204
:1021B000FB8A1BB213431BB29BB2FB82FB681C68F9
:1021C000FB6898683B8907F116027989A0470346A6
:1021D00018461C37BD4690BD80B582B000AF786010
:1021E0000B467B80BA1C022300217868FFF7CCFFE6
:1021F000034618460837BD4680BD80B582B000AFA3
:102200007860396002233A6800217868FFF790FF10
:10221000034618460837BD4680BD80B584B000AF80
:102220007860396002233A681C217868FFF780FFE4
:10223000F860FB68002B0AD13B681B8803F03F0362
:102240009AB23B681A803B681A883B681A80FB6820
:1022500018461037BD4680BD80B584B000AF7860A9
:10226000396002233A684FF404717868FFF760FF21
:10227000F860FB68002B0CD13B681B8803F0F0036F
:102280009AB23B681A803B681B881B099AB23B686C
:102290001A80FB6818461037BD4680BD80B584B0F3
:1022A00000AF78600B467B8000237B8107F10A0238
:1022B00002234FF440717868FFF73AFFF860FB683B
:1022C000002B17D17B8923F018039BB27B81B7F9D0
:1022D0000230DB001AB27B891BB213431BB29BB2E4
:1022E0007B8107F10A0202234FF440717868FFF7FF
:1022F0004BFFF860FB6818461037BD4680BD80B5BF
:1023000084B000AF7860396002233A684FF44071BE
:102310007868FFF70DFFF860FB68002B0CD13B6875
:102320001B8803F018039AB23B681A803B681B882D
:10233000DB089AB23B681A80FB6818461037BD4626
:1023400080BD80B584B000AF78600B467B800023F1
:102350007B8107F10A0202234FF440717868FFF78E
:10236000E7FEF860FB68002B17D17B8923F0600340
:102370009BB27B81B7F902305B011AB27B891BB239
:1023800013431BB29BB27B8107F10A0202234FF475
:1023900040717868FFF7F8FEF860FB681846103760
:1023A000BD4680BD80B584B000AF7860396002233F
:1023B0003A684FF440717868FFF7BAFEF860FB683E
:1023C000002B0CD13B681B8803F060039AB23B687A
:1023D0001A803B681B885B099AB23B681A80FB68CD
:1023E00018461037BD4680BD80B584B000AF786018
:1023F0000B467B8000237B8107F10A0202234FF406
:1024000040717868FFF794FEF860FB68002B17D1E5
:102410007B8923F480439BB27B81B7F902309B0315
:102420001AB27B891BB213431BB29BB27B8107F1AB
:102430000A0202234FF440717868FFF7A5FEF860A6
:10244000FB6818461037BD4680BD80B584B000AF2C
:102450007860396002233A684FF480617868FFF74A
:1024600067FEF860FB68002B09D13B681B88DBB274
:102470009AB23B681A803B681A883B681A80FB68EE
:1024800018461037BD4680BD80B58AB000AF034600
:10249000FB7100237B62FB79002B0FD1264BD3F815
:1024A000E030254A43F00403C2F8E030224BD3F871
:1024B000E03003F00403FB60FB6815E0FB79012BBF
:1024C0000FD11D4BD3F8E0301B4A43F00403C2F890
:1024D000E030194BD3F8E03003F00403BB60BB6875
:1024E00002E06FF001037B6201237B610123BB618A
:1024F0000223FB61FB79114A52F823303B61FB79DF
:102500000F4A52F8233007F110021146184608F01E
:10251000C3F9FB790A4A52F82300FB79074A52F8BB
:1025200023309BB20122194608F060FC7B6A1846F2
:102530002837BD4680BD00BF00440258D056010870
:102540004C04002480B588B000AF03460A46FB71F6
:102550001346BB712D4BD3F8E0302C4A43F00403F3
:10256000C2F8E030294BD3F8E03003F00403BB603D
:10257000BB684FF40053FB6002237B610223BB6105
:10258000BB79002B0CD100233B61FB79204A52F828
:10259000233007F10C021146184608F07DF930E0AF
:1025A0001C4B3B61FB791A4A52F8233007F10C02AD
:1025B0001146184608F070F9FB79DB00164A1A44F8
:1025C000FB79164951F823301946104608F01FF9D7
:1025D000FB79DB00104A9818FB79114A52F8233036
:1025E0001A46002108F0F4F82820FB790D4A52F829
:1025F00023300022194604F072FF2823184604F005
:1026000088FF002318462037BD4680BD004402588D
:102610005404002400001111C0050024D8560108FC
:10262000580400245C04002480B582B000AF034647
:10263000FB71FB79DB00044A1344184608F0FCF8F0
:1026400000BF0837BD4680BDC005002480B500AF7F
:1026500000200EF0BBFF00BF80BD80B584B000AF8E
:10266000786039600023FB737B681B681A687B689D
:102670001B6822F480321A603B68DA687B68DA6291
:102680003B681A687B681A623B685A687B685A60C4
:102690007B6800229A617B6800225A643B689A68D2
:1026A0007B689A647B680022DA643B681A697B68FD
:1026B0001A653B685A697B689A603B689A697B68CF
:1026C0005A617B680122DA613B68DA697B68DA600B
:1026D0007B6800221A637B6800225A637B680022B1
:1026E0005A627B684FF000621A617B6800229A622E
:1026F0007B68002283F838203B681A6A7B685A6539
:102700003B685A6A7B689A657B684FF48032DA6569
:102710007B6800221A667B684FF480225A667B68C9
:1027200000229A663B689B68182B03D03B689B6825
:10273000202B03D17B688022DA6602E07B6840228E
:10274000DA667B6804221A673B689A6A7B685A6774
:1027500078680DF0F7F90346002B01D00123FB73D5
:102760007B681B681A687B681B6842F480321A60B9
:10277000FB7B18461037BD4680BD000080B586B093
:1027800000AFF860B9607A6000237B61FB68002BC2
:102790000FD12D49FA681346DB0013449B000B440C
:1027A0000C331B68DB087A68B2FBF3F3B3F5803FA8
:1027B00003D36FF001037B6140E02349FA681346BD
:1027C000DB0013449B000B441C331B68022B03D01B
:1027D0006FF002037B6131E01B49FA681346DB00AE
:1027E00013449B000B440C331B68DB087A68B2FB74
:1027F000F3F39BB21A46B96814480DF0C1FB0346C7
:10280000002B03D06FF003037B6117E0104B1B68B4
:10281000DB68104A1268104698470346002B03DA1B
:102820006FF004037B6109E00749FA681346DB0097
:1028300013449B000B441C3301221A607B69184629
:102840001837BD4680BD00BF64060024CC050024B7
:10285000780A0024C805002480B582B000AF7860F3
:10286000044BD3F88030184606F0BEF900BF083795
:10287000BD4680BDCC05002480B582B000AF786035
:10288000002000F025F800BF0837BD4680BD80B5A8
:1028900082B000AF7860002000F024F800BF083755
:1028A000BD4680BD80B582B000AF78607B681B6894
:1028B000064A934203D1002000F01EF802E00020F7
:1028C00002F014F900BF0837BD4680BD245801400E
:1028D00080B483B000AF786000BF0C37BD465DF8B0
:1028E000047B704780B483B000AF786000BF0C37C2
:1028F000BD465DF8047B704780B483B000AF78605C
:1029000000BF0C37BD465DF8047B704780B588B0CA
:1029100000AF0023FB613423BB81204B7B60204B45
:10292000BB60204B7B61204B3B61204BBB613B1D5F
:1029300019461F48FFF76EFB0346002B03D06FF0CC
:102940000703FB6124E01A48FFF74CFB0346002B0A
:1029500003D06FF00403FB611AE03B4619461448AC
:10296000FEF73BFD0346002B03D06FF00403FB6131
:102970000EE03B6848F69412934203D06FF00603D2
:10298000FB6105E00B4B0C4A1A600C4B084A1A60BD
:10299000FB6918462037BD4680BD00BF9D5000082A
:1029A000115100089D52000841520008F9520008D8
:1029B000244D0024780A002400040024C8050024C3
:1029C00080B596B000AF7860614BD3F8F030604AC4
:1029D00043F48003C2F8F0305D4BD3F8F03003F4D9
:1029E00080033B643B6C5A4BD3F8E030584A43F0C9
:1029F0002003C2F8E030564BD3F8E03003F0200358
:102A0000FB63FB6B524BD3F8E030514A43F0200399
:102A1000C2F8E0304E4BD3F8E03003F02003BB6344
:102A2000BB6B4B4BD3F8E030494A43F02003C2F86C
:102A3000E030474BD3F8E03003F020037B637B6B3F
:102A4000434BD3F8E030424A43F02003C2F8E03071
:102A50003F4BD3F8E03003F020033B633B6B4FF474
:102A600000737B640223BB640023FB6403233B6588
:102A700006237B6507F144031946364807F00CFF2F
:102A80004FF480737B6406237B6507F1440319468A
:102A9000304807F001FF40237B6406237B6507F184
:102AA000440319462B4807F0F7FE7B681B682A4A47
:102AB00093421ED0294B93F89130DBB2012B18D0F2
:102AC000234BD3F8E030224A43F02003C2F8E03031
:102AD0001F4BD3F8E03003F02003FB62FB6A802336
:102AE0007B6406237B6507F144031946194807F008
:102AF000D3FE7B681B681A4A93426BD1144BD3F800
:102B0000D830134A43F00203C2F8D830104BD3F840
:102B1000D83003F00203BB62BB6A124B58225A60E2
:102B2000104B40229A600F4B0022DA600D4B4FF49D
:102B300080621A610C4BDB68102B17D1094B4FF4E4
:102B400000625A61074B4FF400529A6116E000BFD1
:102B5000004402580014025804540058B8080024D5
:102B6000245801404C4D002464060024534B4FF47C
:102B700080525A61514B4FF480429A614F4B4FF44F
:102B80008072DA614D4B4FF400321A624B4B0422D3
:102B90005A624A4B03229A62484B0022DA62474B40
:102BA00000221A63454B464A1A607B68434AC3F8C1
:102BB0008020424A7B689363404805F0F5FB3F481C
:102BC00005F09AF800220E21452004F088FC4520EB
:102BD00004F09FFC7B681B683A4A934240F09B805C
:102BE000394BD3F8F030384A43F48003C2F8F03060
:102BF000354BD3F8F03003F480037B627B6A324BB1
:102C0000D3F8E030304A43F01003C2F8E0302E4BE6
:102C1000D3F8E03003F010033B623B6A40237B644F
:102C20000223BB640023FB6402233B6506237B6510
:102C300007F144031946254807F02EFE224BD3F82E
:102C4000D830214A43F00203C2F8D8301E4BD3F8E3
:102C5000D83003F00203FB61FB691D4B1D4A1A606B
:102C60001B4B57225A601A4B4FF48072DA61184B93
:102C70004FF400321A62164B00229A60144B002265
:102C8000DA60134B4FF480621A61114B00225A62D2
:102C90000F4B03229A620E4B0022DA620C4B002289
:102CA0001A630D4BDB68102B18D1094B4FF40062EF
:102CB0005A61074B4FF400529A6117E04C4D0024C3
:102CC000A004024004580140004402580010025879
:102CD000C44D002470040240E80900245F4B4FF407
:102CE00080525A615D4B4FF480429A617B685B4A27
:102CF000C3F88420594A7B689363584805F054FB15
:102D0000564804F0F9FF00220F213C2004F0E7FBB5
:102D10003C2004F0FEFB7B681B68514A934240F064
:102D20009980504BD3F8F4304E4A43F40013C2F864
:102D3000F4304C4BD3F8F43003F40013BB61BB699F
:102D4000484BD3F8E030474A43F01003C2F8E03074
:102D5000444BD3F8E03003F010037B617B6901231F
:102D6000FB6402233B6510237B640A237B6507F128
:102D7000440319463C4807F08FFD3A4BD3F8E03046
:102D8000384A43F01003C2F8E030364BD3F8E03055
:102D900003F010033B613B690223BB640023FB6427
:102DA00002233B6520237B640A237B6507F14403F0
:102DB00019462D4807F070FD2A4BD3F8E030294A18
:102DC00043F40013C2F8E030264BD3F8E03003F4AC
:102DD0000013FB60FB68214B0F225A601F4B00223F
:102DE0009A601E4B0022DA601C4B4FF480621A611D
:102DF0001A4B00225A61194B00229A61174B4FF46B
:102E00008072DA61154B4FF400321A62134B0022C4
:102E10005A62124B03229A62104B0022DA620F4B65
:102E200000221A630D4B114A1A607B680B4AC3F8E3
:102E300084200A4A7B689363084805F0B5FA07487E
:102E400004F05AFF00220F21822004F048FB822068
:102E500004F05FFB00BF5837BD4680BDC44D002461
:102E60000454005800440258001002581C540258E0
:102E700090B5A9B000AF786039600023C7F89830EA
:102E80007B68022B05D96FF00103C7F8983000F07A
:102E90000BBC3B6819689A487A6813465B00134478
:102EA0001B010344043319603B68D96894487A686D
:102EB00013465B0013441B010344103319603B6845
:102EC00059688F487A6813465B0013441B0103441A
:102ED000083319603B68996889487A6813465B0033
:102EE00013441B0103440C3319603B68196984487F
:102EF0007A6813465B0013441B01034420331960B6
:102F00007F497A6813465B0013441B010B4424334A
:102F100000221A607B68002B40F0CC807B689822EE
:102F200002FB03F3774A1A443B685B681946104674
:102F300002F060F80346002B04D06FF00803C7F8D6
:102F40009830A7E36F4A7B68982101FB03F3134491
:102F50006D4A1A606D4B6E4A1A607B68982202FBBC
:102F600003F3684A13441846FFF72AFDD7F8983050
:102F7000002B40F08F8362497A6813465B0013444C
:102F80001B010B4408331B68BB600323FB60002359
:102F9000BB613B68DB68012B02D14FF4805300E03A
:102FA00000237B6180233B618023BB624023FB6263
:102FB0004FF400533B620123FB6100237B62032338
:102FC0003B637B68982202FB03F34E4A134407F1EC
:102FD00008021146184600F0E6FD0346002B04D017
:102FE0006FF00303C7F8983010E00023FB60002364
:102FF000FB6107F1080319464448FFF72EFB03461F
:10300000002B03D06FF00303C7F89830D7F898303F
:10301000002B40F03F833F4BDB69002B01D10023A5
:1030200000E00223C7F888303B685B68C7F88C3043
:103030003B689B68202B01D1032300E00023C7F8E5
:1030400090303B681B68002B01D1032300E0022372
:10305000C7F884303B681B69632B0CD83B681A693E
:1030600013461B019B1A1B019B1A2B4AA2FB03232D
:103070005B09DBB200E0EF23C7F89430274B1B68F5
:103080001B68274A126807F18401104698470346D7
:10309000002B04DA6FF00403C7F89830FAE21849FD
:1030A0007A6813465B0013441B010B44243302224D
:1030B0001A60EFE27B68012B40F0958010497A6836
:1030C00013465B0013441B010B4404331B68102B95
:1030D00004D06FF00103C7F89830DBE27B689822D8
:1030E00002FB03F3074A1A443B685B681946104623
:1030F00001F090FF0346002B14D06FF00803D5E2D7
:10310000E8090024B808002404580140CC05002434
:1031100024580140640600241F85EB51780A0024DE
:10312000C8050024A64A7B68982101FB03F31344D9
:10313000A44A1A607B68982202FB03F3A04A134456
:103140001846FFF73DFC00237B6140233B612023B1
:10315000BB620123FB6200233B6204233B639A4969
:103160007A6813465B0013441B010B4408331B6849
:103170001B01BB600123FB600023BB610023FB61DB
:1031800000237B627B68982202FB03F38C4A134482
:1031900007F108021146184600F08DFD0346002B8A
:1031A00002D06FF0030381E23B68596886487A6871
:1031B00013465B0013441B01034410331868824C10
:1031C0007A6813465B0013441B01234410331B68C9
:1031D0000246786800F0F4FD0346002B00F05A82A6
:1031E0004FF0FF3362E2794B07F174040FCB84E8B0
:1031F0000F00774B07F164040FCB84E80F00754B89
:1032000007F154040FCB84E80F00734B07F144041B
:103210000FCB84E80F00714B07F134040FCB84E827
:103220000F003B685B6819466D4800F015FC0346CB
:10323000002B03D06FF00803C7F89830D7F8983008
:10324000002B40F02782674801F0FEFC664801F041
:1032500057FCD7F89830002B40F01C820023C7F8A9
:103260009C3010E2D7F89C309B00A0333B4453F8CD
:103270002C3CBB60D7F89C309B00A0333B4453F8F8
:103280003C3CBB61D7F89C309B00A0333B4453F8D7
:103290004C3CFB61D7F89C309B00A0333B4453F877
:1032A0005C3C3B62D7F89C309B00A0333B4453F816
:1032B0006C3C7B620023FB60D7F89C30002B12D063
:1032C000D7F89C30032B0ED83F497A6813465B0031
:1032D00013441B010B4404331B6803F01003002B41
:1032E00001D00123FB6038497A6813465B00134420
:1032F0001B010B4408331B68B3F5FA5F76D03249E3
:103300007A6813465B0013441B010B4408331B68A7
:1033100042F61132934250D02B497A6813465B0033
:1033200013441B010B4408331B68B3F57A5F41D08B
:1033300025497A6813465B0013441B010B4408338C
:103340001B6845F22262934231D01F497A681346C6
:103350005B0013441B010B4408331B68B3F5FA4FA1
:1033600022D019497A6813465B0013441B010B44B1
:1033700008331B684AF64442934212D012497A68D5
:1033800013465B0013441B010B4408331B684BF6C8
:103390008032934202D14FF0004329E04FF02043A6
:1033A00026E04FF0C04323E04FF0004320E04FF011
:1033B000C0431DE04FF0C0431AE04FF0C04317E098
:1033C000B808002404540058E8090024885501086E
:1033D00098550108A8550108B8550108C8550108B5
:1033E000D8070024DC060024100800244FF0C04356
:1033F0003B61B0497A6813465B0013441B010B44E0
:1034000008331B68B3F5FA5F5AD0AA497A681346A5
:103410005B0013441B010B4408331B6842F6113256
:1034200093424AD0A3497A6813465B0013441B01B8
:103430000B4408331B68B3F57A5F3CD09D497A682A
:1034400013465B0013441B010B4408331B6845F211
:10345000226293422DD097497A6813465B00134449
:103460001B010B4408331B68B3F5FA4F1FD0914979
:103470007A6813465B0013441B010B4408331B6836
:103480004AF64442934210D08A497A6813465B0058
:1034900013441B010B4408331B684BF680329342E4
:1034A00001D120230EE010230CE040230AE040234A
:1034B00008E0802306E0802304E04FF4807301E0FD
:1034C0004FF480737B617B497A6813465B00134439
:1034D0001B010B4408331B68B3F5FA5F4AD07549EA
:1034E0007A6813465B0013441B010B4408331B68C6
:1034F00042F6113293423BD06E497A6813465B0024
:1035000013441B010B4408331B68B3F57A5F2DD0BD
:1035100068497A6813465B0013441B010B44083367
:103520001B6845F2226293421ED062497A681346B4
:103530005B0013441B010B4408331B68B3F5FA4FBF
:1035400010D05C497A6813465B0013441B010B449E
:1035500008331B684AF64442934201D104230AE02F
:10356000202308E0182306E0042304E0182302E0E7
:10357000042300E01823BB624E497A6813465B00BF
:1035800013441B010B4408331B68B3F5FA5F4AD0A0
:1035900048497A6813465B0013441B010B44083307
:1035A0001B6842F6113293423BD042497A68134677
:1035B0005B0013441B010B4408331B68B3F57A5FAF
:1035C0002DD03C497A6813465B0013441B010B4421
:1035D00008331B6845F2226293421ED035497A684F
:1035E00013465B0013441B010B4408331B68B3F5FF
:1035F000FA4F10D02F497A6813465B0013441B0121
:103600000B4408331B684AF64442934201D100231D
:103610000AE0022308E0062306E0032304E0032374
:1036200002E0062300E00523FB623B681A68D7F836
:103630009C3022FA03F303F01003002B1AD0D7F8C2
:103640009C30542202FB03F31B4A9818D7F89C20A5
:103650001346DB009B1ADB00184A134407F10802EB
:10366000194600F021FA0346002B03D06FF0030344
:10367000C7F89830D7F89830002B0AD1D7F89C308B
:103680000133C7F89C30D7F89C30032B7FF6EAADA6
:1036900000E000BF07497A6813465B0013441B0132
:1036A0000B44243302221A60D7F898301846A43706
:1036B000BD4690BDE809002488060024D8070024F0
:1036C00080B58AB000AFF860B9607A603B600023D3
:1036D0007B62FB68022B02D8BB68022B03D96FF018
:1036E00001037B62A2E17B6819685348FA681346BC
:1036F0005B0013441B010344043319607B68D968E1
:103700004D48FA6813465B0013441B010344103311
:1037100019607B6859684848FA6813465B0013448F
:103720001B010344083319607B6899684248FA68B2
:1037300013465B0013441B0103440C3319607B6880
:1037400019693D48FA6813465B0013441B010344A2
:10375000203319603849FA6813465B0013441B0193
:103760000B44243300221A603B6819683348BA6856
:103770001346DB0013449B000344043319603B6889
:10378000D9682E48BA681346DB0013449B000344F3
:10379000143319603B6859682848BA681346DB003F
:1037A00013449B000344083319603B68996823481D
:1037B000BA681346DB0013449B0003440C331960C2
:1037C0003B6819691D48BA681346DB0013449B0027
:1037D0000344103319601949BA681346DB001344D7
:1037E0009B000B441C3300221A60134B5B6A002BB6
:1037F00007D1FFF78BF80346002B02D06FF00403CC
:103800007B62BB68002B40F00581FB68002B40F019
:103810000181FB68982202FB03F3094A1A447B6882
:103820005B681946104601F0E5FB0346002B09D002
:103830006FF008037B62F8E0E809002464060024C6
:10384000B80800247C4AFB68982101FB03F3134469
:103850007A4A1A607A4B7B4A1A60FB68982202FB0C
:1038600003F3754A13441846FFF7AAF87448FFF7A4
:10387000A7F87B6A002B40F0D8806F4AFB6898213C
:1038800001FB03F31344913300221A706A4AFB6868
:10389000982101FB03F31344684A1A60664AFB68E7
:1038A000982101FB03F31344043303221A60624A94
:1038B000FB68982101FB03F31344083301221A60CB
:1038C0005D4AFB68982101FB03F313441433002283
:1038D0001A60594AFB68982101FB03F313441C3317
:1038E00000221A60544AFB68982101FB03F3134439
:1038F0000C3300221A60504AFB68982101FB03F345
:1039000013442C3300221A604B4AFB68982101FBB8
:1039100003F31344303300221A60474AFB689821AE
:1039200001FB03F31344343300221A60FB6898222E
:1039300002FB03F3404A98180223002200210CF0F6
:10394000CFF83F4B002283F891203D4B3D4A1A604F
:103950003B4B00225A603A4B00229A60384B4FF49E
:1039600000525A61364B00229A61354B0022DA61CF
:103970003B685B68324A1362314B0022DA60304B9D
:103980000022DA622E4B00221A632D4B00225A636A
:103990000223002200212A480CF0A2F8284B1B68C1
:1039A0001A68274B1B6842F480321A607B6A002B2E
:1039B0003BD102237B613B685B68BB610023FB61F9
:1039C00003233B61204B1B6A3B62204B1B681B6837
:1039D0001F4A126807F11001104698470346002B52
:1039E00003DA6FF004037B621FE01749FA6813469D
:1039F0005B0013441B010B44243302221A60154957
:103A0000BA681346DB0013449B000B441C330222AC
:103A10001A600AE0BB68002B08D1FB68012B05D1B6
:103A20007968F868FFF724FA00E000BF7B6A18465F
:103A30002837BD4680BD00BFB808002404580140A7
:103A4000CC05002424580140E8090024780A002409
:103A5000C80500246406002480B5B0B000AF7860CB
:103A60003960002387F8BF3007F1080318460AF0D1
:103A70004FFD0A4BDB69002B0AD1094B5B6A002B17
:103A800006D13968074801F0B5FA034687F8BF3018
:103A900097F8BF301846C037BD4680BD6406002485
:103AA000E8090024B808002480B584B000AFF860AD
:103AB000B9607A607B681A68FB681A607B685A682C
:103AC000FB685A60FB6801221A72FB6801225A7275
:103AD000FB680022DA60FB6800221A74FB6800228F
:103AE0005A74FB684FF400725A61FB684FF4C0428D
:103AF0009A617B689A68FB68DA617B68DA68FB68C0
:103B00001A62FB6801225A62F86803F06BFE0346F2
:103B1000002B01D0012342E07B681A69BB681A6060
:103B2000BB6801221A71BB684FF080429A607B68C3
:103B30001A6ABB68DA60BB6800221A61BB6800229F
:103B40005A61BB6804221A62BB684FF480025A6251
:103B5000BB680A229A62BB680022DA627B685A6AF2
:103B6000BB681A637B685A69BB689A617B689A690B
:103B7000BB68DA61B86803F063FD0346002B01D02F
:103B800001230CE07B68DB6901221946F86803F029
:103B90000FFF0346002B01D0012300E0002318464D
:103BA0001037BD4680BD80B584B000AF7860396005
:103BB0000023FB737B681B681A687B681B6822F410
:103BC00080321A603B681A687B681A623B68DA6860
:103BD0007B68DA623B685A687B685A607B680022BF
:103BE0009A617B6800225A643B689A687B689A6491
:103BF0007B680022DA643B681A697B681A653B6857
:103C00005A697B689A603B689A697B685A617B68ED
:103C10000122DA613B68DA697B68DA607B6800223E
:103C20001A637B6810225A637B6800225A627B68A1
:103C30004FF000621A617B6800229A627B68002262
:103C400083F838203B681A6A7B685A653B685A6A71
:103C50007B689A657B684FF48032DA657B68002266
:103C60001A667B684FF480225A667B6800229A6647
:103C70003B689B68182B03D03B689B68202B03D1C3
:103C80007B688022DA6602E07B684022DA667B6825
:103C900002221A673B689A6A7B685A6778680BF059
:103CA00051FF0346002B01D00123FB73FB7B184619
:103CB0001037BD4680BD80B584B000AF78603960F4
:103CC0000023FB737B681B681A687B681B6822F4FF
:103CD00080321A603B681A687B681A623B68DA684F
:103CE0007B68DA623B685A687B685A607B684FF48D
:103CF00000229A617B6800225A643B689A687B685C
:103D00009A647B684FF48072DA643B681A697B6856
:103D10001A653B685A697B689A603B689A697B6858
:103D20005A617B680122DA613B68DA697B68DA6094
:103D30007B6800221A637B6810225A637B68062224
:103D40005A627B68012283F838207B680222DA639A
:103D50007B684FF400721A643B681A6A7B685A6584
:103D60003B685A6A7B689A657B680022DA657B68E3
:103D70004FF400321A667B6800225A667B68002284
:103D80009A667B680022DA667B6804221A673B68C1
:103D90009A6A7B685A6778680BF0D4FE0346002B5A
:103DA00001D00123FB737B681B681A687B681B6862
:103DB00042F480321A60FB7B18461037BD4680BD46
:103DC00080B586B000AFF860B9607A603B600023D0
:103DD0007B61FB68012B02D06FF0010385E0454B4E
:103DE000D3F8E030434A43F40023C2F8E030414BBB
:103DF000D3F8E03003F400233B613B6900237B618F
:103E00006EE03D4A7B694C2101FB03F31344012220
:103E10001A80394A7B694C2101FB03F313440233B6
:103E200000221A80344A7B694C2101FB03F31344BE
:103E30000433324A1A603B6898B22F4A7B694C219E
:103E400001FB03F313440A3302461A807B6898B2DD
:103E5000294A7B694C2101FB03F3134408330246D2
:103E60001A807B694C2202FB03F3234A1344184651
:103E70000FF0B6FDBB68224AA2FB03239B0998B250
:103E800020497A6913465B0013445B000B440233FC
:103E900002461A801B497A6913465B0013445B0093
:103EA0000B44043318221A8016497A6913465B00C2
:103EB00013445B000B4404221A807B694C2202FBF2
:103EC00003F30D4A98187A6913465B0013445B00AC
:103ED0000C4A134419460FF053FE7B6901337B6192
:103EE0007A697B689A428CD3002318461837BD46FE
:103EF00080BD00BF00440258804C0024489D807E55
:103F0000D34D6210184D002480B592B000AFF86018
:103F1000B9607A6000237B64FB68022B03D96FF0E1
:103F200001037B64B6E0FB68022B1FD0FB6898227C
:103F300002FB03F35A4A98185A49FA6813465B0081
:103F400013441B010B440C331B68DB087A68B2FB7B
:103F5000F3F39BB21A46B9680CF0C8F80346002B7D
:103F600000F098806FF003037B6493E04D49FA689A
:103F700013465B0013441B010B441433BA681A60E8
:103F80004849FA6813465B0013441B010B441C3379
:103F90007A681A60444B00221A60444B00221A606F
:103FA00020233B633B6B93FAA3F3FB62FB6A7B63C7
:103FB0007B6B002B01D1202303E07B6BB3FA83F3EF
:103FC000DBB2043B542202FB03F3394A9818202346
:103FD000FB63FB6B93FAA3F3BB63BB6B3B643B6C70
:103FE000002B01D1202303E03B6CB3FA83F3DBB257
:103FF000043B5B032F4A13444FF40062194603F05D
:104000001DFD0346002B03D06FF003037B6441E0EA
:104010001023BB61BB6993FAA3F37B617B69FB61EE
:10402000FB69002B01D1202303E0FB69B3FA83F382
:10403000DBB2043B542202FB03F31D4A9818102301
:104040007B627B6A93FAA3F33B623B6ABB62BB6A07
:10405000002B01D1202303E0BB6AB3FA83F3DBB268
:10406000043B5B03134A13444FF40062194603F008
:10407000E5FC0346002B03D06FF003037B6409E0EB
:104080000849FA6813465B0013441B010B442433B0
:1040900001221A607B6C18464837BD4680BD00BFC0
:1040A000B8080024E80900245C0C0024600C0024FB
:1040B00088060024800C002480B586B000AF7860AC
:1040C00039607B68002B02D13B68102B0BD07B68DA
:1040D000002B02D13B68002B05D07B68012B0ED151
:1040E0003B68102B0BD11A4A7B68982101FB03F324
:1040F000134484331B68184604F076FD24E07B6883
:10410000022B21D13B680F2B1ED93B68802B1BD87B
:104110003B683B613B6993FAA3F3FB60FB687B61FF
:104120007B69002B01D1202303E07B69B3FA83F381
:10413000DBB2043B074A542101FB03F31344283349
:104140001B68184604F050FD00BF1837BD4680BDFF
:10415000B80800248806002480B5AEB000AF7860AF
:10416000A74BD3F88830012B03D102200DF0AEF815
:104170003CE21023C7F8A830D7F8A83093FAA3F38D
:10418000C7F8A430D7F8A430C7F8AC30D7F8AC30B3
:10419000002B01D1202304E0D7F8AC30B3FA83F32D
:1041A000DBB2043B542202FB03F3964A13447A68C1
:1041B0009A421CD11023C7F89C30D7F89C3093FA50
:1041C000A3F3C7F89830D7F89830C7F8A030D7F8DD
:1041D000A030002B01D1202304E0D7F8A030B3FA9F
:1041E00083F3DBB2043B884A012142F823102023E9
:1041F000C7F89030D7F8903093FAA3F3C7F88C3013
:10420000D7F88C30C7F89430D7F89430002B01D110
:10421000202304E0D7F89430B3FA83F3DBB2043BF5
:10422000542202FB03F3774A13447A689A421CD162
:104230002023C7F88430D7F8843093FAA3F3C7F863
:104240008030D7F88030C7F88830D7F88830002B16
:1042500001D1202304E0D7F88830B3FA83F3DBB22E
:10426000043B694A012142F823101023BB67BB6F4E
:1042700093FAA3F37B677B6FFB67FB6F002B01D186
:10428000202303E0FB6FB3FA83F3DBB2043B5E4A07
:1042900052F82330012B40F088812023FB66FB6E0F
:1042A00093FAA3F3BB66BB6E3B673B6F002B01D158
:1042B000202303E03B6FB3FA83F3DBB2043B524AA3
:1042C00052F82330012B40F0708110237B637B6B0D
:1042D00093FAA3F33B633B6BBB63BB6B002B01D136
:1042E000202303E0BB6BB3FA83F3DBB2043B5B0335
:1042F00003F58053454A1344BB644FF480537B64F9
:104300007B6C002B1DDDBB6C03F01F027B6C134428
:104310003B64BB6CFB63BFF34F8F00BF3C4AFB6B3E
:10432000C2F85C32FB6B2033FB633B6C203B3B648D
:104330003B6C002BF2DCBFF34F8F00BFBFF36F8FDE
:1043400000BF00BF20233B653B6D93FAA3F3FB64E2
:10435000FB6C7B657B6D002B01D1202303E07B6D23
:10436000B3FA83F3DBB2043B5B0303F58053274AC4
:1043700013447B664FF480533B663B6E002B1DDD80
:104380007B6E03F01F023B6E1344FB657B6EBB65C7
:10439000BFF34F8F00BF1E4ABB6DC2F85C32BB6DCE
:1043A0002033BB65FB6D203BFB65FB6D002BF2DC16
:1043B000BFF34F8F00BFBFF36F8F00BF00BF4FF43D
:1043C0008063C7F8B43095E00D4B1B6F022B57D1BB
:1043D0000E4AD7F8B43052F82330002B00DAFF33FE
:1043E0001B12C7F8B030D7F8B03013F5004F11DB0F
:1043F000D7F8B03047F6FF729342A8BF13460AE0E1
:10440000E8090024880600243C4E0024800C002487
:1044100000ED00E0774BC7F8B030774B5A6F774B21
:104420001B685B001344D7F8B02092B21A80744A1C
:10443000D7F8B43003F5006352F82330002B00DACC
:10444000FF331B12C7F8B030D7F8B03013F5004F68
:1044500007DBD7F8B03047F6FF729342A8BF134688
:1044600000E0644BC7F8B030634B5A6F634B1B6876
:1044700001335B001344D7F8B02092B21A802FE0CA
:104480005F4AD7F8B43052F82330002B00DAFF33FC
:104490001B12C7F8B030D7F8B03013F5004F07DB68
:1044A000D7F8B03047F6FF729342A8BF134600E03A
:1044B000504BC7F8B030504B5A6F504B1B685B00E5
:1044C0001344D7F8B02092B21A804B4B5A6F4B4B23
:1044D0001B6801335B001344D7F8B02092B21A80F6
:1044E000464B1B680233454A1360D7F8B43001339A
:1044F000C7F8B430D7F8B430B3F5006FFFF464AF49
:104500003D4B5A6F3C4BDB6F5B007A613B613B6913
:10451000002B1DDD7B6903F01F023B691344FB6028
:104520007B69BB60BFF34F8F00BF364ABB68C2F8E0
:104530006832BB682033BB60FB68203BFB60FB68D4
:10454000002BF2DCBFF34F8F00BFBFF36F8F00BFB4
:1045500000BF1023FB61FB6993FAA3F3BB61BB6946
:104560003B623B6A002B01D1202303E03B6AB3FA94
:1045700083F3DBB2043B244A002142F823102023BA
:10458000BB62BB6A93FAA3F37B627B6AFB62FB6A42
:10459000002B01D1202303E0FB6AB3FA83F3DBB2E3
:1045A000043B194A002142F82310134BDB6F9A0891
:1045B000124B1B689A4209D1144B1B68002B05D182
:1045C000124B01221A6002200CF0FEFD0A4BDB6F39
:1045D0005A080A4B1B689A4208D1084B00221A60FD
:1045E0000A4B00221A6002200CF070FE00BFB837A0
:1045F000BD4680BD0080FFFFE80900245C0C00245C
:10460000800C002400ED00E03C4E0024600C0024EF
:1046100080B5AEB000AF7860A54BD3F88830012BE1
:1046200003D102200CF0D0FD38E21023C7F8A830E7
:10463000D7F8A83093FAA3F3C7F8A430D7F8A4307A
:10464000C7F8AC30D7F8AC30002B01D1202304E000
:10465000D7F8AC30B3FA83F3DBB2043B542202FB4D
:1046600003F3944A13447A689A421CD11023C7F882
:104670009C30D7F89C3093FAA3F3C7F89830D7F85A
:104680009830C7F8A030D7F8A030002B01D12023F4
:1046900004E0D7F8A030B3FA83F3DBB2043B864AD8
:1046A000012142F823102023C7F89030D7F890302A
:1046B00093FAA3F3C7F88C30D7F88C30C7F894304E
:1046C000D7F89430002B01D1202304E0D7F89430A0
:1046D000B3FA83F3DBB2043B542202FB03F3754AC3
:1046E00013447A689A421CD12023C7F88430D7F843
:1046F000843093FAA3F3C7F88030D7F88030C7F836
:104700008830D7F88830002B01D1202304E0D7F877
:104710008830B3FA83F3DBB2043B674A012142F8E5
:1047200023101023BB67BB6F93FAA3F37B677B6FE8
:10473000FB67FB6F002B01D1202303E0FB6FB3FA73
:1047400083F3DBB2043B5C4A52F82330012B40F088
:1047500084812023FB66FB6E93FAA3F3BB66BB6EDA
:104760003B673B6F002B01D1202303E03B6FB3FA83
:1047700083F3DBB2043B504A52F82330012B40F064
:104780006C8110237B637B6B93FAA3F33B633B6BDE
:10479000BB63BB6B002B01D1202303E0BB6BB3FADF
:1047A00083F3DBB2043B5B03444A1344BB644FF422
:1047B00080537B647B6C002B1DDDBB6C03F01F0200
:1047C0007B6C13443B64BB6CFB63BFF34F8F00BF38
:1047D0003B4AFB6BC2F85C32FB6B2033FB633B6CE8
:1047E000203B3B643B6C002BF2DCBFF34F8F00BFE0
:1047F000BFF36F8F00BF00BF20233B653B6D93FA73
:10480000A3F3FB64FB6C7B657B6D002B01D1202344
:1048100003E07B6DB3FA83F3DBB2043B5B03274A0F
:1048200013447B664FF480533B663B6E002B1DDDCB
:104830007B6E03F01F023B6E1344FB657B6EBB6512
:10484000BFF34F8F00BF1E4ABB6DC2F85C32BB6D19
:104850002033BB65FB6D203BFB65FB6D002BF2DC61
:10486000BFF34F8F00BFBFF36F8F00BF00BF0023A8
:10487000C7F8B43096E00E4B1B6F022B58D10F4A8D
:10488000D7F8B43052F82330002B00DAFF331B1274
:10489000C7F8B030D7F8B03013F5004F12DBD7F8B7
:1048A000B03047F6FF729342A8BF13460BE000BF3B
:1048B000E8090024880600244C4E0024800C0024C3
:1048C00000ED00E0774BC7F8B030774B5A6F774B6D
:1048D0001B685B001344D7F8B02092B21A80744A68
:1048E000D7F8B43003F5006352F82330002B00DA18
:1048F000FF331B12C7F8B030D7F8B03013F5004FB4
:1049000007DBD7F8B03047F6FF729342A8BF1346D3
:1049100000E0644BC7F8B030634B5A6F634B1B68C1
:1049200001335B001344D7F8B02092B21A802FE015
:104930005F4AD7F8B43052F82330002B00DAFF3347
:104940001B12C7F8B030D7F8B03013F5004F07DBB3
:10495000D7F8B03047F6FF729342A8BF134600E085
:10496000504BC7F8B030504B5A6F504B1B685B0030
:104970001344D7F8B02092B21A804B4B5A6F4B4B6E
:104980001B6801335B001344D7F8B02092B21A8041
:10499000464B1B680233454A1360D7F8B4300133E5
:1049A000C7F8B430D7F8B430B3F5806FFFF463AF15
:1049B0003D4B5A6F3C4BDB6F5B007A613B613B695F
:1049C000002B1DDD7B6903F01F023B691344FB6074
:1049D0007B69BB60BFF34F8F00BF364ABB68C2F82C
:1049E0006832BB682033BB60FB68203BFB60FB6820
:1049F000002BF2DCBFF34F8F00BFBFF36F8F00BF00
:104A000000BF1023FB61FB6993FAA3F3BB61BB6991
:104A10003B623B6A002B01D1202303E03B6AB3FADF
:104A200083F3DBB2043B244A002142F82310202305
:104A3000BB62BB6A93FAA3F37B627B6AFB62FB6A8D
:104A4000002B01D1202303E0FB6AB3FA83F3DBB22E
:104A5000043B194A002142F82310134BDB6F9A08DC
:104A6000124B1B689A4209D1144B1B68002B05D1CD
:104A7000124B01221A6002200CF0A6FB0A4BDB6FDE
:104A80005A080A4B1B689A4208D1084B00221A6048
:104A90000A4B00221A6002200CF018FC00BFB83745
:104AA000BD4680BD0080FFFFE80900245C0C0024A7
:104AB000800C002400ED00E04C4E0024600C00242B
:104AC00080B582B000AF786000200CF07DFB00BFA5
:104AD0000837BD4680BD80B582B000AF7860002049
:104AE0000CF0F4FB00BF0837BD4680BD80B483B036
:104AF00000AF786000BF0C37BD465DF8047B70479F
:104B000080B58EB000AF78600223BB620023FB62E9
:104B100003233B63494BD3F8F030484A43F08043CA
:104B2000C2F8F030454BD3F8F03003F080433B62DD
:104B30003B6A424BD3F8E030404A43F01003C2F8DE
:104B4000E0303E4BD3F8E03003F01003FB61FB692B
:104B50003A4BD3F8E030394A43F01003C2F8E03062
:104B6000364BD3F8E03003F01003BB61BB69334B25
:104B7000D3F8E030314A43F01003C2F8E0302F4B55
:104B8000D3F8E03003F010037B617B692B4BD3F843
:104B9000E0302A4A43F02003C2F8E030274BD3F834
:104BA000E03003F020033B613B69244BD3F8E03055
:104BB000224A43F02003C2F8E030204BD3F8E03023
:104BC00003F02003FB60FB684FF400737B62032358
:104BD0007B6307F124031946194805F05DFE802325
:104BE0007B6203237B6307F124031946144805F015
:104BF00053FE80237B6203237B6307F12403194662
:104C00000F4805F049FE4FF400537B6203237B639A
:104C100007F1240319460B4805F03EFE4FF40053FC
:104C20007B6203237B6307F124031946054805F0E3
:104C300033FE00BF3837BD4680BD00BF0044025878
:104C4000001002580014025890B5A1B000AF78606F
:104C500007F1380300221A605A609A60DA605E4AEF
:104C600007F1300392E8030083E803005B4B07F190
:104C700020040FCB84E80F00594B07F110040FCB31
:104C800084E80F00574BD3F8F030564A43F0804386
:104C9000C2F8F030534BD3F8F03003F08043FB60A0
:104CA000FB68504BD3F8D8304E4A43F00203C2F8A9
:104CB000D8304C4BD3F8D83003F00203BB60BB684C
:104CC0000023FB6788E110233B673B6F93FAA3F354
:104CD000FB66FB6E7B677B6F002B01D1202303E01B
:104CE0007B6FB3FA83F3DBB2043B9B0080333B441E
:104CF00053F8483C012B0FD03B4B5B6E03F0100385
:104D0000002B09D00023BB67BB6F9B0080333B4463
:104D1000012243F8482C86E020237B667B6E93FAC1
:104D2000A3F33B663B6EBB66BB6E002B01D1202319
:104D300003E0BB6EB3FA83F3DBB2043B9B0080332A
:104D40003B4453F8483C012B0FD0274B5B6E03F0DC
:104D50002003002B09D00123BB67BB6F9B0080336E
:104D60003B44012243F8482C5DE04023BB65BB6D0A
:104D700093FAA3F37B657B6DFB65FB6D002B01D183
:104D8000202303E0FB6DB3FA83F3DBB2043B9B000B
:104D900080333B4453F8483C012B0FD0124B5B6EE1
:104DA00003F04003002B09D00223BB67BB6F9B00BD
:104DB00080333B44012243F8482C34E08023FB64D9
:104DC000FB6C93FAA3F3BB64BB6C3B653B6D002BA0
:104DD0000CD120230EE000BFD8550108E055010892
:104DE000F055010800440258E80900243B6DB3FA6D
:104DF00083F3DBB2043B9B0080333B4453F8483CD5
:104E0000012B00F0ED80784B5B6E03F08003002BEC
:104E100000F0E6800323BB67BB6F9B0080333B44FD
:104E2000012243F8482CBB6F9B0080333B4453F86E
:104E3000701C6E48BA6F13461B019B1ADB000344BB
:104E400004331960BB6F9B0080333B4453F8601CF4
:104E50006648BA6F13461B019B1ADB0003441960B6
:104E60006249BA6F13461B019B1ADB000B440833DF
:104E700000221A605D49BA6F13461B019B1ADB00C2
:104E80000B440C3300221A605849BA6F13461B01B9
:104E90009B1ADB000B4410334FF480621A605349B5
:104EA000BA6F13461B019B1ADB000B4414334FF4FB
:104EB00080521A604D49BA6F13461B019B1ADB00E2
:104EC0000B4418334FF480421A604849BA6F1346B6
:104ED0001B019B1ADB000B441C334FF480721A60D9
:104EE0004249BA6F13461B019B1ADB000B44203367
:104EF0004FF400321A603D49BA6F13461B019B1AEA
:104F0000DB000B44243300221A603849BA6F134681
:104F10001B019B1ADB000B442C3300221A6033491F
:104F2000BA6F13461B019B1ADB000B44303300227F
:104F30001A602E49BA6F13461B019B1ADB000B4403
:104F4000353300221A70BA6F13461B019B1ADB001F
:104F5000264A1A442649BB6F542000FB03F30B4436
:104F600028331A60BB6F542202FB03F3204A9918BE
:104F70001E48BA6F13461B019B1ADB0003443833EB
:104F800019601A49BA6F13461B019B1ADB000B44C8
:104F9000353300221A70BA6F13461B019B1ADB00CF
:104FA000124A1344184602F0A7FEBB6F5B00803321
:104FB0003B4433F9503C00220F21184602F08FFA8F
:104FC000BB6F5B0080333B4433F9503C184602F022
:104FD000A0FAFB6F0133FB67FB6F032B7FF673AE09
:104FE00000BF8437BD4690BDE80900247C0A002438
:104FF0008806002480B584B000AF786039603968D5
:10500000786800F007F80346FB73FB7B18461037FF
:10501000BD4680BD80B5B0B000AF78603960002378
:1050200087F8BF301C4B1B78002B2FD107F10803EA
:10503000B4220021184610F01BF84FF4A063BB60A7
:105040001923FB604FF4AC733B6107237B610223A0
:10505000BB610223FB6100233B6220237B620023B0
:10506000BB620123FB654FF40013C7F8A83007F1BA
:105070000803184608F052FB034687F8BF3097F83C
:10508000BF30002B02D1044B01221A7097F8BF30B9
:105090001846C037BD4680BD5C4E002480B582B046
:1050A00000AF00237B60164B164A1A60164B1B6834
:1050B0005A1C15490A60002B1DD1114806F0B2F99F
:1050C0000346002B17D10E4800F094FB7B68002BA1
:1050D00011D108F00DFB03460C49184600F014F9F5
:1050E00003461946064800F03BF80346002B02D061
:1050F0006FF007037B607B6818460837BD4680BDAC
:10510000604E0024001C0058AC4E0024A086010014
:1051100080B582B000AF00237B600F4B1B68002B73
:1051200014D00D4B1B68013B0B4A13600A4B1B68E4
:10513000002B0BD1094800F0C3FB084805F000FF25
:105140000346002B02D06FF007037B607B68184694
:105150000837BD4680BD00BFAC4E0024604E002421
:1051600080B584B000AF786039600023FB737B6842
:105170003A685A607B6800229A607B680122DA6094
:105180007B6800221A617B6800225A617B680022DA
:105190009A617B680022DA617B6800221A62786873
:1051A00005F03EFE0346002B02D00123FB7314E002
:1051B0000023BB60B968786806F06AFB0346002BE1
:1051C00002D00123FB7308E00021786806F0ABFBF6
:1051D0000346002B01D00123FB73FB7B18461037DD
:1051E000BD4680BD80B588B002AFBA601A4603469E
:1051F000FB810B46BB811346FB80B989F889FB888C
:105200000093BB68012200F0A5FB0346002B02D1EE
:1052100000237B610CE0094806F012F90346042BD9
:1052200003D16FF065037B6102E06FF003037B61E4
:105230007B6918461837BD4680BD00BF604E00240C
:1052400080B588B002AFBA601A460346FB810B46B0
:10525000BB811346FB80B989F889FB880093BB6842
:10526000022200F051FB0346002B02D100237B6198
:105270000CE0094806F0E4F80346042B03D16FF074
:1052800065037B6102E06FF003037B617B69184675
:105290001837BD4680BD00BF604E002480B588B081
:1052A00002AFBA601A460346FB810B46BB81134628
:1052B000FB80B989F889FB880093BB68022200F063
:1052C00049FB0346002B02D100237B610CE0094817
:1052D00006F0B6F80346042B03D16FF065037B613B
:1052E00002E06FF003037B617B6918461837BD4607
:1052F00080BD00BF604E002480B500AF01F0D4FF38
:105300000346184680BD000080B586B000AF7860C7
:10531000396000237B617B68002B6BD03B68002BDE
:1053200068D000233B6160E0354A3B692C2101FBDA
:1053300003F3134404331B683A689A4252D3304A49
:105340003B692C2101FB03F3134408331B683A68C3
:105350009A4247D83969786800F056F83969786810
:1053600000F040F9F860FB687F2B42D82549FA68C5
:1053700013469B0013449B000B441B6819072148EC
:10538000FA6813469B0013449B00034404331B68D4
:105390001B0503F4700319431A48FA6813469B006F
:1053A00013449B00034408331B681B0403F470235D
:1053B00019431448FA6813469B0013449B000344A6
:1053C0000C331B681B029BB219430E48FA68134644
:1053D0009B0013449B00034410331B68DBB20B4358
:1053E0007B6106E03B6901333B613B69022B9BD942
:1053F00000E000BF7B6918461837BD4680BD00BF7E
:10540000DC560108B04E002480B48FB000AF786045
:10541000396010237B637B685A086E4B13447A68AB
:10542000B3FBF2F3FB613223BB614FF482737B6108
:10543000694A3B682C2101FB03F3134424331B68A6
:105440001846654A3B682C2101FB03F313440C33D7
:105450001B68C218BB69D21A5F493B682C2000FB4D
:1054600003F30B4428331B680333F96901FB03F38F
:10547000D31A3B63584A3B682C2101FB03F31344C6
:1054800010331B681846544A3B682C2101FB03F378
:10549000134420331B68C21A7B69D21A4E493B68F9
:1054A0002C2000FB03F30B4428331B680433F969F9
:1054B00001FB03F3D31AFB62474A3B682C2101FB33
:1054C00003F3134420331B681846434A3B682C21DE
:1054D00001FB03F3134414331B6803443B613B6B30
:1054E000002B01DC00233B63FB6A002B01DC002363
:1054F000FB620023BB6262E000237B6259E07B6AAF
:105500000133BA6A013203FB02F2FB6902FB03F3C7
:10551000FB603B69FA689A4248D300233B6242E051
:10552000BB6A01333A6A03FB02F2FB6902FB03F335
:10553000BB603B6BBA689A4232D3FB6ABA689A4244
:105540002ED8BA6A7B6B9A422AD0244B1A68244917
:1055500013469B0013449B000B44BA6A1A601F4B0E
:105560001A681F4913469B0013449B000B440433E5
:105570007A6A1A60194B1A68194913469B0013443A
:105580009B000B4408333A6A1A60BB6A7B63134B77
:105590001B680133114A1360104B1B687F2B12D814
:1055A0003B6A01333B623B6A0F2BB9D97B6A0133FB
:1055B0007B627B6A0F2BA2D9BB6A0133BB62BB6AD9
:1055C0000F2B99D900E000BF3C37BD465DF8047B46
:1055D000704700BF00CA9A3BDC560108B05800244F
:1055E000B04E002480B493B000AF786039604FF0C3
:1055F000FF337B647B685A087A4B13447A68B3FBA9
:10560000F2F3FB62784A3B682C2101FB03F313445D
:105610001B685A08734B134473493A682C2000FBEB
:1056200002F20A441268B3FBF2F3BB6232237B62DC
:105630006D4A3B682C2101FB03F3134428331A689D
:10564000FB6A02FB03F33B62674A3B682C2101FBC8
:1056500003F3134404331B68624AB2FBF3F3FB61A8
:10566000614A3B682C2101FB03F3134408331B6898
:105670005C4AB2FBF3F3BB61BB6A3B6400237B6310
:10568000A3E05A497A6B13469B0013449B000B44DA
:105690001B685A1CFB6A02FB03F37B610023FB635C
:1056A0008CE07A6A3B6A1A44FB6B0133796903FB2D
:1056B00001F1FB6A5B000B4413443B614A4A3B68BF
:1056C0002C2101FB03F3134418331B683A699A42F7
:1056D00071D93A697B6AD21A3B6AD31A9B08FA6A73
:1056E0009A4268D20023BB6362E07A6A3B6A1A443A
:1056F000BB6B0133796903FB01F1FB6A5B000B446F
:105700001344FB603A69FB681A4437493B682C2014
:1057100000FB03F30B4420331B681A4432493B68F7
:105720002C2000FB03F30B4424331B681344BB60A1
:10573000BA68BB699A4238D3BA68FB699A4234D8CE
:10574000294A3B682C2101FB03F313441C331B68DB
:10575000FA689A4229D3FA6AFB689A4225D2BA6853
:10576000BB6AD31A3B633B6B002B02DA3B6B5B4299
:105770003B633B6B3A6C9A4217D93B6B3B641B49CA
:105780007A6B13469B0013449B000B441033FA6B57
:105790001A6016497A6B13469B0013449B000B4416
:1057A0000C33BA6B1A607B6B7B64BB6B0133BB63DE
:1057B000BB6BFF2B99D9FB6B0133FB63FB6BFF2B9F
:1057C0007FF66FAF7B6B01337B63094B1B687A6B92
:1057D0009A42FFF456AF7B6C18464C37BD465DF8D5
:1057E000047B704700CA9A3BDC560108B04E002487
:1057F000B058002480B58AB000AF78602E4BD3F843
:10580000E0302D4A43F02003C2F8E0302A4BD3F8B1
:10581000E03003F020033B613B69274BD3F8E030D5
:10582000254A43F02003C2F8E030234BD3F8E030A0
:1058300003F02003FB60FB684FF480437B6112237D
:10584000BB610123FB6102233B6204237B6207F1FE
:1058500014031946194805F01FF84FF400437B6103
:1058600004237B6207F114031946144805F014F869
:10587000114BD3F8F430104A43F08003C2F8F430EF
:105880000D4BD3F8F43003F08003BB60BB680A4BC8
:10589000D3F89C30084A43F08003C2F89C30064B92
:1058A000D3F89C30044A23F08003C2F89C3000BF38
:1058B0002837BD4680BD00BF00440258001402587E
:1058C00080B588B000AF78604FF48043FB60FB6820
:1058D00019460B4805F088F94FF40043FB60FB685C
:1058E0001946074805F080F9064BD3F8F430054A0D
:1058F00023F08003C2F8F43000BF2037BD4680BDDE
:10590000001402580044025880B588B004AF7B6090
:105910000346FB810B46BB8113467B817889BA899C
:10592000F9894FF47A7302933B8B01937B68009360
:105930000346074805F048FB0346002B01D100232E
:1059400001E06FF0070318461037BD4680BD00BF69
:10595000604E002480B588B004AF7B600346FB81B5
:105960000B46BB8113467B817889BA89F9894FF44C
:105970007A7302933B8B01937B680093034607483D
:1059800005F036FC0346002B01D1002301E06FF047
:10599000070318461037BD4680BD00BF604E002487
:1059A00080B584B002AF786039604FF4887300939B
:1059B0004FF4F07301223968786800F005F8034667
:1059C00018460837BD4680BD80B59EB000AFF86070
:1059D000B9607A603B6000237B67BB68012B02D80B
:1059E000FB68002B03D06FF001037B67CFE07B687F
:1059F000022B05D102233B67674B02221A6005E0A8
:105A000000233B67644B04221A6000BF6349FA68B5
:105A100013465B001344DB000B440C337A681A60B6
:105A20005E49FA6813465B001344DB000B443A6896
:105A30001A605A49FA6813465B001344DB000B44B2
:105A40000433D7F880201A60554B564A1A60564BDB
:105A5000564A1A60524800F085FD00224FF400516A
:105A6000534805F0C3F901224FF48061514805F015
:105A7000BDF901224FF400414F4805F0B7F94A48FB
:105A800000F0C2FE4D4B3B634D4B3B6470233B87A4
:105A900007F1300207F1480311461846FAF738FCBF
:105AA0000346002B03DA6FF006037B672AE007F159
:105AB000480344491846FAF76DFC0346002B03DA05
:105AC0006FF006037B671DE03E4B1B68512B03D034
:105AD0006FF006037B6715E0314800F003F90346D9
:105AE000002B03D06FF003037B670BE0D7F8802017
:105AF00039682B4800F068F80346002B02D06FF09D
:105B000003037B677B6F002B41D101233B7501238E
:105B10007B750323BB7507F114031946002000F0C1
:105B2000A1FE0346002B03D04FF0FF337B672EE02E
:105B3000002000F08BFF0346002B03D06FF003031F
:105B40007B6724E00023BB613B68FB6100233B6271
:105B5000D7F880307B623B6FBB624FF0E043FB6263
:105B600007F118031A4600210D4800F079F80346A2
:105B7000002B02D06FF003037B670849FA681346D5
:105B80005B001344DB000B44143301221A607B6F6B
:105B900018467837BD4680BDB4580024C859002443
:105BA0002059002400100050B85800240010005262
:105BB00000100258000C0258001802589D500008AE
:105BC000E5510008E059002480B584B000AFF860CA
:105BD000B9607A60FB68214A1A60FB6800225A604B
:105BE000FB6800229A60FB680022DA60FB680022F2
:105BF0001A61FB6828225A61FB682A22DA61BB68B5
:105C000003F13502FB685A62BB6803F14A02FB6884
:105C1000DA62FB6809229A61FB680B221A627B68D0
:105C200003F10B02FB689A627B6803F10D02FB68CB
:105C30001A63FB68FF2283F83420FB68FF2283F895
:105C40003520FB68FF2283F83620F86805F0B8FE9F
:105C5000034618461037BD4680BD00BF00100050F7
:105C600080B592B000AFF860B9607A607B681B685D
:105C70007B617B685B68BB617B689B68FB617B6861
:105C8000DB683B627B681B697B62FF23BB6200238E
:105C9000FB624FF4C0633B6307237B637B685B69F4
:105CA000BB637B685A687B681B68D31AFB637B689D
:105CB000DA687B689B68D31A3B64002387F844301A
:105CC000002387F84530002387F8463007F1140396
:105CD000BA681946F86805F04DFF0346184648377C
:105CE000BD4680BD80B5B0B000AF78604FF00053C6
:105CF000FB6005233B63A0237B630223BB6302237A
:105D0000FB6353233B640023FB640023BB64002339
:105D10007B6407F10C03184607F000FD03461846A4
:105D2000C037BD4680BD000080B485B000AF78604C
:105D300039600023FB607B68002B03D06FF0010308
:105D4000FB600AE008497A6813465B001344DB00F5
:105D50000B440C331A683B681A60FB68184614370A
:105D6000BD465DF8047B7047C859002480B485B0F7
:105D700000AF786039600023FB607B68002B03D0A4
:105D80006FF00103FB6009E008497A6813465B0085
:105D90001344DB000B4408333A681A60FB6818466A
:105DA0001437BD465DF8047B704700BFC859002416
:105DB00080B485B000AF786039600023FB607B68F9
:105DC000002B03D06FF00103FB6009E008497A68FB
:105DD00013465B001344DB000B441A683B681A60EF
:105DE000FB6818461437BD465DF8047B704700BF5A
:105DF000C859002480B485B000AF786039600023B2
:105E0000FB607B68002B03D06FF00103FB600AE0AE
:105E100008497A6813465B001344DB000B440433E3
:105E20001A683B681A60FB6818461437BD465DF86F
:105E3000047B7047C859002480B58EB002AFF8606B
:105E4000B9607A603B600023FB613B680A331B78D2
:105E50001A463B680B331B781B021A443B680C3311
:105E60001B781B041A443B680D331B781B06134434
:105E7000FB623B6812331B781A463B6813331B786E
:105E80001B021A443B6814331B781B041A443B68FA
:105E900015331B781B061344BB613B6816331B7814
:105EA0001A463B6817331B781B021A443B681833A9
:105EB0001B781B041A443B6819331B781B061344D8
:105EC0007B613B681C331B781A463B681D331B788B
:105ED0001B0213443B613849FA6813465B001344C4
:105EE000DB000B4408331B68344A342101FB03F305
:105EF00013445C3319683048FA6813465B00134456
:105F0000DB0003441B687A6803FB02F2BB6813449E
:105F10002B4A126802FB03F30B44BB623B69203B34
:105F2000072B02D800237B6208E03B69103B072B5C
:105F300002D802237B6201E001237B627B69013B83
:105F4000BA6902FB03F33A69D20803FB02F2FB6A67
:105F500013443A6813443B620023FB6222E0BA6AAE
:105F60007B6A0093BB69396AF86800F0A3FA1249AA
:105F7000FA6813465B001344DB000B441B68104AAD
:105F8000126802FB03F3BA6A1344BB623B69DB0885
:105F9000BA6902FB03F35B423A6A13443B62FB6A51
:105FA0000133FB62FA6A7B699A42D8D3FB691846CF
:105FB0003037BD4680BD00BFC85900242059002499
:105FC000B458002480B588B000AFF860B9607A603A
:105FD0003B600023FB612EE00023BB6124E03B68B3
:105FE0001B781A463B6801331B781B021A433B6837
:105FF00002331B781B041A433B6803331B781B06D0
:1060000013437B61BA68BB69D1187A68FB691A448B
:106010007B69F86800F076F90B4B1B683A6813440B
:106020003B60BB690133BB61BA69BB6A9A42D6D394
:10603000FB690133FB61FA69FB6A9A42CCD3002306
:1060400018462037BD4680BDB458002480B58AB0BC
:1060500004AFF860B9607A603B601E49FA68134685
:106060005B001344DB000B4408331B681A4A3421DD
:1060700001FB03F313445C3319681648FA681346AE
:106080005B001344DB0003441B687A6803FB02F2E5
:10609000BB681344114A126802FB03F30B447B6193
:1060A0000C49FA6813465B001344DB000B440833C9
:1060B00019687A693B6A02930023019301230093D4
:1060C0003B68F86800F088F9002318461837BD4689
:1060D00080BD00BFC859002420590024B4580024B2
:1060E00090B58BB004AFF860B9607A603B6022492C
:1060F000FA6813465B001344DB000B4408331B684B
:106100001E4A342101FB03F313445C3319681A4817
:10611000FA6813465B001344DB0003441B687A688B
:1061200003FB02F2BB681344154A126802FB03F337
:106130000B447B611049FA6813465B001344DB0093
:106140000B440833196878690B4CFA6813465B00F6
:106150001344DB0023441B68013BBA6A029201939B
:106160003B68009301230246F86800F035F90023EC
:1061700018461C37BD4690BDC8590024205900243C
:10618000B458002490B58BB004AFF860B9607A6061
:106190003B602349FA6813465B001344DB000B4461
:1061A00008331B681F4A342101FB03F313445C339B
:1061B00019681B48FA6813465B001344DB0003446C
:1061C0001B687A6803FB02F2BB681344164A126824
:1061D00002FB03F30B447B611149FA6813465B0031
:1061E0001344DB000B440833196878690C4CFA68D7
:1061F00013465B001344DB0023441A683B68D31A40
:10620000FA6A02920193BB6A00933B680246F868FF
:1062100000F0E2F8002318461C37BD4690BD00BFD1
:10622000C859002420590024B458002480B485B0F3
:1062300000AFF860B9607A603B603049FA68134695
:106240005B001344DB000B4408331B682C4A3421E9
:1062500001FB03F3134448331B68002B22D1274969
:10626000FA6813465B001344DB000B4408331B68D9
:10627000234A342101FB03F313445C3319681F489C
:10628000FA6813465B001344DB0003441B687A681A
:1062900003FB02F2BB6813449B000B441A683B6883
:1062A0001A6023E01549FA6813465B001344DB00CB
:1062B0000B4408331B68124A342101FB03F31344D7
:1062C0005C3319680D48FA6813465B001344DB0021
:1062D00003441B687A6803FB02F2BB6813445B004B
:1062E0000B441B889BB21A463B681A600023184671
:1062F0001437BD465DF8047B704700BFC8590024C1
:106300002059002480B485B000AFF860B9607A608D
:106310003B602F49FA6813465B001344DB000B44D3
:1063200008331B682B4A342101FB03F31344483321
:106330001B68002B22D12649FA6813465B001344E0
:10634000DB000B4408331B68224A342101FB03F3B2
:1063500013445C3319681E48FA6813465B00134403
:10636000DB0003441B687A6803FB02F2BB6813443A
:106370009B000B441A463B68136021E01449FA68FD
:1063800013465B001344DB000B4408331B68114ABF
:10639000342101FB03F313445C3319680C48FA6899
:1063A00013465B001344DB0003441B687A6803FB5D
:1063B00002F2BB6813445B000B443A6892B21A8045
:1063C000002318461437BD465DF8047B704700BFB4
:1063D000C85900242059002480B588B002AFF86065
:1063E000B9607A603B60BB6A3B612F49FA6813462B
:1063F0005B001344DB000B440C331B68022B29D1D8
:1064000002237B61BB6ADB0A03F01F0213461B01F8
:1064100013445A01D31A17339B091904BB6A5B0949
:1064200003F03F021346DB0113445B0013442133A6
:106430009B091B021943BB6A03F01F0213461B0191
:1064400013445A01D31A17339B090B4343F07F437C
:106450003B6102E000237B6100BF144B4FF44032EC
:106460005A60124A7B699360104A7B6AD3600F4B73
:106470000F4A1A600D4803F0D5FE0346002B0ED1DB
:106480007A683B6A00933B683969084803F038FF33
:106490000346002B03D13221044803F05CFF00BF08
:1064A0001837BD4680BD00BFC8590024B858002425
:1064B0000010005280B588B002AFF860B9607A6011
:1064C0003B602549FA6813465B001344DB000B442C
:1064D0000C331B68022B02D102237B6102E00023F4
:1064E0007B6100BF1D4B4FF480325A601B4A7B69B1
:1064F00093601A4B0022DA60184B0022DA64174BC3
:10650000FF221A65154A3B6A9364144B00225A64B1
:10651000124B134A1A60114803F084FE0346002B05
:1065200015D101210D4803F0FFFF0346002B0ED1CA
:10653000B9687A68012300933B68084803F0E0FEDD
:106540000346002B03D11921044803F004FF00BFC8
:106550001837BD4680BD00BFC8590024B858002474
:106560000010005280B592B000AF78607B681B6865
:106570009C4A934240F0E1809B4BD3F8E4309A4A26
:1065800043F00803C2F8E430974BD3F8E43003F04B
:1065900008033B633B6B944BD3F8E030924A43F0E3
:1065A0000103C2F8E030904BD3F8E03003F0010370
:1065B000FB62FB6A8C4BD3F8E0308B4A43F002035A
:1065C000C2F8E030884BD3F8E03003F00203BB623E
:1065D000BB6A854BD3F8E030834A43F00403C2F82A
:1065E000E030814BD3F8E03003F004037B627B6A38
:1065F0007D4BD3F8E0307C4A43F00803C2F8E0302A
:10660000794BD3F8E03003F008033B623B6A764BEA
:10661000D3F8E030744A43F01003C2F8E030724B14
:10662000D3F8E03003F01003FB61FB696E4BD3F845
:10663000E0306D4A43F04003C2F8E0306A4BD3F8D3
:10664000E03003F04003BB61BB69674BD3F8E03037
:10665000654A43F08003C2F8E030634BD3F8E03082
:1066600003F080037B617B690223BB630023FB6330
:1066700002233B640E237B6458237B6307F13403BE
:1066800019465A4804F008F940F203337B6307F1D6
:1066900034031946564804F0FFF8C0237B6307F122
:1066A00034031946534804F0F7F849237B6307F194
:1066B00034031946504804F0EFF849F603037B63AE
:1066C00007F1340319464D4804F0E6F84FF48143CE
:1066D0007B6307F134031946494804F0DDF848F6B6
:1066E00008737B6307F134031946464804F0D4F875
:1066F0000D237B644FF480737B6307F134031946E9
:106700003A4804F0C9F809237B6410237B6307F13E
:10671000340319463B4804F0BFF8334BD3F88C30B0
:10672000314A43F00803C2F88C302F4BD3F88C3039
:106730002D4A23F00803C2F88C302B4BD3F8E030FD
:10674000294A43F00803C2F8E030274BD3F8E03081
:1067500003F008033B613B69234BD3F8E030224A46
:1067600043F04003C2F8E0301F4BD3F8E03003F0B1
:106770004003FB60FB681C4BD3F8E0301A4A43F03F
:106780001003C2F8E030184BD3F8E03003F01003E8
:10679000BB60BB684FF400537B630123BB6307F10D
:1067A00034031946154804F077F84FF480637B638F
:1067B0000123BB6307F1340319460F4804F06CF85A
:1067C0004FF400437B630123BB6307F13403194695
:1067D0000B4804F061F8282000F072FD00BF483734
:1067E000BD4680BD00100050004402580000025811
:1067F0000004025800080258000C02580010025809
:1068000000180258001C025880B485B000AF7860B0
:106810007B681B68114A93421AD1114BD3F8D430CC
:106820000F4A43F01003C2F8D4300D4BD3F8D430E4
:1068300003F01003FB60FB68094BDB6F084A43F071
:106840001003D367064BDB6F054A23F01003D367B1
:1068500000BF1437BD465DF8047B7047001000523E
:106860000044025880B58AB000AF786039607B6818
:10687000002B03D06FF001037B6260E0324A7B683B
:1068800012F83330002B58D17A6813465B0013445A
:106890005B012E4A1344184600F064FA0223FB60A1
:1068A0004FF08073FB61FB6993FAA3F3BB61BB6993
:1068B0003B623B6A002B01D1202303E03B6AB3FA21
:1068C00083F3DBB2BB6000233B617A6813465B0055
:1068D00013445B011D4A1344184600F039F803467F
:1068E000002B03D06FF003037B6228E07A68134625
:1068F0005B0013445B01154A134407F1080211467B
:10690000184600F049F80346002B03D06FF003034C
:106910007B6214E03B6819783B685A783B689B7847
:10692000786800F0BFF80346002B03D06FF0040333
:106930007B6204E000237B6201E000237B627B6AD0
:1069400018462837BD4680BD60040024E459002461
:1069500080B5B0B000AF78604FF00073FB602023CB
:106960007B6505233B6150237B610523BB610223CB
:10697000FB6102233B620023FB620023BB62002316
:106980007B6207F10C03184606F0C8FE0346184662
:10699000C037BD4680BD000080B588B000AF7860CC
:1069A00039607B68284A1A60786805F071FC7B685A
:1069B00004225A607B6800229A607B684FF08062F4
:1069C000DA603B681A687B681A617B6804225A6146
:1069D0007B6800229A617B680022DA617B68002272
:1069E0001A623B685A687B685A623B689A687B689F
:1069F0009A627B684FF08052DA627B684FF4C8720B
:106A00001A647B6817221A63786805F077FB0346DF
:106A1000FB77FB7F002B11D10323FB6006233B6137
:106A200000237B610123BB6107F10C0341F2883233
:106A30001946786805F05DFC0346FB77FB7F184636
:106A40002037BD4680BD00BF00A0005280B584B095
:106A500000AF78600023FB607B68002B03D06FF0F1
:106A60000103FB6015E07A6813465B0013445B0189
:106A70000A4A13441846F9F704FD0346002B03D0D5
:106A80006FF00403FB6004E0054A7B68022102F812
:106A90003310FB6818461037BD4680BDE45900240A
:106AA0006004002480B58AB000AF786008461146C3
:106AB0001A460346FB700B46BB7013467B700023DF
:106AC0007B627B68002B03D06FF001037B623FE1A8
:106AD000A24A7B6812F83330022B03D16FF01903FE
:106AE0007B6235E19D4A7B6812F83330002B18D069
:106AF0009A4A7B68DB0013445B78FA789A4210D19B
:106B0000964A7B68DB0013449B78BA789A4208D196
:106B1000924A7B68DB001344DB787A789A4200F073
:106B200017817A6813465B0013445B018C4A134457
:106B300007F10A0211461846F9F7D4FC0346002B68
:106B400003D06FF004037B62E8E0844A7B6812F8AC
:106B50003330002B04D106233B620123FB6110E09C
:106B60007E4A7B68DB0013445B78012B01D1032351
:106B700000E006233B62794A7B68DB0013445B78C4
:106B8000FB61FB78012B0FD17B8943F008039BB29B
:106B90007B817B891BB223F0F0031BB243F0E0033F
:106BA0001BB29BB27B810EE07B8923F008039BB272
:106BB0007B817B891BB223F0F0031BB243F01003EF
:106BC0001BB29BB27B81BB78002B05D17B8923F064
:106BD00004039BB27B8104E07B8943F004039BB2F6
:106BE0007B817B891BB223F003031AB27B781BB233
:106BF00013431BB29BB27B817A6813465B0013443C
:106C00005B01574A981879893B6AFA69F9F79CFC45
:106C10000346002B03D06FF004037B627EE0BB7859
:106C2000002B3DD17B78032B45D801A252F823F0ED
:106C3000896C0008716C0008416C0008596C0008F0
:106C400047497A6813465B0013445B010B442033C9
:106C50004FF400321A602FE041497A6813465B0016
:106C600013445B010B4420334FF440321A6023E09D
:106C70003B497A6813465B0013445B010B442033A5
:106C80004FF480221A6017E035497A6813465B009A
:106C900013445B010B4420334FF4A0221A600BE035
:106CA0002F497A6813465B0013445B010B44203381
:106CB00000221A6000E000BF7A6813465B001344AC
:106CC0005B01274A1344184605F018FA0346002BC7
:106CD00003D06FF003037B6220E00323FB60FB78AB
:106CE000012B01D1032300E006233B6100237B61DC
:106CF000FB78BB617A6813465B0013445B01184A5A
:106D0000134407F10C0141F28832184605F0F1FAFC
:106D10000346002B02D06FF003037B627B6A002BDB
:106D200016D10E4A7B68012102F833100B4A7B68AA
:106D3000DB001344FA785A70084A7B68DB0013447E
:106D4000BA789A70054A7B68DB0013447A78DA7067
:106D50007B6A18462837BD4680BD00BF600400240A
:106D6000E459002480B594B000AF7860BA4BD3F8F2
:106D7000D430B94A43F40023C2F8D430B64BD3F828
:106D8000D43003F40023BB63BB6BB34BD3F8D430D4
:106D9000B14A43F00103C2F8D430AF4BD3F8D4303A
:106DA00003F001037B637B6BAB4BD3F8E030AA4A63
:106DB00043F02003C2F8E030A74BD3F8E03003F0F3
:106DC00020033B633B6BA44BD3F8E030A24A43F073
:106DD0002003C2F8E030A04BD3F8E03003F02003EA
:106DE000FB62FB6A9C4BD3F8E0309B4A43F04003C4
:106DF000C2F8E030984BD3F8E03003F04003BB62B8
:106E0000BB6A954BD3F8E030934A43F02003C2F8B5
:106E1000E030914BD3F8E03003F020037B627B6AD3
:106E20008D4BD3F8E0308C4A43F02003C2F8E030B9
:106E3000894BD3F8E03003F020033B623B6A864B7A
:106E4000D3F8E030844A43F02003C2F8E030824BAC
:106E5000D3F8E03003F02003FB61FB697E4BD3F8ED
:106E6000E0307D4A43F02003C2F8E0307A4BD3F89B
:106E7000E03003F02003BB61BB69774BD3F8E0300F
:106E8000754A43F04003C2F8E030734BD3F8E0306A
:106E900003F040037B617B696F4BD3F8E0306E4AAF
:106EA00043F04003C2F8E0306B4BD3F8E03003F01E
:106EB00040033B613B69684BD3F8E030664A43F0DE
:106EC0004003C2F8E030644BD3F8E03003F04003F5
:106ED000FB60FB68604BD3F8E0305F4A43F040034F
:106EE000C2F8E0305C4BD3F8E03003F04003BB6005
:106EF000BB68594BDB6F584A43F40023D367564BAA
:106F0000DB6F554A23F40023D3674FF48053FB63B0
:106F100002233B6401237B640323BB640323FB64E0
:106F200007F13C0319464D4803F0B6FC00237B648F
:106F30004FF48053FB630923FB6407F13C031946BC
:106F4000474803F0A9FC1023FB630923FB6407F106
:106F50003C031946424803F09FFC0123FB630923CD
:106F6000FB6407F13C0319463D4803F095FC0223FE
:106F7000FB630923FB6407F13C031946384803F01F
:106F80008BFC0423FB630923FB6407F13C031946D4
:106F9000334803F081FC0823FB630923FB6407F1FA
:106FA0003C0319462E4803F077FC0123FB630923B9
:106FB000FB6407F13C031946284803F06DFC0223EB
:106FC000FB630923FB6407F13C031946234803F0E4
:106FD00063FC4FF48063FB630323FB6407F13C0312
:106FE00019461E4803F058FC4FF40063FB63092365
:106FF000FB6407F13C031946184803F04DFC194B9C
:107000004FF080425A60174B4FF080529A60154BF8
:107010008022DA60134B40F202225A61114B40F693
:1070200008029A610F4B2022DA610E4B80221A620D
:107030000C4B4FF000725A620A4B0022DA62094B85
:1070400000221A63074B80229A62064B00225A6381
:10705000044B002208E000BF004402580018025808
:1070600000140258445A00249A63104B104A1A60C4
:107070007B680E4A1A650D4A7B6813640B4804F05E
:1070800051FF00220721962000F029FA0022072153
:107090007A2000F024FA962000F03BFA7A2000F0E3
:1070A00038FA00BF5037BD4680BD00BF445A0024A7
:1070B0004000005280B582B000AF78607B68DB0092
:1070C000044A1344184603F0B7FB00BF0837BD4617
:1070D00080BD00BF2C5B002480B582B000AF78601B
:1070E0007A6813465B019B1A9B00044A13441846B6
:1070F00009F0E2FA00BF0837BD4680BDB05A00244F
:1071000080B582B000AF78607B68064A934214BFB6
:1071100001230023DBB2184600F01AF800BF08373D
:10712000BD4680BDB05A002480B582B000AF786003
:107130007B68064A934214BF01230023DBB2184642
:1071400000F010F800BF0837BD4680BDB05A0024DB
:1071500080B483B000AF786000BF0C37BD465DF8E7
:10716000047B704780B483B000AF786000BF0C37F9
:10717000BD465DF8047B704780B582B000AF786093
:107180007B68DB00044A1344184603F055FB00BF3C
:107190000837BD4680BD00BF345B002480B582B097
:1071A00000AF032000F090F906F0F8F80246154B06
:1071B0009B691B0A03F00F031349CB5C03F01F0309
:1071C00022FA03F37B600F4B9B6903F00F030E4A17
:1071D000D35C03F01F037A6822FA03F30B4A1360AF
:1071E0000B4A7B6813600F2000F014F80346002B55
:1071F00001D0012302E004F079FF0023184608378C
:10720000BD4680BD0044025894570108180500246B
:107210001405002480B582B000AF7860154B1B7850
:10722000002B01D1012321E0134B1A68114B1B786D
:1072300019464FF47A73B3FBF1F3B2FBF3F318463C
:1072400000F075F90346002B01D001230EE07B68A6
:107250000F2B0AD8002279684FF0FF3000F03FF979
:10726000064A7B681360002300E0012318460837B4
:10727000BD4680BD6C04002414050024680400246D
:1072800080B400AF064B1B781A46064B1B681344AC
:10729000044A136000BFBD465DF8047B704700BF21
:1072A0006C0400243C5B002480B400AF034B1B68DB
:1072B0001846BD465DF8047B704700BF3C5B002468
:1072C00080B584B000AF7860FFF7EEFFB8607B68F0
:1072D000FB60FB68B3F1FF3F05D00A4B1B781A46F1
:1072E000FB681344FB6000BFFFF7DEFF0246BB688C
:1072F000D31AFA689A42F7D800BF00BF1037BD46CC
:1073000080BD00BF6C04002480B400AF054B1B6A35
:10731000044A43F00103136200BFBD465DF8047BDD
:10732000704700BF0004005880B485B000AF78609B
:107330007B6803F00703FB600B4BDB68BB60BA683C
:107340004FF6FF031340BB60FB681A02BB681A4389
:10735000064B1343BB60044ABB68D36000BF1437BD
:10736000BD465DF8047B704700ED00E00000FA05C3
:1073700080B400AF044BDB681B0A03F00703184618
:10738000BD465DF8047B704700ED00E080B483B03B
:1073900000AF0346FB80B7F90630002B0BDBFB8800
:1073A00003F01F020749B7F906305B09012000FA14
:1073B00002F241F8232000BF0C37BD465DF8047B84
:1073C000704700BF00E100E080B483B000AF034627
:1073D0003960FB80B7F90630002B0ADB3B68DAB274
:1073E0000C49B7F906301201D2B20B4483F80023DE
:1073F0000AE03B68DAB20849FB8803F00F03043B5C
:107400001201D2B20B441A7600BF0C37BD465DF8AC
:10741000047B704700E100E000ED00E080B489B03B
:1074200000AFF860B9607A60FB6803F00703FB61A6
:10743000FB69C3F10703042B28BF0423BB61FB696D
:107440000433062B02D9FB69033B00E000237B6178
:107450004FF0FF32BB6902FA03F3DA43BB681A400C
:107460007B699A404FF0FF317B6901FA03F3D943FE
:107470007B680B40134318462437BD465DF8047BF8
:107480007047000080B582B000AF78607B68013B38
:10749000B3F1807F01D301230FE00A4A7B68013BEF
:1074A00053600F214FF0FF30FFF78EFF054B002296
:1074B0009A60044B07221A60002318460837BD461D
:1074C00080BD00BF10E000E080B582B000AF786002
:1074D0007868FFF729FF00BF0837BD4680BD80B53B
:1074E00086B000AF0346B9607A60FB81FFF740FFCA
:1074F00078617A68B9687869FFF790FF0246B7F952
:107500000E3011461846FFF75FFF00BF1837BD4623
:1075100080BD80B582B000AF0346FB80B7F906306E
:107520001846FFF733FF00BF0837BD4680BD80B562
:1075300082B000AF78607868FFF7A4FF0346184672
:107540000837BD4680BD000080B400AFBFF35F8F39
:1075500000BF074B5B6A064A23F480335362054B36
:1075600000225A6000BFBD465DF8047B704700BF33
:1075700000ED00E090ED00E080B483B000AF7860F3
:107580000B4A7B6843F0010353600A4B5B6A094A6C
:1075900043F480335362BFF34F8F00BFBFF36F8F4D
:1075A00000BF00BF0C37BD465DF8047B704700BFCD
:1075B00090ED00E000ED00E080B483B000AF7860B3
:1075C0007B685A781D4B9A607B681B78002B29D00A
:1075D0001A4A7B685B68D3607B681B7B1A077B68F1
:1075E000DB7A1B061A437B689B7ADB041A437B68B1
:1075F0005B7B9B041A437B689B7B5B041A437B6821
:10760000DB7B1B041A437B685B7A1B021A437B6893
:107610001B7A5B0013437A6812781146074A0B43C2
:10762000136105E0054B0022DA60044B00221A6169
:1076300000BF0C37BD465DF8047B704790ED00E05D
:1076400080B586B000AF78607B68002B01D1012344
:10765000B4E05C4B7B615C4B3B615C4BFB607B68EB
:107660001B68184600F0A6FA03469B003A691344CB
:107670001B68002B01D00123A0E0786800F0A8F877
:107680007B691B685A1C7B691A607B691B68012B2C
:1076900025D1FB681B6823F08042FB681A60FB68F9
:1076A0001A687B689B681A43FB681A60FB681B6852
:1076B00023F47F02FB681A607B681B79012B08D1D9
:1076C000FB681A687B68DB68013B1B041A43FB6894
:1076D0001A60FB681B6843F00042FB681A607B6815
:1076E0001B681A687B681B6822F471421A607B6809
:1076F0001B6819687B681A697B685B691A437B6839
:107700009B691A437B681B680A431A607B681B6885
:107710001A687B681B6822F00F021A607B681B687E
:1077200019687B68DA697B681B6A1A437B681B6887
:107730000A431A607B681B689A687B681B6822F49E
:107740005F029A607B681B6899687B685A6A7B68ED
:107750009B6A013B1B041A437B681B680A439A60BF
:107760007B681B685A687B681B6802F007025A60D6
:107770007B681B6859687B68DB6A1A027B681B6B35
:10778000DB001A437B681B680A435A607B681B68EE
:107790001A687B681B6842F080021A607B680122CD
:1077A00083F834207B681B68184600F003FA034610
:1077B0009B003A6913447A681A6000231846183708
:1077C000BD4680BD405B0024445B0024007801403E
:1077D00080B483B000AF786000BF0C37BD465DF861
:1077E000047B704780B584B000AF78607B68002B65
:1077F00001D10123C8E0664BFB607B681B68FA6817
:107800009A4209D17B685B68012B03D07B68DB68F7
:10781000012B01D10123B7E07B6800221A637B684A
:1078200001225A647B6801229A647B6800221A65EF
:10783000786800F0B3F87B681B681A687B681B687F
:1078400022F400221A607B681B7A012B08D17B6826
:107850001B681A687B681B6842F000521A6007E0D8
:107860007B681B681A687B681B6822F000521A60EC
:107870007B685B7A012B08D17B681B681A687B6880
:107880001B6842F400121A6007E07B681B681A68E4
:107890007B681B6822F400121A607B681B681968F9
:1078A0007B681A683B4B0B4013607B68DB68022BDC
:1078B00008D17B681B6819687B685A697B681B68FC
:1078C0000A431A607B681B7C012B08D17B681B680C
:1078D0001A687B681B6842F010021A6007E07B6838
:1078E0001B681A687B681B6822F010021A607B68AC
:1078F0005B7C012B08D17B681B681A687B681B685E
:1079000042F020021A6007E07B681B681A687B68F7
:107910001B6822F020021A607B681B6859697B682B
:107920001A681D4B0B4053617B681B6859697B6863
:10793000DA697B681B6A013B1B041A437B685B6A3C
:10794000013B1A437B681B680A435A617B685A688B
:107950007B685A637B68DA687B689A637B689A699C
:107960007B68DA637B681A7C7B6883F840207B68DD
:107970001B681A687B681B6842F001021A607B680A
:10798000012283F84C20002318461037BD4680BDE5
:1079900000790140F780FFFF00FF001C80B483B036
:1079A00000AF786000BF0C37BD465DF8047B7047C0
:1079B00080B487B000AFF860B9607A600023FB75CF
:1079C000FB6893F84C30002B2CD0FB6893F84C30BC
:1079D000FF2B27D0FB681B681968FB681A68164BD9
:1079E0000B4013607B68012B0DD1FB681B681A6884
:1079F000BB681B0203F07F431A43FB681B6842F419
:107A000080221A600AE0FB681B681968BB681B02C9
:107A100003F07F42FB681B680A431A60FB687A68C0
:107A20001A6301E00123FB75FB7D18461C37BD4638
:107A30005DF8047B704700BFFFFFFBF880B586B0A0
:107A400000AFF860B9607A600023FB75BB68002B5B
:107A500002D07B68002B02D10123FB7566E0FB6836
:107A60001B681B6803F40013B3F5001F02D0012349
:107A7000FB755BE0FB685B6B002B0ED1FB681B6B3F
:107A8000002B0AD1FB689B6ADB69002B05D17B6860
:107A9000012B02D00123FB7548E0FB685B6B002BD8
:107AA0000CD1FB681B6B002B08D1FB689B6ADB6960
:107AB000B3F5807F02D10123FB7537E0FB6893F8B3
:107AC0004C30012B04D0FB6893F84C30032B2BD1A6
:107AD000FB689B6A184ADA63FB689B6A174ADA6498
:107AE000FB689B6ADB69B3F5807F01D1144A00E033
:107AF0000022FB689B6A1A64FB68986AFB681B6833
:107B00001C331946BA687B6800F004FE0346002B5C
:107B100006D0FB68FF2283F84C200123FB7505E0AB
:107B2000F86800F093F801E00123FB75FB7D18462F
:107B30001837BD4680BD00BF757B0008917B0008EB
:107B4000597B000880B483B000AF786000BF0C3769
:107B5000BD465DF8047B704780B584B000AF7860A7
:107B60007B689B6BFB60F868FCF752FD00BF103729
:107B7000BD4680BD80B584B000AF78607B689B6BEC
:107B8000FB60F868FCF7E8FA00BF1037BD4680BD1F
:107B900080B584B000AF78607B689B6BFB60FB684E
:107BA00003221A65F868FFF7CDFF00BF1037BD4606
:107BB00080BD000080B485B000AF78607B681C4A4F
:107BC000934202D10023FB602BE07B68194A934269
:107BD00002D10123FB6024E07B68174A934202D163
:107BE0000223FB601DE07B68144A934202D1032309
:107BF000FB6016E07B68124A934202D10423FB60CB
:107C00000FE07B680F4A934202D10523FB6008E036
:107C10007B680D4A934202D10623FB6001E00723F3
:107C2000FB60FB6818461437BD465DF8047B70475F
:107C300000780140207801404078014060780140A0
:107C400080780140A0780140C078014080B483B0C2
:107C500000AF78607B685B6B002B08D17B681B688A
:107C60001A687B681B6842F400321A6033E07B6854
:107C70001B681A687B681B6822F001021A607B6827
:107C80001B681A687B681B6842F400221A607B68D4
:107C90001B681A687B681B6842F001021A607B68E7
:107CA00093F84C30032B16D17B689B6B002B07D1CC
:107CB0007B681B681A687B681B6842F002021A60C6
:107CC0007B6893F84030012B02D17B685B6C00E04D
:107CD00001237A6893647B6893F84C30012B01D1BF
:107CE000022200E004227B6883F84C2000BF0C379E
:107CF000BD465DF8047B704780B586B000AF786004
:107D0000FFF7D2FA38617B68002B01D1012312E31F
:107D10007B681B68664A93424AD07B681B68654A49
:107D2000934245D07B681B68634A934240D07B688E
:107D30001B68624A93423BD07B681B68604A93424F
:107D400036D07B681B685F4A934231D07B681B68E2
:107D50005D4A93422CD07B681B685C4A934227D0D3
:107D60007B681B685A4A934222D07B681B68594A39
:107D700093421DD07B681B68574A934218D07B689A
:107D80001B68564A934213D07B681B68544A93423F
:107D90000ED07B681B68534A934209D07B681B68EE
:107DA000514A934204D07B681B68504A934201D1E8
:107DB000012300E00023002B00F03C817B680022BF
:107DC00083F834207B68022283F835207B681B68A7
:107DD000374A93424AD07B681B68364A934245D063
:107DE0007B681B68344A934240D07B681B68334AE7
:107DF00093423BD07B681B68314A934236D07B6804
:107E00001B68304A934231D07B681B682E4A9342EC
:107E10002CD07B681B682D4A934227D07B681B6857
:107E20002B4A934222D07B681B682A4A93421DD07A
:107E30007B681B68284A934218D07B681B68274AD6
:107E4000934213D07B681B68254A93420ED07B680F
:107E50001B68244A934209D07B681B68224A9342DC
:107E600004D07B681B68214A934208D17B681B6859
:107E70001A687B681B6822F001021A6007E07B68C1
:107E80001B681A687B681B6822F001021A602FE0E9
:107E9000FFF70AFA02463B69D31A052B28D97B68FB
:107EA00020225A657B68032283F83520012342E2B1
:107EB00010000240280002404000024058000240EA
:107EC0007000024088000240A0000240B80002405A
:107ED00010040240280402404004024058040240BA
:107EE0007004024088040240A0040240B80402402A
:107EF0007B681B681B6803F00103002BC8D17B68FB
:107F00001B681B687B617A69834B13407B617B68CC
:107F10009A687B68DB681A437B681B691A437B6835
:107F20005B691A437B689B691A437B68DB691A4368
:107F30007B681B6A13437A6913437B617B685B6AC6
:107F4000042B07D17B68DA6A7B681B6B13437A6961
:107F500013437B617B685B68282B03D97B685B6874
:107F60002E2B1FD97B685B683E2B03D97B685B682F
:107F7000422B17D97B685B68462B03D97B685B680B
:107F8000482B0FD97B685B684E2B03D97B685B68F5
:107F9000522B07D97B685B68732B05D97B685B68BC
:107FA000772B01D8012300E00023002B03D07B694D
:107FB00043F480137B617B681B687A691A607B6875
:107FC0001B685B697B617B6923F007037B617B68CE
:107FD0005B6A7A6913437B617B685B6A042B17D108
:107FE0007B689B6A7A6913437B617B68DB6A002B41
:107FF0000ED0786801F08CFF0346002B08D07B6818
:1080000040225A657B68012283F83520012392E1E2
:108010007B681B687A695A61786801F0C7FE03467D
:10802000BB607B68DB6D03F01F033F229A40BB6897
:108030009A60C8E07B681B68384A934222D07B680C
:108040001B68374A93421DD07B681B68354A9342B0
:1080500018D07B681B68344A934213D07B681B6836
:10806000324A93420ED07B681B68314A934209D052
:108070007B681B682F4A934204D07B681B682E4A9A
:10808000934201D1012300E00023002B00F09280F5
:108090007B681B68214A934221D07B681B68204A79
:1080A00093421CD07B681B681E4A934217D07B68A2
:1080B0001B681D4A934212D07B681B681B4A93427F
:1080C0000DD07B681B681A4A934208D07B681B68F6
:1080D000184A934203D07B681B68174A93427B6817
:1080E000002283F834207B68022283F835207B68E5
:1080F0001B681B687B617A69104B13407B617B684E
:108100009B68402B1CD07B689B68802B02D14FF46E
:10811000804316E0002314E03F8010FE085402580C
:108120001C540258305402584454025858540258AF
:108130006C54025880540258945402580F00FEFFA9
:1081400010237A68D268D2081A437B681B69DB085F
:108150001A437B685B69DB081A437B689B69DB0811
:108160001A437B68DB69DB081A437B681B6A1B09BF
:1081700013437A6913437B617B681B687A691A60D1
:108180007B681B681A466E4B13446E4AA2FB03239E
:108190001B099A007B68DA65786801F007FE0346E0
:1081A000FB607B68DB6D03F01F0301229A40FB68D4
:1081B0005A6008E07B6840225A657B68032283F896
:1081C00035200123B7E07B681B685F4A934272D079
:1081D0007B681B685D4A93426DD07B681B685C4A74
:1081E000934268D07B681B685A4A934263D07B688D
:1081F0001B68594A93425ED07B681B68574A93427A
:1082000059D07B681B68564A934254D07B681B68E0
:10821000544A93424FD07B681B68534A93424AD0DA
:108220007B681B68514A934245D07B681B68504A63
:10823000934240D07B681B684E4A93423BD07B6898
:108240001B684D4A934236D07B681B684B4A934269
:1082500031D07B681B684A4A93422CD07B681B68EC
:10826000484A934227D07B681B68474A934222D0F2
:108270007B681B68454A93421DD07B681B68444A53
:10828000934218D07B681B68424A934213D07B68A4
:108290001B68414A93420ED07B681B683F4A934259
:1082A00009D07B681B683E4A934204D07B681B68F8
:1082B0003C4A934201D1012300E00023002B32D03D
:1082C000786801F0A1FE7B689B68802B02D17B68F7
:1082D00000225A607B685A687B681B6ED2B21A60B3
:1082E0007B685B6E7A68926E5A607B685B68002B75
:1082F00010D07B685B68082B0CD8786801F01EFFF3
:108300007B68DB6E00221A607B681B6F7A68526F95
:108310005A6008E07B680022DA667B6800221A67F0
:108320007B6800225A677B6800225A657B680122BD
:1083300083F83520002318461837BD4680BD00BF9E
:10834000F8ABFDA7CDCCCCCC1000024028000240F9
:108350004000024058000240700002408800024085
:10836000A0000240B800024010040240280402406D
:108370004004024058040240700402408804024055
:10838000A0040240B8040240085402581C54025889
:108390003054025844540258585402586C540258ED
:1083A000805402589454025880B584B000AF78606D
:1083B0007B68002B01D10123A8E17B681B68824AFE
:1083C00093424AD07B681B68804A934245D07B68C1
:1083D0001B687F4A934240D07B681B687D4A93426A
:1083E0003BD07B681B687C4A934236D07B681B6815
:1083F0007A4A934231D07B681B68794A93422CD0E9
:108400007B681B68774A934227D07B681B68764A53
:10841000934222D07B681B68744A93421DD07B68CC
:108420001B68734A934218D07B681B68714A934259
:1084300013D07B681B68704A93420ED07B681B6820
:108440006E4A934209D07B681B686D4A934204D000
:108450007B681B686B4A934208D17B681B681A686B
:108460007B681B6822F001021A6007E07B681B68CA
:108470001A687B681B6822F001021A607B681B681F
:10848000514A93424AD07B681B68504A934245D078
:108490007B681B684E4A934240D07B681B684D4AFC
:1084A00093423BD07B681B684B4A934236D07B6833
:1084B0001B684A4A934231D07B681B68484A934202
:1084C0002CD07B681B68474A934227D07B681B6887
:1084D000454A934222D07B681B68444A93421DD090
:1084E0007B681B68424A934218D07B681B68414AEC
:1084F000934213D07B681B683F4A93420ED07B683F
:108500001B683E4A934209D07B681B683C4A9342F1
:1085100004D07B681B683B4A934201D1012300E0F1
:108520000023002B25D07B681B6800221A607B6823
:108530001B6800225A607B681B6800229A607B6877
:108540001B680022DA607B681B6800221A617B6866
:108550001B6821225A61786801F028FC0346BB6041
:108560007B68DB6D03F01F033F229A40BB689A6073
:1085700081E07B681B68244A934222D07B681B6899
:10858000224A93421DD07B681B68214A934218D02F
:108590007B681B681F4A934213D07B681B681E4A86
:1085A00093420ED07B681B681C4A934209D07B68BB
:1085B0001B681B4A934204D07B681B68194A93428C
:1085C00032D1012331E000BF1000024028000240F8
:1085D0004000024058000240700002408800024003
:1085E000A0000240B80002401004024028040240EB
:1085F00040040240580402407004024088040240D3
:10860000A0040240B8040240085402581C54025806
:108610003054025844540258585402586C5402586A
:1086200080540258945402580023002B21D07B68B8
:108630001B6800221A607B681B6800225A607B68F6
:108640001B6800229A607B681B680022DA607B68E6
:108650001B6800221A61786801F0A8FB0346FB60E2
:108660007B68DB6D03F01F0301229A40FB685A60B0
:1086700001E001234AE0786801F0C6FC7B681B6ECC
:10868000002B08D07B681B6E00221A607B685B6E33
:108690007A68926E5A607B685B68002B0FD07B68AB
:1086A0005B68082B0BD8786801F048FD7B68DB6EAF
:1086B00000221A607B681B6F7A68526F5A607B6871
:1086C0000022DA667B6800221A677B6800225A67FC
:1086D0007B680022DA637B6800221A647B680022D0
:1086E0005A647B6800229A647B680022DA647B68A3
:1086F00000221A657B6800225A657B68002283F895
:1087000035207B68002283F8342000231846103778
:10871000BD4680BD80B586B000AFF860B9607A60B4
:108720003B600023FB75FB68002B01D1012326E28F
:10873000FB6893F83430012B01D102231FE2FB6860
:10874000012283F83420FB6893F83530DBB2012B2B
:1087500040F00A82FB68022283F83520FB68002281
:108760005A65FB681B68684A93424AD0FB681B68DD
:10877000664A934245D0FB681B68654A934240D0E5
:10878000FB681B68634A93423BD0FB681B68624AE4
:10879000934236D0FB681B68604A934231D0FB6835
:1087A0001B685F4A93422CD0FB681B685D4A93426A
:1087B00027D0FB681B685C4A934222D0FB681B6889
:1087C0005A4A93421DD0FB681B68594A934218D0FD
:1087D000FB681B68574A934213D0FB681B68564AD4
:1087E00093420ED0FB681B68544A934209D0FB6841
:1087F0001B68534A934204D0FB681B68514A93425A
:1088000008D1FB681B681A68FB681B6822F001022C
:108810001A6007E0FB681B681A68FB681B6822F097
:1088200001021A603B687A68B968F86801F012F9C9
:10883000FB681B68344A93424AD0FB681B68334A82
:10884000934245D0FB681B68314A934240D0FB6895
:108850001B68304A93423BD0FB681B682E4A934208
:1088600036D0FB681B682D4A934231D0FB681B68E9
:108870002B4A93422CD0FB681B682A4A934227D08C
:10888000FB681B68284A934222D0FB681B68274A72
:1088900093421DD0FB681B68254A934218D0FB68A1
:1088A0001B68244A934213D0FB681B68224A9342F8
:1088B0000ED0FB681B68214A934209D0FB681B68F5
:1088C0001F4A934204D0FB681B681E4A934201D1A1
:1088D000012300E00023002B36D0FB681B681B68D7
:1088E00023F01E02FB681B6842F016021A60FB6848
:1088F0001B6C002B3ED0FB681B681A68FB681B686A
:1089000042F008021A6035E01000024028000240E0
:1089100040000240580002407000024088000240BF
:10892000A0000240B80002401004024028040240A7
:10893000400402405804024070040240880402408F
:10894000A0040240B8040240FB681B681B6823F0C7
:108950000E02FB681B6842F00A021A60FB681B6C7F
:10896000002B07D0FB681B681A68FB681B6842F085
:1089700004021A60FB681B68834A934272D0FB684A
:108980001B68824A93426DD0FB681B68804A934201
:1089900068D0FB681B687F4A934263D0FB681B6802
:1089A0007D4A93425ED0FB681B687C4A934259D053
:1089B000FB681B687A4A934254D0FB681B68794A6B
:1089C00093424FD0FB681B68774A93424AD0FB68BA
:1089D0001B68764A934245D0FB681B68744A9342F1
:1089E00040D0FB681B68734A93423BD0FB681B680E
:1089F000714A934236D0FB681B68704A934231D06B
:108A0000FB681B686E4A93422CD0FB681B686D4A5A
:108A1000934227D0FB681B686B4A934222D0FB68C5
:108A20001B686A4A93421DD0FB681B68684A9342E0
:108A300018D0FB681B68674A934213D0FB681B6819
:108A4000654A93420ED0FB681B68644A934209D082
:108A5000FB681B68624A934204D0FB681B68614A4A
:108A6000934201D1012300E00023002B1AD0FB68C0
:108A70001B6E1B6803F48033002B07D0FB681B6E52
:108A80001A68FB681B6E42F480721A60FB68DB6E2A
:108A9000002B07D0FB68DB6E1A68FB68DB6E42F4C4
:108AA00080721A60FB681B68374A93424AD0FB68A1
:108AB0001B68364A934245D0FB681B68344A934290
:108AC00040D0FB681B68334A93423BD0FB681B686D
:108AD000314A934236D0FB681B68304A934231D00A
:108AE000FB681B682E4A93422CD0FB681B682D4AFA
:108AF000934227D0FB681B682B4A934222D0FB6825
:108B00001B682A4A93421DD0FB681B68284A93427F
:108B100018D0FB681B68274A934213D0FB681B6878
:108B2000254A93420ED0FB681B68244A934209D021
:108B3000FB681B68224A934204D0FB681B68214AE9
:108B4000934208D1FB681B681A68FB681B6842F0F7
:108B500001021A6012E0FB681B681A68FB681B6858
:108B600042F001021A6009E0FB68002283F8342019
:108B7000FB684FF400625A650123FB75FB7D1846C4
:108B80001837BD4680BD00BF1000024028000240DB
:108B9000400002405800024070000240880002403D
:108BA000A0000240B8000240100402402804024025
:108BB000400402405804024070040240880402400D
:108BC000A0040240B8040240085402581C54025841
:108BD0003054025844540258585402586C540258A5
:108BE000805402589454025880B58AB000AF78601F
:108BF0000023FB60674B1B68674AA2FB03239B0AA9
:108C00007B627B689B6D3B627B689B6DFB613B6A13
:108C10001B68BB61FB691B687B617B681B685F4AE3
:108C200093424AD07B681B685D4A934245D07B687B
:108C30001B685C4A934240D07B681B685A4A934247
:108C40003BD07B681B68594A934236D07B681B68CF
:108C5000574A934231D07B681B68564A93422CD0C6
:108C60007B681B68544A934227D07B681B68534A31
:108C7000934222D07B681B68514A93421DD07B6887
:108C80001B68504A934218D07B681B684E4A934237
:108C900013D07B681B684D4A93420ED07B681B68DB
:108CA0004B4A934209D07B681B684A4A934204D0DE
:108CB0007B681B68484A934201D1012300E00023EE
:108CC000002B00F02B847B68DB6D03F01F03082270
:108CD0009A40BB691340002B00F0A2807B681B68A0
:108CE0002E4A93424AD07B681B682D4A934245D056
:108CF0007B681B682B4A934240D07B681B682A4ADA
:108D000093423BD07B681B68284A934236D07B68ED
:108D10001B68274A934231D07B681B68254A9342DF
:108D20002CD07B681B68244A934227D07B681B6841
:108D3000224A934222D07B681B68214A93421DD06D
:108D40007B681B681F4A934218D07B681B681E4AC9
:108D5000934213D07B681B681C4A93420ED07B68F9
:108D60001B681B4A934209D07B681B68194A9342CF
:108D700004D07B681B68184A93422FD17B681B681C
:108D80001B6803F00403002B14BF01230023DBB294
:108D90002EE000BF14050024B5814E1B10000240D8
:108DA000280002404000024058000240700002408B
:108DB00088000240A0000240B800024010040240B7
:108DC000280402404004024058040240700402405B
:108DD00088040240A0040240B80402407B681B687B
:108DE0001B6803F00803002B14BF01230023DBB230
:108DF000002B15D07B681B681A687B681B6822F003
:108E000004021A607B68DB6D03F01F0308229A409E
:108E10003B6A9A607B685B6D43F001027B685A6530
:108E20007B68DB6D03F01F03BA6922FA03F303F0DA
:108E30000103002B6ED07B681B68694A93424AD0BD
:108E40007B681B68674A934245D07B681B68664A0B
:108E5000934240D07B681B68644A93423BD07B6856
:108E60001B68634A934236D07B681B68614A934211
:108E700031D07B681B68604A93422CD07B681B68AA
:108E80005E4A934227D07B681B685D4A934222D09A
:108E90007B681B685B4A93421DD07B681B685A4AFB
:108EA000934218D07B681B68584A934213D07B6862
:108EB0001B68574A93420ED07B681B68554A934201
:108EC00009D07B681B68544A934204D07B681B68B6
:108ED000524A93420AD17B681B685B6903F08003A6
:108EE000002B14BF01230023DBB203E07B681B6867
:108EF0001B680023002B0DD07B68DB6D03F01F0384
:108F000001229A403B6A9A607B685B6D43F00202E3
:108F10007B685A657B68DB6D03F01F0304229A406F
:108F2000BB691340002B00F08F807B681B682C4AC4
:108F300093424AD07B681B682A4A934245D07B689B
:108F40001B68294A934240D07B681B68274A93429A
:108F50003BD07B681B68264A934236D07B681B68EF
:108F6000244A934231D07B681B68234A93422CD019
:108F70007B681B68214A934227D07B681B68204A84
:108F8000934222D07B681B681E4A93421DD07B68A7
:108F90001B681D4A934218D07B681B681B4A93428A
:108FA00013D07B681B681A4A93420ED07B681B68FB
:108FB000184A934209D07B681B68174A934204D031
:108FC0007B681B68154A93422AD17B681B681B6823
:108FD00003F00203002B14BF01230023DBB223E0C4
:108FE00010000240280002404000024058000240A9
:108FF0007000024088000240A0000240B800024019
:109000001004024028040240400402405804024078
:109010007004024088040240A0040240B8040240E8
:109020007B681B681B680023002B0DD07B68DB6D01
:1090300003F01F0304229A403B6A9A607B685B6DD1
:1090400043F004027B685A657B68DB6D03F01F0305
:1090500010229A40BB691340002B00F0A6807B6869
:109060001B68854A93424AD07B681B68834A9342B7
:1090700045D07B681B68824A934240D07B681B685E
:10908000804A93423BD07B681B687F4A934236D02C
:109090007B681B687D4A934231D07B681B687C4AA1
:1090A00093422CD07B681B687A4A934227D07B6816
:1090B0001B68794A934222D07B681B68774A9342A7
:1090C0001DD07B681B68764A934218D07B681B686A
:1090D000744A934213D07B681B68734A93420ED044
:1090E0007B681B68714A934209D07B681B68704A91
:1090F000934204D07B681B686E4A93420AD17B6816
:109100001B681B6803F00803002B14BF0123002316
:10911000DBB209E07B681B681B6803F00403002BCB
:1091200014BF01230023DBB2002B3ED07B68DB6D34
:1091300003F01F0310229A403B6A9A607B681B6809
:109140001B6803F48023002B18D07B681B681B6806
:1091500003F40023002B08D17B681B6C002B24D068
:109160007B681B6C786898471FE07B689B6C002BC2
:109170001BD07B689B6C7868984716E07B681B68FF
:109180001B6803F48073002B07D17B681B681A6887
:109190007B681B6822F008021A607B681B6C002B3E
:1091A00003D07B681B6C786898477B68DB6D03F0A5
:1091B0001F0320229A40BB691340002B00F010814E
:1091C0007B681B682C4A93424AD07B681B682B4AF9
:1091D000934245D07B681B68294A934240D07B6804
:1091E0001B68284A93423BD07B681B68264A9342FF
:1091F00036D07B681B68254A934231D07B681B6858
:10920000234A93422CD07B681B68224A934227D082
:109210007B681B68204A934222D07B681B681F4AE8
:1092200093421DD07B681B681D4A934218D07B680F
:109230001B681C4A934213D07B681B681A4A9342EE
:109240000ED07B681B68194A934209D07B681B6863
:10925000174A934204D07B681B68164A93422BD16D
:109260007B681B681B6803F01003002B14BF0123ED
:109270000023DBB22AE000BF1000024028000240B9
:109280004000024058000240700002408800024046
:10929000A0000240B800024010040240280402402E
:1092A0004004024058040240700402408804024016
:1092B000A0040240B80402407B681B681B6803F0EE
:1092C0000203002B14BF01230023DBB2002B00F0AC
:1092D00087807B68DB6D03F01F0320229A403B6A86
:1092E0009A607B6893F83530DBB2042B39D17B6808
:1092F0001B681A687B681B6822F016021A607B687C
:109300001B685A697B681B6822F080025A617B687F
:109310001B6C002B03D17B689B6C002B07D07B68F8
:109320001B681A687B681B6822F008021A607B6859
:10933000DB6D03F01F033F229A403B6A9A607B6813
:10934000002283F834207B68012283F835207B6873
:109350001B6D002B00F04A837B681B6D7868984773
:1093600044E37B681B681B6803F48023002B18D040
:109370007B681B681B6803F40023002B08D17B6803
:109380005B6C002B2CD07B685B6C7868984727E07F
:109390007B68DB6B002B23D07B68DB6B786898479E
:1093A0001EE07B681B681B6803F48073002B0FD1E1
:1093B0007B681B681A687B681B6822F010021A60C1
:1093C0007B68002283F834207B68012283F83520F3
:1093D0007B68DB6B002B03D07B68DB6B786898477E
:1093E0007B685B6D002B00F006837B685B6D03F090
:1093F0000103002B00F088807B68042283F835206D
:109400007B681B687A4A93424AD07B681B68794A1A
:10941000934245D07B681B68774A934240D07B6873
:109420001B68764A93423BD07B681B68744A934220
:1094300036D07B681B68734A934231D07B681B68C7
:10944000714A93422CD07B681B68704A934227D0A4
:109450007B681B686E4A934222D07B681B686D4A0A
:1094600093421DD07B681B686B4A934218D07B687F
:109470001B686A4A934213D07B681B68684A934210
:109480000ED07B681B68674A934209D07B681B68D3
:10949000654A934204D07B681B68644A934208D1B2
:1094A0007B681B681A687B681B6822F001021A60DF
:1094B00007E07B681B681A687B681B6822F0010262
:1094C0001A60FB680133FB607A6A9A4207D37B68B3
:1094D0001B681B6803F00103002BF2D100E000BF02
:1094E0007B68002283F834207B681B681B6803F0CC
:1094F0000103002B04D07B68032283F8352003E0AE
:109500007B68012283F835207B68DB6C002B00F040
:1095100072827B68DB6C786898476CE27B681B68BA
:10952000434A934222D07B681B68424A93421DD033
:109530007B681B68404A934218D07B681B683F4A8F
:10954000934213D07B681B683D4A93420ED07B68E0
:109550001B683C4A934209D07B681B683A4A934295
:1095600004D07B681B68394A934201D1012300E093
:109570000023002B00F03F827B681B681B683B6167
:109580007B68DB6D03F01F0304229A407B69134064
:10959000002B00F0CD803B6903F00403002B00F0AA
:1095A000C7807B68DB6D03F01F0304229A40FB69D0
:1095B0005A603B6903F40043002B49D03B6903F434
:1095C0008033002B09D17B689B6C002B00F010824C
:1095D0007B689B6C786898470AE27B681B6C002B61
:1095E00000F006827B681B6C7868984700E200BF39
:1095F0001000024028000240400002405800024093
:109600007000024088000240A0000240B800024002
:109610001004024028040240400402405804024062
:109620007004024088040240A0040240B8040240D2
:10963000085402581C5402583054025844540258DA
:10964000585402586C54025880540258945402588A
:109650003B6903F02003002B60D17B681B687F4AC5
:1096600093424AD07B681B687D4A934245D07B6811
:109670001B687C4A934240D07B681B687A4A9342BD
:109680003BD07B681B68794A934236D07B681B6865
:10969000774A934231D07B681B68764A93422CD03C
:1096A0007B681B68744A934227D07B681B68734AA7
:1096B000934222D07B681B68714A93421DD07B681D
:1096C0001B68704A934218D07B681B686E4A9342AD
:1096D00013D07B681B686D4A93420ED07B681B6871
:1096E0006B4A934209D07B681B686A4A934204D054
:1096F0007B681B68684A934208D17B681B681A68BC
:109700007B681B6822F008021A6007E07B681B6810
:109710001A687B681B6822F004021A607B681B6C65
:10972000002B00F065817B681B6C786898475FE1CF
:109730007B68DB6D03F01F0302229A407B691340B4
:10974000002B00F0C5803B6903F00203002B00F002
:10975000BF807B68DB6D03F01F0302229A40FB6928
:109760005A603B6903F40043002B18D03B6903F4B3
:109770008033002B09D17B685B6C002B00F03A81B1
:109780007B685B6C7868984734E17B68DB6B002B07
:1097900000F030817B68DB6B786898472AE13B6991
:1097A00003F02003002B40F089807B681B682B4A64
:1097B00093424AD07B681B68294A934245D07B6814
:1097C0001B68284A934240D07B681B68264A934214
:1097D0003BD07B681B68254A934236D07B681B6868
:1097E000234A934231D07B681B68224A93422CD093
:1097F0007B681B68204A934227D07B681B681F4AFE
:10980000934222D07B681B681D4A93421DD07B681F
:109810001B681C4A934218D07B681B681A4A934203
:1098200013D07B681B68194A93420ED07B681B6873
:10983000174A934209D07B681B68164A934204D0AA
:109840007B681B68144A934228D17B681B681A689E
:109850007B681B6822F014021A6027E010000240A7
:1098600028000240400002405800024070000240C0
:1098700088000240A0000240B800024010040240EC
:109880002804024040040240580402407004024090
:1098900088040240A0040240B80402407B681B68B0
:1098A0001A687B681B6822F00A021A607B68002233
:1098B00083F834207B68012283F835207B68DB6BDA
:1098C000002B00F097807B68DB6B7868984791E00D
:1098D0007B68DB6D03F01F0308229A407B6913400D
:1098E000002B00F088803B6903F00803002B00F098
:1098F00082807B681B68414A93424AD07B681B6820
:109900003F4A934245D07B681B683E4A934240D011
:109910007B681B683C4A93423BD07B681B683B4A90
:10992000934236D07B681B68394A934231D07B68BA
:109930001B68384A93422CD07B681B68364A934296
:1099400027D07B681B68354A934222D07B681B680E
:10995000334A93421DD07B681B68324A934218D029
:109960007B681B68304A934213D07B681B682F4A80
:1099700093420ED07B681B682D4A934209D07B68C6
:109980001B682C4A934204D07B681B682A4A934286
:1099900008D17B681B681A687B681B6822F01C0270
:1099A0001A6007E07B681B681A687B681B6822F0F6
:1099B0000E021A607B68DB6D03F01F0301229A40E0
:1099C000FB695A607B6801225A657B68002283F834
:1099D00034207B68012283F835207B68DB6C002B08
:1099E00009D07B68DB6C7868984704E000BF02E030
:1099F00000BF00E000BF2837BD4680BD1000024018
:109A0000280002404000024058000240700002401E
:109A100088000240A0000240B8000240100402404A
:109A200028040240400402405804024070040240EE
:109A300088040240A0040240B804024080B483B00D
:109A400000AF78607B685B6D18460C37BD465DF8EB
:109A5000047B704780B487B000AFF860B9607A606B
:109A60003B60FB689B6D7B61FB689B6D3B61FB68AA
:109A70001B687F4A934272D0FB681B687D4A934201
:109A80006DD0FB681B687C4A934268D0FB681B68FA
:109A90007A4A934263D0FB681B68794A93425ED04E
:109AA000FB681B68774A934259D0FB681B68764A6B
:109AB000934254D0FB681B68744A93424FD0FB68B2
:109AC0001B68734A93424AD0FB681B68714A9342F1
:109AD00045D0FB681B68704A934240D0FB681B6806
:109AE0006E4A93423BD0FB681B686D4A934236D066
:109AF000FB681B686B4A934231D0FB681B686A4A5B
:109B000093422CD0FB681B68684A934227D0FB68BD
:109B10001B68674A934222D0FB681B68654A9342E0
:109B20001DD0FB681B68644A934218D0FB681B6811
:109B3000624A934213D0FB681B68614A93420ED07D
:109B4000FB681B685F4A934209D0FB681B685E4A4A
:109B5000934204D0FB681B685C4A934201D1012305
:109B600000E00023002B0DD0FB685B6EFA68926E5C
:109B70005A60FB68DB6E002B04D0FB681B6FFA6831
:109B8000526F5A60FB681B68394A93424AD0FB689F
:109B90001B68384A934245D0FB681B68364A93429B
:109BA00040D0FB681B68354A93423BD0FB681B687A
:109BB000334A934236D0FB681B68324A934231D015
:109BC000FB681B68304A93422CD0FB681B682F4A05
:109BD000934227D0FB681B682D4A934222D0FB6832
:109BE0001B682C4A93421DD0FB681B682A4A93428B
:109BF00018D0FB681B68294A934213D0FB681B6886
:109C0000274A93420ED0FB681B68264A934209D02C
:109C1000FB681B68244A934204D0FB681B68234AF4
:109C2000934201D1012300E00023002B59D0FB68AF
:109C3000DB6D03F01F033F229A407B699A60FB684B
:109C40001B681A68FB681B6822F480221A60FB6894
:109C50001B683A685A60FB689B68402B38D1FB68E8
:109C60001B687A689A60FB681B68BA68DA6086E0ED
:109C7000100002402800024040000240580002400C
:109C80007000024088000240A0000240B80002407C
:109C900010040240280402404004024058040240DC
:109CA0007004024088040240A0040240B80402404C
:109CB000085402581C540258305402584454025854
:109CC000585402586C540258805402589454025804
:109CD000FB681B68BA689A60FB681B687A68DA6080
:109CE0004DE0FB681B68294A934222D0FB681B6841
:109CF000274A93421DD0FB681B68264A934218D01E
:109D0000FB681B68244A934213D0FB681B68234AF4
:109D100093420ED0FB681B68214A934209D0FB682E
:109D20001B68204A934204D0FB681B681E4A93427A
:109D300001D1012300E00023002B20D0FB68DB6D64
:109D400003F01F0301229A403B695A60FB681B68BD
:109D50003A685A60FB689B68402B08D1FB681B6817
:109D60007A689A60FB681B68BA68DA6007E0FB688B
:109D70001B68BA689A60FB681B687A68DA6000BF83
:109D80001C37BD465DF8047B704700BF085402587D
:109D90001C54025830540258445402585854025823
:109DA0006C540258805402589454025880B485B0C0
:109DB00000AF78607B681B68424A93424AD07B6858
:109DC0001B68414A934245D07B681B683F4A9342D7
:109DD00040D07B681B683E4A93423BD07B681B683F
:109DE0003C4A934236D07B681B683B4A934231D051
:109DF0007B681B68394A93422CD07B681B68384AC1
:109E0000934227D07B681B68364A934222D07B68F6
:109E10001B68354A93421DD07B681B68334A9342C6
:109E200018D07B681B68324A934213D07B681B684A
:109E3000304A93420ED07B681B682F4A934209D068
:109E40007B681B682D4A934204D07B681B682C4AB0
:109E5000934201D1012300E00023002B24D07B6832
:109E60001B68DBB2103B274AA2FB03231B09FB60E4
:109E7000FB6803F00703244AD35C1A467B68DA6563
:109E8000FB68032B08D97B681B681A461F4B1340DD
:109E90001A1D7B689A650DE07B681B681A461B4B90
:109EA00013407A68936505E07B681B6823F0FF0226
:109EB0007B689A657B689B6D18461437BD465DF8D4
:109EC000047B70471000024028000240400002401E
:109ED000580002407000024088000240A00002408A
:109EE000B80002401004024028040240400402402E
:109EF000580402407004024088040240A00402405A
:109F0000B8040240ABAAAAAA8C57010800FCFFFFC4
:109F100080B485B000AF78600023FB737B689B69D9
:109F2000002B20D17B689B6A032B58D801A252F8E2
:109F300023F000BF459F0008579F0008459F000879
:109F4000DF9F00087B68DB6A03F08073002B48D03A
:109F50000123FB7345E07B68DB6AB3F1C07F42D12C
:109F60000123FB733FE07B689B69B3F5005F23D15E
:109F70007B689B6A032B38D801A252F823F000BFFC
:109F8000919F0008979F0008919F0008A99F0008D3
:109F90000123FB7330E07B68DB6A03F08073002BE6
:109FA00025D00123FB7322E07B68DB6AB3F1C07F1D
:109FB0001FD10123FB731CE07B689B6A022B02D933
:109FC000032B03D018E00123FB7315E07B68DB6AE9
:109FD00003F08073002B0ED00123FB730BE000BF56
:109FE0000AE000BF08E000BF06E000BF04E000BFD9
:109FF00002E000BF00E000BFFB7B18461437BD46FF
:10A000005DF8047B704700BF80B485B000AF786016
:10A010007B681B68BB607B681B68384A934222D010
:10A020007B681B68364A93421DD07B681B68354AA3
:10A03000934218D07B681B68334A934213D07B68E5
:10A040001B68324A93420ED07B681B68304A9342A9
:10A0500009D07B681B682F4A934204D07B681B6839
:10A060002D4A934201D1012300E00023002B1AD096
:10A070007B681B68DBB2083B284AA2FB03231B0951
:10A08000FB60FA68264B13449B001A467B681A66ED
:10A090007B68244A5A66FB6803F01F0301229A403A
:10A0A0007B689A6624E07B681B68DBB2103B1E4A23
:10A0B000A2FB03231B09FB60BB681C4A934206D822
:10A0C000BB681B4A934202D9FB680833FB60FA68FD
:10A0D000184B13449B001A467B681A667B68164A25
:10A0E0005A66FB6803F01F0301229A407B689A6658
:10A0F00000BF1437BD465DF8047B70470854025812
:10A100001C540258305402584454025858540258AF
:10A110006C5402588054025894540258CDCCCCCC84
:10A120000096001680580258ABAAAAAAB8040240AA
:10A130000F040240008200108008024080B485B005
:10A1400000AF78607B685B68DBB2FB60FB68002B6C
:10A150004AD0FB68082B47D87B681B68254A934286
:10A1600022D07B681B68244A93421DD07B681B6801
:10A17000224A934218D07B681B68214A934213D02D
:10A180007B681B681F4A93420ED07B681B681E4A7F
:10A19000934209D07B681B681C4A934204D07B68B9
:10A1A0001B681B4A934201D1012300E00023002BCE
:10A1B0000AD0FA68174B13449B001A467B68DA668C
:10A1C0007B68154A1A6709E0FA68144B13449B0030
:10A1D0001A467B68DA667B68114A1A67FB68013B9E
:10A1E00001229A407B685A6700BF1437BD465DF86C
:10A1F000047B7047085402581C54025830540258CB
:10A2000044540258585402586C540258805402580E
:10A21000945402583F960016405902583F8200104D
:10A220004009024080B582B000AF78607B68002BA7
:10A2300001D101234FE07B6893F86130DBB2002B42
:10A2400006D17B68002283F86020786800F04EF821
:10A250007B68022283F861207B681B681A68204BA8
:10A2600013407A6851687A68D26911437A68126833
:10A270000B4313607B681B685A6B1A4B13407A6858
:10A2800091687A68926911437A6812680B43536344
:10A290007B681B681A6C144B13407A68D1687A6823
:10A2A00012680B4313647B681B685B6B23F44011DB
:10A2B0007B681B691A057B685B695B051A437B68D1
:10A2C0001B680A435A637B6800225A667B68012236
:10A2D00083F86120002318460837BD4680BD00BFC3
:10A2E000BFFFF8FFF8FEFFFF0000FFFF80B483B060
:10A2F00000AF786000BF0C37BD465DF8047B704747
:10A3000080B586B002AFF860B9607A603B60FB68E8
:10A3100093F86030012B01D1022318E0FB68012281
:10A3200083F86020FB68022283F86120BB690093F8
:10A330003B687A68B968F86800F0A4F9FB681B68A4
:10A340001A68FB681B6842F001021A600023184675
:10A350001037BD4680BD80B586B000AF78603960EB
:10A360000023FB607B681B681B6803F00103002B64
:10A3700056D0FCF799FF78614BE07B681B685B68FF
:10A38000FB60FB6803F02103002B23D0FB6803F084
:10A390002003002B05D07B685B6E43F002027B68D4
:10A3A0005A66FB6803F00103002B05D07B685B6EE7
:10A3B00043F001027B685A667B681B6821229A6021
:10A3C0007B68042283F861207B68002283F8602088
:10A3D0000123A5E03B68B3F1FF3F1AD0FCF764FF0F
:10A3E00002467B69D31A3A689A4202D33B68002B33
:10A3F0000FD17B685B6E43F020027B685A667B68F6
:10A40000032283F861207B68002283F86020032305
:10A4100086E07B681B685B6803F00203002BACD00E
:10A420007B681B68DB6903F020033B617B681B686A
:10A430005B6A03F020033A6913433B613B69002BDD
:10A4400061D0FCF731FF786156E07B681B685B6880
:10A45000FB60FB6803F02903002B2ED0FB6803F0A0
:10A460000803002B05D07B685B6E43F004027B6819
:10A470005A66FB6803F02003002B05D07B685B6EF7
:10A4800043F002027B685A66FB6803F00103002B6D
:10A4900005D07B685B6E43F001027B685A667B687F
:10A4A0001B6829229A607B68042283F861207B68FC
:10A4B000002283F86020012332E03B68B3F1FF3FC4
:10A4C0001AD0FCF7F1FE02467B69D31A3A689A4229
:10A4D00002D33B68002B0FD17B685B6E43F02002F8
:10A4E0007B685A667B68032283F861207B680022C0
:10A4F00083F86020032313E07B681B685B6803F02C
:10A500001003002BA1D07B681B6812229A607B6825
:10A51000012283F861207B68002283F860200023F9
:10A5200018461837BD4680BD80B487B000AF78604C
:10A5300039607B685B68B3F5403F3B68012B7B6803
:10A5400093F86030012B01D1022392E07B68012255
:10A5500083F860207B68022283F861203A68134602
:10A56000DB009B1A9B0028337A681344FB60FB686E
:10A570005A68FB689B681B041A43FB681B691B0530
:10A580001A43FB685B695B0513433B613C4B7B6192
:10A59000FB685B680A2B03D0FB685B68092B07D15B
:10A5A000FB68DB6803F07F433A6913433B6105E0D6
:10A5B000FB68DB681B063A6913433B613B68002B71
:10A5C00020D17B681B685A6A7B69DB4302EA03017E
:10A5D0007B681B683A690A435A627B681B68FA68A1
:10A5E00012689A61FB685B680A2B03D0FB685B68A2
:10A5F000092B35D1FB68DA687B681B6822F07F4243
:10A600009A622DE0FB685B680B2B09D1FB689B69A4
:10A610009B043A6913433B617B6943F440237B61AC
:10A620007B681B68DA697B69DB4302EA03017B68AC
:10A630001B683A690A43DA617B681B68FA6812682A
:10A640001A61FB685B680A2B03D0FB685B68092B07
:10A6500006D1FB68DA687B681B6822F07F421A62C9
:10A660007B68012283F861207B68002283F86020E8
:10A67000002318461C37BD465DF8047B704700BFB9
:10A680000F0033FF80B48BB000AFF860B9607A6020
:10A690003B60FB681B685B6C03F040413B681A043D
:10A6A0003B6B1A43FB681B680A435A64FB681B68D0
:10A6B0007A68DA63FB685B68B3F5403F74D1BB68C6
:10A6C00003F07F433B62BB6803F47F03FB61BB681D
:10A6D00003F47F43BB61BB68DBB27B61FB689B68B3
:10A6E000002B08D1BA69FB691A433B6A13437A69A4
:10A6F00013437B6253E0FB689B68012B06D1BA6968
:10A70000FB6913437A6913437B6248E0FB689B68EB
:10A71000022B11D1FB69DB0CFB61BB699B0ABB619E
:10A720007B69DB087B61BB695A01FB69DB02134370
:10A730007A6913437B6232E0FB689B68032B17D175
:10A740003B6ADB0F3B62FB69DB0CFB61BB69DB0A2D
:10A75000BB617B69DB087B61BB695A01FB699B02BA
:10A760001A433B6ADB0313437A6913437B6216E0A7
:10A770003B6A1B0F3B62FB691B0DFB61BB691B0B3B
:10A78000BB617B691B097B61BB691A01FB691B0209
:10A790001A433B6A1B0313437A6913437B62FB68CA
:10A7A0001B687A6A9A630DE0FB685B68B3F5802FDB
:10A7B00004D1FB681B68BA685A6103E0FB681B6838
:10A7C000BA68DA6000BF2C37BD465DF8047B70477D
:10A7D00080B487B000AFF8600B467A60FB7200234C
:10A7E000FB75FB68002B01D101230AE0FB7A002BEB
:10A7F00003D1FB687A685A6002E00123FB7500BF51
:10A80000FB7D18461C37BD465DF8047B704780B45D
:10A8100083B000AF786039607B68002B01D10123E1
:10A8200003E07B683A681A60002318460C37BD467F
:10A830005DF8047B7047000080B586B000AF78609B
:10A840007B681B681B0C03F003037B617B681B6840
:10A8500003F01F03012202FA03F33B617B691A0133
:10A860000C4B1344FB60FB681B683A691340BB60E8
:10A87000BB68002B09D0FB683A691A607B685B688B
:10A88000002B02D07B685B68984700BF1837BD4635
:10A8900080BD00BF8800005880B489B000AF7860E8
:10A8A00039600023FB61864B7B618CE13B681A6851
:10A8B0000121FB6901FA03F313403B613B69002B63
:10A8C00000F07E813B685B68012B0BD03B685B68C6
:10A8D000022B07D03B685B68112B03D03B685B6899
:10A8E000122B30D17B689B68BB61FB695B00032244
:10A8F00002FA03F3DB43BA691340BB613B68DA68D1
:10A90000FB695B0002FA03F3BA691343BB617B681E
:10A91000BA699A607B685B68BB610122FB6902FAD5
:10A9200003F3DB43BA691340BB613B685B681B09F7
:10A9300003F00102FB6902FA03F3BA691343BB6136
:10A940007B68BA695A607B68DB68BB61FB695B0046
:10A95000032202FA03F3DB43BA691340BB613B688D
:10A960009A68FB695B0002FA03F3BA691343BB619F
:10A970007B68BA69DA603B685B68022B03D03B688E
:10A980005B68122B23D1FB69DA087B68083253F825
:10A990002230BB61FB6903F007039B000F2202FA20
:10A9A00003F3DB43BA691340BB613B681A69FB6977
:10A9B00003F007039B0002FA03F3BA691343BB6178
:10A9C000FB69DA087B680832B96943F822107B68B2
:10A9D0001B68BB61FB695B00032202FA03F3DB43E4
:10A9E000BA691340BB613B685B6803F00302FB6913
:10A9F0005B0002FA03F3BA691343BB617B68BA696F
:10AA00001A603B685B6803F08053002B00F0D8802D
:10AA10002C4BD3F8F4302B4A43F00203C2F8F43045
:10AA2000284BD3F8F43003F00203FB60FB68264A9E
:10AA3000FB699B08023352F82330BB61FB6903F0CA
:10AA400003039B000F2202FA03F3DB43BA691340AE
:10AA5000BB617B681D4A93424AD07B681C4A934283
:10AA60002BD07B681B4A934225D07B681A4A9342BD
:10AA70001FD07B68194A934219D07B68184A9342C9
:10AA800013D07B68174A93420DD07B68164A9342D5
:10AA900007D07B68154A934201D1092329E00A2394
:10AAA00027E0072325E0062323E0052321E00423F4
:10AAB0001FE003231DE002231BE0012319E000BF78
:10AAC000800000580044025800040058000002585A
:10AAD0000004025800080258000C025800100258E6
:10AAE0000014025800180258001C02580024025892
:10AAF0000023FA6902F0030292009340BA691343FB
:10AB0000BB613849FB699B080233BA6941F82320CD
:10AB10007B691B68BB613B69DB43BA691340BB615E
:10AB20003B685B6803F48033002B03D0BA693B6950
:10AB30001343BB617B69BA691A607B695B68BB615F
:10AB40003B69DB43BA691340BB613B685B6803F454
:10AB50000033002B03D0BA693B691343BB617B69A7
:10AB6000BA695A604FF0B0431B68BB613B69DB4375
:10AB7000BA691340BB613B685B6803F48013002B28
:10AB800003D0BA693B691343BB614FF0B042BB6964
:10AB900013604FF0B0435B68BB613B69DB43BA694C
:10ABA0001340BB613B685B6803F40013002B03D0C8
:10ABB000BA693B691343BB614FF0B042BB69536054
:10ABC000FB690133FB613B681A68FB6922FA03F3F6
:10ABD000002B7FF46BAE00BF00BF2437BD465DF88D
:10ABE000047B70470004005880B487B000AF7860E1
:10ABF000396000237B61724B3B61D3E001227B69AA
:10AC000002FA03F33A681340FB60FB68002B00F084
:10AC1000C6806C4A7B699B08023352F82330BB60C4
:10AC20007B6903F003039B000F2202FA03F3BA6867
:10AC30001340BB607B68644A934231D07B68634AAF
:10AC400093422BD07B68624A934225D07B68614A4D
:10AC500093421FD07B68604A934219D07B685F4A59
:10AC6000934213D07B685E4A93420DD07B685D4A65
:10AC7000934207D07B685C4A934201D1092310E0DC
:10AC80000A230EE007230CE006230AE0052308E070
:10AC9000042306E0032304E0022302E0012300E092
:10ACA00000237A6902F0030292009340BA689A4244
:10ACB00036D13B691A68FB68DB431A403B691A606E
:10ACC0003B695A68FB68DB431A403B695A604FF0A6
:10ACD000B0431A68FB68DB434FF0B04113400B6090
:10ACE0004FF0B0435A68FB68DB434FF0B04113406C
:10ACF0004B607B6903F003039B000F2202FA03F30E
:10AD0000BB60304A7B699B08023352F82310BB6852
:10AD1000DA432C487B699B080A40023340F8232021
:10AD20007B681A687B695B00032101FA03F31A430D
:10AD30007B681A607B69DA087B68083253F8221056
:10AD40007B6903F007039B000F2202FA03F3DB4346
:10AD50007A69D20819407B68083243F822107B6870
:10AD6000DA687B695B00032101FA03F3DB431A40D5
:10AD70007B68DA607B685A6801217B6901FA03F31A
:10AD8000DB431A407B685A607B689A687B695B008A
:10AD9000032101FA03F3DB431A407B689A607B6965
:10ADA00001337B613A687B6922FA03F3002B7FF45D
:10ADB00025AF00BF00BF1C37BD465DF8047B704760
:10ADC0008000005800040058000002580004025897
:10ADD00000080258000C02580010025800140258D3
:10ADE00000180258001C02580024025880B483B096
:10ADF00000AF78600B467B8013467B707B78002B1E
:10AE000003D07A887B689A6103E07B881A047B68A8
:10AE10009A6100BF0C37BD465DF8047B70470000A7
:10AE200080B582B000AF78607B68002B01D1012330
:10AE30007FE07B6893F84130DBB2002B06D17B6862
:10AE4000002283F84020786800F0A9F87B6824226B
:10AE500083F841207B681B681A687B681B6822F0B6
:10AE600001021A607B685A687B681B6822F0706276
:10AE70001A617B681B689A687B681B6822F4004231
:10AE80009A607B68DB68012B07D17B689A687B68D6
:10AE90001B6842F400429A6006E07B689A687B680F
:10AEA0001B6842F404429A607B68DB68022B04D181
:10AEB0007B681B684FF400625A607B681B685968A6
:10AEC0007B681A681D4B0B4353607B681B68DA680C
:10AED0007B681B6822F40042DA607B681A697B6831
:10AEE0005B6942EA03017B689B691A027B681B6805
:10AEF0000A43DA607B68D9697B681A6A7B681B68D9
:10AF00000A431A607B681B681A687B681B6842F0FA
:10AF100001021A607B6800225A647B68202283F851
:10AF200041207B6800221A637B68002283F842205C
:10AF3000002318460837BD4680BD00BF00800002D0
:10AF400080B582B000AF78607B68002B01D101230F
:10AF500021E07B68242283F841207B681B681A6803
:10AF60007B681B6822F001021A60786800F021F803
:10AF70007B6800225A647B68002283F841207B684A
:10AF800000221A637B68002283F842207B6800223B
:10AF900083F84020002318460837BD4680BD80B4A2
:10AFA00083B000AF786000BF0C37BD465DF8047B0E
:10AFB000704780B483B000AF786000BF0C37BD46E7
:10AFC0005DF8047B7047000080B588B002AFF86080
:10AFD000084611461A4603467B810B463B811346C1
:10AFE000FB80FB6893F84130DBB2202B40F0F98006
:10AFF0003B6A002B02D0BB8C002B05D1FB684FF4C1
:10B0000000725A640123EDE0FB6893F84030012B95
:10B0100001D10223E6E0FB68012283F84020FCF71F
:10B0200043F978617B690093192301224FF40041B1
:10B03000F86800F0DDFA0346002B01D00123D1E0CF
:10B04000FB68212283F84120FB68402283F84220DC
:10B05000FB6800225A64FB683A6A5A62FB68BA8C41
:10B060005A85FB6800225A63F8883A8979897B6996
:10B070000193BB6A00930346F86800F0EDF90346BC
:10B08000002B05D0FB68002283F840200123A9E0B3
:10B09000FB685B8D9BB2FF2B0ED9FB68FF221A85E4
:10B0A000FB681B8DDAB27989002300934FF080731F
:10B0B000F86800F0BFFB0FE0FB685B8D9AB2FB689D
:10B0C0001A85FB681B8DDAB27989002300934FF053
:10B0D0000073F86800F0AEFB7A69B96AF86800F0AE
:10B0E000C7FA0346002B01D001237BE0FB685B6AB3
:10B0F0001A78FB681B689A62FB685B6A5A1CFB68DB
:10B100005A62FB685B8D9BB2013B9AB2FB685A8521
:10B11000FB681B8D013B9AB2FB681A85FB685B8D4F
:10B120009BB2002B34D0FB681B8D002B30D17B6988
:10B130000093BB6A00228021F86800F059FA0346A8
:10B14000002B01D001234DE0FB685B8D9BB2FF2BF0
:10B150000ED9FB68FF221A85FB681B8DDAB279894C
:10B16000002300934FF08073F86800F063FB0FE05A
:10B17000FB685B8D9AB2FB681A85FB681B8DDAB29F
:10B180007989002300934FF00073F86800F052FBB8
:10B19000FB685B8D9BB2002B9ED17A69B96AF86817
:10B1A00000F0A6FA0346002B01D001231AE0FB6849
:10B1B0001B682022DA61FB681B685968FB681A6803
:10B1C0000A4B0B405360FB68202283F84120FB6848
:10B1D000002283F84220FB68002283F840200023ED
:10B1E00000E0022318461837BD4680BD00E800FE87
:10B1F00080B588B002AFF860084611461A4603468B
:10B200007B810B463B811346FB80FB6893F8413002
:10B21000DBB2202B40F0FD803B6A002B02D0BB8CC0
:10B22000002B05D1FB684FF400725A640123F1E052
:10B23000FB6893F84030012B01D10223EAE0FB6860
:10B24000012283F84020FCF72FF878617B69009396
:10B25000192301224FF40041F86800F0C9F90346B0
:10B26000002B01D00123D5E0FB68222283F8412086
:10B27000FB68402283F84220FB6800225A64FB6886
:10B280003A6A5A62FB68BA8C5A85FB6800225A6394
:10B29000F8883A8979897B690193BB6A00930346F0
:10B2A000F86800F02DF90346002B05D0FB6800225A
:10B2B00083F840200123ADE0FB685B8D9BB2FF2B40
:10B2C0000ED9FB68FF221A85FB681B8DDAB27989DB
:10B2D000524B00934FF08073F86800F0ABFA0FE028
:10B2E000FB685B8D9AB2FB681A85FB681B8DDAB22E
:10B2F00079894A4B00934FF00073F86800F09AFA8E
:10B300007B690093BB6A00220421F86800F070F9A1
:10B310000346002B01D001237CE0FB681B685A6ABE
:10B32000FB685B6AD2B21A70FB685B6A5A1CFB68E6
:10B330005A62FB681B8D013B9AB2FB681A85FB6859
:10B340005B8D9BB2013B9AB2FB685A85FB685B8DB3
:10B350009BB2002B34D0FB681B8D002B30D17B6956
:10B360000093BB6A00228021F86800F041F903468F
:10B37000002B01D001234DE0FB685B8D9BB2FF2BBE
:10B380000ED9FB68FF221A85FB681B8DDAB279891A
:10B39000002300934FF08073F86800F04BFA0FE041
:10B3A000FB685B8D9AB2FB681A85FB681B8DDAB26D
:10B3B0007989002300934FF00073F86800F03AFA9F
:10B3C000FB685B8D9BB2002B9AD17A69B96AF868E9
:10B3D00000F08EF90346002B01D001231AE0FB6830
:10B3E0001B682022DA61FB681B685968FB681A68D1
:10B3F0000B4B0B405360FB68202283F84120FB6815
:10B40000002283F84220FB68002283F840200023BA
:10B4100000E0022318461837BD4680BD0024008096
:10B4200000E800FE80B483B000AF78607B6893F8DA
:10B430004130DBB218460C37BD465DF8047B7047DF
:10B4400080B483B000AF78607B685B6C18460C37C3
:10B45000BD465DF8047B704780B586B002AFF860EA
:10B46000084611461A4603467B810B463B8113462C
:10B47000FB80FB88DAB27989204B00934FF0807310
:10B48000F86800F0D7F9FA69B969F86800F0F0F8DF
:10B490000346002B01D001232CE0FB88012B05D1B2
:10B4A0003B89DAB2FB681B689A6215E03B891B0A8C
:10B4B0009BB2DAB2FB681B689A62FA69B969F868EC
:10B4C00000F0D6F80346002B01D0012312E03B899F
:10B4D000DAB2FB681B689A62FB690093BB690022C1
:10B4E0008021F86800F084F80346002B01D0012386
:10B4F00000E0002318461037BD4680BD00200080C4
:10B5000080B586B002AFF860084611461A46034679
:10B510007B810B463B811346FB80FB88DAB279893D
:10B52000204B00930023F86800F084F9FA69B969A8
:10B53000F86800F09DF80346002B01D001232CE0B1
:10B54000FB88012B05D13B89DAB2FB681B689A6244
:10B5500015E03B891B0A9BB2DAB2FB681B689A6252
:10B56000FA69B969F86800F083F80346002B01D046
:10B57000012312E03B89DAB2FB681B689A62FB691F
:10B580000093BB6900224021F86800F031F80346BF
:10B59000002B01D0012300E0002318461037BD46E0
:10B5A00080BD00BF0020008080B483B000AF786011
:10B5B0007B681B689B6903F00203022B03D17B6845
:10B5C0001B6800229A627B681B689B6903F0010379
:10B5D000012B07D07B681B689A697B681B6842F067
:10B5E00001029A6100BF0C37BD465DF8047B7047CD
:10B5F00080B584B000AFF860B9603B601346FB7162
:10B6000022E03B68B3F1FF3F1ED0FBF74DFE024640
:10B61000BB69D31A3A689A4202D33B68002B13D114
:10B62000FB685B6C43F02002FB685A64FB682022D5
:10B6300083F84120FB68002283F84220FB68002247
:10B6400083F8402001230FE0FB681B689A69BB6800
:10B650001340BA689A420CBF01230023DBB21A469A
:10B66000FB799A42CDD0002318461037BD4680BDE5
:10B6700080B584B000AFF860B9607A602CE07A6879
:10B68000B968F86800F070F80346002B01D0012378
:10B690002AE0BB68B3F1FF3F1ED0FBF705FE024670
:10B6A0007B68D31ABA689A4202D3BB68002B13D1C5
:10B6B000FB685B6C43F02002FB685A64FB68202245
:10B6C00083F84120FB68002283F84220FB680022B7
:10B6D00083F84020012307E0FB681B689B6903F0A7
:10B6E0000203022BCBD1002318461037BD4680BD84
:10B6F00080B584B000AFF860B9607A6028E07A68FD
:10B70000B968F86800F030F80346002B01D0012337
:10B7100026E0FBF7C9FD02467B68D31ABA689A4255
:10B7200002D3BB68002B13D1FB685B6C43F0200293
:10B73000FB685A64FB68202283F84120FB680022E2
:10B7400083F84220FB68002283F84020012307E0B1
:10B75000FB681B689B6903F02003202BCFD10023DB
:10B7600018461037BD4680BD80B584B000AFF86084
:10B77000B9607A60FB681B689B6903F01003102BAB
:10B7800051D122E0BB68B3F1FF3F1ED0FBF78CFD27
:10B7900002467B68D31ABA689A4202D3BB68002B70
:10B7A00013D1FB685B6C43F02002FB685A64FB68B2
:10B7B000202283F84120FB68002283F84220FB68A6
:10B7C000002283F8402001232EE0FB681B689B6960
:10B7D00003F02003202BD5D1FB681B681022DA610F
:10B7E000FB681B682022DA61F868FFF7DDFEFB6862
:10B7F0001B685968FB681A680D4B0B405360FB6867
:10B800005B6C43F00402FB685A64FB68202283F8F7
:10B810004120FB68002283F84220FB68002283F865
:10B820004020012300E0002318461037BD4680BDAC
:10B8300000E800FE80B485B000AFF8607B600B4686
:10B840007B8113467B72FB681B685A68BB695B0D82
:10B8500003F480610D4B0B43DB4302EA03017B8958
:10B86000C3F309027B7A1B0403F47F031A437B684A
:10B870001A43BB691A43FB681B680A435A6000BF3E
:10B880001437BD465DF8047B704700BFFF63FF03BC
:10B8900080B483B000AF786039607B6893F8413042
:10B8A000DBB2202B38D17B6893F84030012B01D1DB
:10B8B000022332E07B68012283F840207B68242247
:10B8C00083F841207B681B681A687B681B6822F03C
:10B8D00001021A607B681B681A687B681B6822F487
:10B8E00080521A607B681B6819687B681B683A681D
:10B8F0000A431A607B681B681A687B681B6842F001
:10B9000001021A607B68202283F841207B680022B4
:10B9100083F84020002300E0022318460C37BD4680
:10B920005DF8047B704780B485B000AF7860396003
:10B930007B6893F84130DBB2202B39D17B6893F8D8
:10B940004030012B01D1022333E07B68012283F8D0
:10B9500040207B68242283F841207B681B681A689A
:10B960007B681B6822F001021A607B681B681B68F9
:10B97000FB60FB6823F47063FB603B681B02FA68A2
:10B980001343FB607B681B68FA681A607B681B685E
:10B990001A687B681B6842F001021A607B682022EB
:10B9A00083F841207B68002283F84020002300E0D8
:10B9B000022318461437BD465DF8047B704700002B
:10B9C00080B584B000AF78607B68002B01D1012383
:10B9D000BFE07B6893F8A130DBB2002B06D17B6817
:10B9E000002283F8A020786800F0BAF87B68022271
:10B9F00083F8A1207B681B689A697B681B6822F02A
:10BA000070429A617B681B6899697B685A687B6899
:10BA10009B681A437B68DB681A437B681B691A437F
:10BA20007B681B680A439A617B681B6899687B681E
:10BA30001A684A4B0B4093607B685B691B04FB6090
:10BA40007B681B6899687B689A69FB681A437B6806
:10BA50001B680A439A607B681B68D9687B681A6810
:10BA60003E4B0B40D3607B68DB691B04FB607B684B
:10BA70001B68D9687B681A6AFB681A437B681B6875
:10BA80000A43DA607B681B6819697B681A68334B64
:10BA90000B4013617B685B6A1B04FB607B681B685F
:10BAA00019697B689A6AFB681A437B681B680A43BA
:10BAB0001A617B681B6859697B681A68274B0B40C1
:10BAC00053617B68DB6A1B04FB607B681B685969F8
:10BAD0007B681A6BFB681A437B681B680A435A61D0
:10BAE0007B6893F835301B02FB607B6893F8363037
:10BAF0001B04BB607B681B68DA6A7B681B6802F00A
:10BB00007F42DA627B681B68D96ABA68FB681343B4
:10BB10007A6892F834201A437B681B680A43DA6219
:10BB20007B681B685A6B7B681B6842F006025A638D
:10BB30007B681B689A697B681B6842F001029A6106
:10BB40007B680022C3F8A4207B68012283F8A1202F
:10BB5000002318461037BD4680BD00BF00F800F036
:10BB600080B483B000AF786000BF0C37BD465DF88D
:10BB7000047B7047B0B584B000AFF860B9607A60FC
:10BB8000FB6893F8A030012B01D102232CE0FB6865
:10BB9000012283F8A020FB68022283F8A120FA6822
:10BBA0007B68342101FB03F3134403F13802BB68C3
:10BBB00014461D460FCD0FC40FCD0FC40FCD0FC4BB
:10BBC0002B6823607A68B968F86800F011F8FB68A0
:10BBD0001B6801225A62FB68012283F8A120FB68DE
:10BBE000002283F8A020002318461037BD46B0BDC0
:10BBF00080B489B000AFF860B9607A60BB685A68F9
:10BC0000FB681B68DB681B0CC3F30B0313441B04AA
:10BC1000FB61FB681B681A467B68DB0113448433B5
:10BC20005B68FA68126811467A68D2010A44843265
:10BC300003F470435360BB681A68FB681B68DB68D9
:10BC40001B0CC3F30B0313445A1CFB681B681946F7
:10BC50007B68DB010B4484331946FB6913434B605B
:10BC6000BB68DA68FB681B68DB68C3F30A0313442C
:10BC70001B04FB61FB681B681A467B68DB011344ED
:10BC800084339B68FA68126811467A68D2010A44C4
:10BC9000843203F470439360BB689A68FB681B6846
:10BCA000DB68C3F30A0313445A1CFB681B6819467C
:10BCB0007B68DB010B4484331946FB6913438B60BB
:10BCC000FB681B681A467B68DB01134484331B69DD
:10BCD000FA68126811467A68D2010A44843223F065
:10BCE00007031361FB681B681A467B68DB0113447A
:10BCF00084331A46BB681B691361BB6893F8313003
:10BD00001B02FB61BB6893F832301B04BB61BB684C
:10BD10009B691B067B61FB681B681A467B68DB011D
:10BD2000134484339B69FB681B681A467B68DB01FC
:10BD3000134484331A4600239361BB6893F8303070
:10BD40001A46FB691A43BB691A43FB681B6819460C
:10BD50007B68DB010B44843319467B6913438B6199
:10BD6000FB681B681A467B68DB01134484335B69FC
:10BD7000FA68126811467A68D2010A44843223F0C4
:10BD8000FF035361FB681B681A467B68DB011344A1
:10BD900084331A46BB685B695361FB681B681A46AB
:10BDA0007B68DB0113448433DA69FB681B6819463E
:10BDB0007B68DB010B4484331946584B1340CB613D
:10BDC000BB68DA69BB681B6AF96809680846796864
:10BDD000C901014484311343CB61FB681B681A46D7
:10BDE0007B68DB01134484339B6AFB681B681A463B
:10BDF0007B68DB01134484331A4600239362FB689B
:10BE00001B681A467B68DB01134484331A46BB68FF
:10BE10005B6A9362BB681B69002B02D10423FB6140
:10BE20001BE0BB681B69012B02D10323FB6114E0FB
:10BE3000BB681B69042B0BD0BB681B69022B07D0A6
:10BE4000BB681B69032B03D0BB681B69072B02D19E
:10BE50000223FB6101E00123FB61FB681B681A46BA
:10BE60007B68DB0113448433DB6AFA68126811468D
:10BE70007A68D2010A44843203F0E023D362BB68BB
:10BE80009B6AFA6902FB03F31A04BB685968BB6832
:10BE90001B68CB1AF96901FB03F30733F9680968DA
:10BEA00008467968C901014484311343CB62FB68B9
:10BEB0001B681A467B68DB01134484331A6BFB68EA
:10BEC0001B6819467B68DB010B4484331946144B0D
:10BED00013400B63FB681B681A467B68DB01134445
:10BEE00084331A46BB68DB6A1363FB681B681A4617
:10BEF0007B68DB01134484331B68FA6812681146BF
:10BF00007A68D2010A44843243F00103136000BF0F
:10BF10002437BD465DF8047B704700BFF8F8FFFF8B
:10BF200000F8FFFF80B584B000AF7860FBF7BCF984
:10BF3000F8607B68002B01D101233BE07B68002285
:10BF400083F83C207B68022283F83D207B681B68D5
:10BF5000DA687B681B6822F00102DA600FE0FBF709
:10BF6000A3F90246FB68D31A052B08D97B68402247
:10BF70009A667B68032283F83D2001231AE07B68E0
:10BF80001B68DB6803F00103002BE8D1786800F040
:10BF900015F87B680022DA657B6800221A667B68E8
:10BFA00000225A667B6800229A667B68012283F829
:10BFB0003D20002318461037BD4680BD80B485B0B3
:10BFC00000AF78607B68D9687B681A697B681B68FA
:10BFD0000A43DA607B685A697B689B691A437B680D
:10BFE000DB691A437B681B6A1A437B685B6A1A43E6
:10BFF0007B68DB6A1A437B681B6B1A437B689B6A0E
:10C00000013B9B0442EA03017B689A687B681B68DA
:10C010000A431A617B685B68B3F1804F07D17B6884
:10C020001B681A697B681B6842F040421A617B6892
:10C030001B6800225A617B685B6B002B11DA7B68FE
:10C040001B685A697B681B6842F480225A617B68CE
:10C050005B6B5B42FB607B681B68FA6892B21A629A
:10C0600006E07B685B6B1A467B681B6892B21A62BB
:10C070007B689B6B002B15DA7B681B685A697B68B1
:10C080001B6842F400225A617B689B6B5B42FB6039
:10C090007B681B68196AFB681A047B681B680A4383
:10C0A0001A6209E07B681B68196A7B689B6B1A043B
:10C0B0007B681B680A431A627B685B68B3F1804F38
:10C0C00006D07B685A687B681B68D2B29A6203E02C
:10C0D0007B681B6800229A627B681B6800225A6298
:10C0E00000BF1437BD465DF8047B704780B400AFD5
:10C0F00000BFBD465DF8047B7047000080B586B088
:10C1000002AF78600023FB73FBF7CEF8B8607B6862
:10C11000002B02D10123FB73A9E07B6800229A6502
:10C120007B685B6D002B40F0A280786800F0A6F879
:10C1300041F28831786800F0E1FA7B681B689A6800
:10C140004D4B13407A68D1687A681269013A12043B
:10C1500011437A685269013A120211437A68526BAC
:10C16000120111437A68926B11437A68D2691143C4
:10C170007A6812680B4393607B681B68DB6823F462
:10C18000E0217B681A6A7B681B680A43DA607B6877
:10C190001B6B19047B68DA6B7B681B680A431A61A6
:10C1A0007B681B687A68126C5A617B681B681B6825
:10C1B00023F4F8517B685B68013B1A027B681B68BB
:10C1C0000A431A607B68DB6D0093BB680022202164
:10C1D000786800F0A2FA0346FB73FB7B002B46D184
:10C1E0007B681B68DB6823F0FF017B685B6A5A1E73
:10C1F0007B681B680A43DA607B681B681B6823F056
:10C2000040017B689A687B681B680A431A607B68F8
:10C210001B68D3F8083123F0A0417B689A6A7B68D9
:10C22000DB6A1A437B681B680A43C3F808217B68F2
:10C230001B681A687B681B6842F001021A607B6801
:10C240009B69022B07D17B681B689A687B681B6817
:10C2500042F002029A607B68DB68B3F1806F03D121
:10C260007B6801225A6502E07B6802225A65FB7BEB
:10C2700018461037BD4680BD84F8E0F880B483B01E
:10C2800000AF786000BF0C37BD465DF8047B704797
:10C2900080B584B000AF78600023FB737B68002B0F
:10C2A00002D10123FB7315E07B681B681A687B6869
:10C2B0001B6822F001021A607B681B689A687B6821
:10C2C0001B6822F002029A60786800F008F87B6828
:10C2D00000225A65FB7B18461037BD4680BD80B4EE
:10C2E00083B000AF786000BF0C37BD465DF8047BBB
:10C2F000704780B58AB002AFF860B9607A60FAF72B
:10C30000D3FFB861FB685B6D7B617B69012B02D059
:10C310007B69022B22D17B680093BB69002220211C
:10C32000F86800F0FAF90346FB77FB7F002B1AD17F
:10C33000BB681B681A04BB685B681B021A43BB68B6
:10C340009B6842EA0301BB68DA68FB681B680A4322
:10C35000C3F80022FB6802225A6504E00123FB7740
:10C36000FB6810229A65FB7F18462037BD4680BDCA
:10C3700080B588B002AFF860B9607A60FAF794FFD0
:10C380003861FB685B6D022B49D1FB68DB68B3F158
:10C39000806F44D17B6800933B6900222021F868BC
:10C3A00000F0BBF90346FB75FB7D002B3CD1FB681D
:10C3B0001B681A68FB681B6822F040521A60FB6811
:10C3C0001B689B6823F08071BB681A68FB681B6858
:10C3D0000A439A60BB681A69BB689B681A43FB688A
:10C3E0001B6842F00C22C3F80021BB681A69BB68C5
:10C3F0009B681A43FB681B6842F00C22C3F880213B
:10C40000BB68DA68FB681B68013A1A64FB681B6842
:10C41000BA6852689A64FB6804225A6504E00123F2
:10C42000FB75FB6810229A65FB7D18461837BD46E0
:10C4300080BD80B58AB002AFF860B9607A60FAF763
:10C4400033FFB861FB681B6850337B61BB68002B0E
:10C4500005D10123FB77FB6808229A6557E0FB684A
:10C460005B6D042B4ED1FB681B681B6C5A1CFB6870
:10C47000DA64FB68DA6CFB689A64FB68BA685A6431
:10C48000FB681B681A68FB681B6822F040521A6040
:10C490007B680093BB6901220421F86800F03DF934
:10C4A0000346FB77FB7F002B13D1FB685B6C1A788C
:10C4B0007B691A70FB685B6C5A1CFB685A64FB68EA
:10C4C000DB6C5A1EFB68DA64FB68DB6C002BDFD187
:10C4D00000E000BFFB7F002B19D17B680093BB6994
:10C4E00001220221F86800F018F90346FB77FB7F70
:10C4F000002B0CD1FB681B6802225A62FB680222E7
:10C500005A6504E00123FB77FB6810229A65FB7FE4
:10C5100018462037BD4680BD80B58CB002AFF860AC
:10C52000B9607A60FAF7C0FE3862FB681B68503366
:10C53000FB61FB681B689B6CBB61FB681B68D3F8E5
:10C5400010317B61BB68002B06D1012387F82730AF
:10C55000FB6808229A657CE0FB685B6D042B72D156
:10C56000FB681B681B6C5A1CFB68DA64FB68DA6C9E
:10C57000FB689A64FB68BA685A64FB681B681B68AE
:10C5800023F04052FB681B6842F080521A60FB683F
:10C59000DB68B3F1806F04D1FB681B68BA699A64E9
:10C5A00011E0FB681B68D3F8003103F4E063002B53
:10C5B00004D0FB681B68BA699A6404E0FB681B68D6
:10C5C0007A69C3F810217B6800933B6A0122062137
:10C5D000F86800F0A2F8034687F8273097F827306C
:10C5E000002B14D1FB685B6CFA691278D2B21A7016
:10C5F000FB685B6C5A1CFB685A64FB68DB6C5A1E58
:10C60000FB68DA64FB68DB6C002BDCD100E000BF68
:10C6100097F82730002B1CD17B6800933B6A0122DE
:10C620000221F86800F079F8034687F8273097F878
:10C630002730002B0DD1FB681B6802225A62FB6871
:10C6400002225A6505E0012387F82730FB68102293
:10C650009A6597F8273018462837BD4680BD0000F8
:10C6600080B586B002AF78603960FAF71DFEB86019
:10C670007B685B6D042B34D17B68DB6D0093BB68FA
:10C6800000222021786800F048F80346FB73FB7B0A
:10C69000002B2BD17B6888225A653B681B68082BCE
:10C6A00011D17B681B683A685268C3F830217B68F7
:10C6B0001B6810225A627B681B681A687B681B68BB
:10C6C00042F480121A607B681B681A680A4B134098
:10C6D0003A6812681A437B681B6842F040521A603D
:10C6E00004E00123FB737B6810229A65FB7B1846EC
:10C6F0001037BD4680BD00BFF7FFFFCF80B483B0C9
:10C7000000AF786039607B683A68DA6500231846C4
:10C710000C37BD465DF8047B704780B584B000AF30
:10C72000F860B9603B601346FB711AE0BB69B3F176
:10C73000FF3F16D0FAF7B8FD02463B68D31ABA6934
:10C740009A4202D3BB69002B0BD1FB684FF40072F5
:10C750005A65FB689B6D43F00102FB689A650123F3
:10C760000EE0FB681B681A6ABB681340002B14BFFD
:10C7700001230023DBB21A46FB799A42D6D100236B
:10C7800018461037BD4680BD80B584B000AF7860D4
:10C79000294BDB6803F00703062B0AD0264BDB6826
:10C7A00003F03F037A689A4201D001233FE000235F
:10C7B0003DE0214BDB6823F03F021F497B681343B8
:10C7C000CB60FAF771FDF86009E0FAF76DFD0246FB
:10C7D000FB68D31AB3F57A7F01D9012327E0164B02
:10C7E0005B6803F40053B3F5005FEED17B681E2B4A
:10C7F00008D07B682E2B05D07B681D2B02D07B6870
:10C800002D2B13D1FAF750FDF86009E0FAF74CFD33
:10C810000246FB68D31AB3F57A7F01D9012306E0FB
:10C82000054BDB6803F01103112BEFD100231846F1
:10C830001037BD4680BD00BF0048025880B58CB09F
:10C8400000AF78607B68002B01D101237BE37B681C
:10C850001B6803F00103002B00F08780954B1B69D8
:10C8600003F03803FB62934B9B6ABB62FB6A102B9D
:10C8700007D0FB6A182B10D1BB6A03F00303022B0D
:10C880000BD18C4B1B6803F40033002B6CD07B68FE
:10C890005B68002B68D1012355E37B685B68B3F5C7
:10C8A000803F06D1834B1B68824A43F48033136078
:10C8B0002EE07B685B68002B0CD17E4B1B687D4AA9
:10C8C00023F4803313607B4B1B687A4A23F4802364
:10C8D00013601DE07B685B68B3F5A02F0CD1754B2E
:10C8E0001B68744A43F480231360724B1B68714ABF
:10C8F00043F4803313600BE06E4B1B686D4A23F4E6
:10C90000803313606B4B1B686A4A23F480231360E7
:10C910007B685B68002B13D0FAF7C6FC786208E0EE
:10C92000FAF7C2FC02467B6AD31A642B01D90323AF
:10C9300009E3604B1B6803F40033002BF0D014E0D4
:10C94000FAF7B2FC786208E0FAF7AEFC02467B6ABE
:10C95000D31A642B01D90323F5E2564B1B6803F469
:10C960000033002BF0D100E000BF7B681B6803F0B0
:10C970000203002B6DD04F4B1B6903F038033B6261
:10C980004C4B9B6AFB613B6A002B07D03B6A182B20
:10C990001BD1FB6903F00303002B16D1454B1B6829
:10C9A00003F00403002B05D07B68DB68002B01D16A
:10C9B0000123C8E23F4B5B6823F0FE427B681B69A2
:10C9C0001B063C4913434B6043E07B68DB68002B4C
:10C9D00026D0384B1B6823F019027B68DB68354989
:10C9E00013430B60FAF760FC786208E0FAF75CFC2E
:10C9F00002467B6AD31A022B01D90323A3E22D4BF3
:10CA00001B6803F00403002BF0D02A4B5B6823F073
:10CA1000FE427B681B691B06264913434B6018E0E6
:10CA2000244B1B68234A23F001031360FAF73CFCF4
:10CA3000786208E0FAF738FC02467B6AD31A022BC8
:10CA400001D903237FE21B4B1B6803F00403002B77
:10CA5000F0D17B681B6803F01003002B6DD0154BE1
:10CA60001B6903F03803BB61124B9B6A7B61BB6996
:10CA7000082B07D0BB69182B1ED17B6903F0030379
:10CA8000012B19D10B4B1B6803F48073002B05D0CD
:10CA90007B68DB69802B01D0012354E2054BDB6806
:10CAA00023F07C527B681B6A1B0602491343CB6050
:10CAB00043E000BF004402587B68DB69002B23D0B1
:10CAC0009C4B1B689B4A43F080031360FAF7ECFB16
:10CAD000786208E0FAF7E8FB02467B6AD31A022B79
:10CAE00001D903232FE2934B1B6803F48073002BBF
:10CAF000F0D0904BDB6823F07C527B681B6A1B06EE
:10CB00008C491343CB6018E08A4B1B68894A23F099
:10CB100080031360FAF7C8FB786208E0FAF7C4FBF9
:10CB200002467B6AD31A022B01D903230BE2814B05
:10CB30001B6803F48073002BF0D17B681B6803F043
:10CB40000803002B36D07B685B69002B19D0794B2A
:10CB50005B6F784A43F001035367FAF7A5FB7862ED
:10CB600008E0FAF7A1FB02467B6AD31A022B01D92F
:10CB70000323E8E16F4B5B6F03F00203002BF0D05F
:10CB800018E06C4B5B6F6B4A23F001035367FAF7B5
:10CB90008BFB786208E0FAF787FB02467B6AD31AC0
:10CBA000022B01D90323CEE1624B5B6F03F002033A
:10CBB000002BF0D17B681B6803F02003002B36D0DC
:10CBC0007B689B69002B19D05A4B1B68594A43F468
:10CBD00080531360FAF768FB786208E0FAF764FBA9
:10CBE00002467B6AD31A022B01D90323ABE1514BD6
:10CBF0001B6803F40053002BF0D018E04D4B1B686A
:10CC00004C4A23F480531360FAF74EFB786208E035
:10CC1000FAF74AFB02467B6AD31A022B01D9032397
:10CC200091E1444B1B6803F40053002BF0D17B6867
:10CC30001B6803F00403002B00F086803E4B1B684A
:10CC40003D4A43F480731360FAF72EFB786208E0E4
:10CC5000FAF72AFB02467B6AD31A642B01D9032315
:10CC600071E1354B1B6803F48073002BF0D07B68B7
:10CC70009B68012B06D12F4B1B6F2E4A43F00103FB
:10CC800013672DE07B689B68002B0CD1294B1B6F31
:10CC9000284A23F001031367264B1B6F254A23F014
:10CCA000040313671CE07B689B68052B0CD1214BA8
:10CCB0001B6F204A43F0040313671E4B1B6F1D4A72
:10CCC00043F0010313670BE01A4B1B6F194A23F063
:10CCD00001031367174B1B6F164A23F004031367F6
:10CCE0007B689B68002B15D0FAF7DEFA78620AE0C1
:10CCF000FAF7DAFA02467B6AD31A41F28832934293
:10CD000001D903231FE10B4B1B6F03F00203002B20
:10CD1000EED019E0FAF7C8FA78620FE0FAF7C4FA31
:10CD200002467B6AD31A41F28832934206D9032322
:10CD300009E100BF0044025800480258844B1B6FB1
:10CD400003F00203002BE9D17B685B6A002B00F043
:10CD5000F9807F4B1B6903F03803182B00F0B48077
:10CD60007B685B6A022B40F09580794B1B68784AA0
:10CD700023F080731360FAF797FA786208E0FAF705
:10CD800093FA02467B6AD31A022B01D90323DAE015
:10CD90006F4B1B6803F00073002BF0D16C4B9A6A49
:10CDA0006C4B13407A68916A7A68D26A12010A431E
:10CDB000674913438B627B681B6B013BC3F308021B
:10CDC0007B685B6B013B5B029BB21A437B689B6B8E
:10CDD000013B1B0403F4FE031A437B68DB6B013B3E
:10CDE0001B0603F0FE435A4913430B63584BDB6A9F
:10CDF000574A23F00103D362554B5A6B564B1340ED
:10CE00007A68926CD200524913434B63504BDB6AF1
:10CE100023F00C027B681B6C4D491343CB624C4BD7
:10CE2000DB6A23F002027B685B6C49491343CB62E7
:10CE3000474BDB6A464A43F48033D362444BDB6A98
:10CE4000434A43F40033D362414BDB6A404A43F424
:10CE50008023D3623E4BDB6A3D4A43F00103D36239
:10CE60003B4B1B683A4A43F080731360FAF71CFA95
:10CE7000786208E0FAF718FA02467B6AD31A022BA6
:10CE800001D903235FE0324B1B6803F00073002BD2
:10CE9000F0D057E02E4B1B682D4A23F080731360AF
:10CEA000FAF702FA786208E0FAF7FEF902467B6ABE
:10CEB000D31A022B01D9032345E0254B1B6803F04D
:10CEC0000073002BF0D13DE0214B9B6A3B61204B6E
:10CED0001B6BFB607B685B6A012B31D03B6903F005
:10CEE00003027B689B6A9A422AD13B691B0903F0C3
:10CEF0003F027B68DB6A9A4222D1FB68C3F30802D7
:10CF00007B681B6B013B9A421AD1FB685B0A03F0FA
:10CF10007F027B685B6B013B9A4211D1FB681B0C63
:10CF200003F07F027B689B6B013B9A4208D1FB6850
:10CF30001B0E03F07F027B68DB6B013B9A4201D042
:10CF4000012300E0002318463037BD4680BD00BFF6
:10CF5000004402580CFCFFFF0700FFFF80B586B0BD
:10CF600000AF786039607B68002B01D101239CE120
:10CF70008A4B1B6803F00F033A689A4210D9874B1B
:10CF80001B6823F00F0285493B6813430B60834BFA
:10CF90001B6803F00F033A689A4201D0012384E131
:10CFA0007B681B6803F00403002B10D07B681A69B0
:10CFB0007B4B9B6903F070039A4208D9784B9B69BD
:10CFC00023F070027B681B69754913438B617B6892
:10CFD0001B6803F00803002B10D07B685A69704B64
:10CFE000DB6903F070039A4208D96D4BDB6923F0CB
:10CFF00070027B685B696A491343CB617B681B687D
:10D0000003F01003002B10D07B689A69644BDB6936
:10D0100003F4E0639A4208D9614BDB6923F4E062D0
:10D020007B689B695E491343CB617B681B6803F097
:10D030002003002B10D07B68DA69594B1B6A03F080
:10D0400070039A4208D9564B1B6A23F070027B6822
:10D05000DB69534913430B627B681B6803F00203CF
:10D06000002B10D07B68DA684D4B9B6903F00F03EF
:10D070009A4208D94A4B9B6923F00F027B68DB6810
:10D08000474913438B617B681B6803F00103002B46
:10D0900055D0434B9B6923F470627B689B68404981
:10D0A00013438B617B685B68022B07D13C4B1B6889
:10D0B00003F40033002B21D10123F6E07B685B6889
:10D0C000032B07D1364B1B6803F00073002B15D1DF
:10D0D0000123EAE07B685B68012B07D1304B1B68BA
:10D0E00003F48073002B09D10123DEE02C4B1B6875
:10D0F00003F00403002B01D10123D6E0284B1B6968
:10D1000023F007027B685B68254913430B61FAF73C
:10D11000CBF878610AE0FAF7C7F802467B69D31AC0
:10D1200041F28832934201D90323BEE01C4B1B69B4
:10D1300003F038027B685B68DB009A42EBD17B68C6
:10D140001B6803F00203002B10D07B68DA68144BD5
:10D150009B6903F00F039A4208D2114B9B6923F09D
:10D160000F027B68DB680E4913438B610B4B1B6816
:10D1700003F00F033A689A4214D2084B1B6823F05D
:10D180000F0206493B6813430B60044B1B6803F016
:10D190000F033A689A4205D0012386E0002000522E
:10D1A000004402587B681B6803F00403002B10D076
:10D1B0007B681A693F4B9B6903F070039A4208D25F
:10D1C0003C4B9B6923F070027B681B693949134310
:10D1D0008B617B681B6803F00803002B10D07B6811
:10D1E0005A69344BDB6903F070039A4208D2314B21
:10D1F000DB6923F070027B685B692E491343CB61C6
:10D200007B681B6803F01003002B10D07B689A69C1
:10D21000284BDB6903F4E0639A4208D2254BDB69B3
:10D2200023F4E0627B689B6922491343CB617B68EE
:10D230001B6803F02003002B10D07B68DA691D4BBC
:10D240001B6A03F070039A4208D21A4B1B6A23F040
:10D2500070027B68DB69174913430B6200F09EF88C
:10D260000246144B9B691B0A03F00F031249CB5C67
:10D2700003F01F0322FA03F33B610E4B9B6903F09B
:10D280000F030D4AD35C03F01F033A6922FA03F33C
:10D290000A4A13600A4A3B6913600A4B1B68184626
:10D2A000F9F7B8FF0346FB73FB7B18461837BD46FA
:10D2B00080BD00BF0044025894570108180500249F
:10D2C000140500246804002480B58CB000AFF86019
:10D2D000B9607A60FB68002B2AD12D4BD3F8E0307F
:10D2E0002B4A43F00103C2F8E030294BD3F8E03079
:10D2F00003F00103BB61BB694FF48073FB61022340
:10D300003B620323BB6200237B620023FB6207F1C5
:10D310001C0319461F48FDF7BFFA1D4B1B6923F07C
:10D32000FE72B9687B680B43194913430B612AE00D
:10D33000174BD3F8E030164A43F00403C2F8E0304C
:10D34000134BD3F8E03003F004037B617B694FF4A7
:10D350000073FB6102233B620323BB6200237B62F9
:10D360000023FB6207F11C0319460B48FDF794FAF2
:10D37000074B1B6923F07E427B68D901BB680B43D6
:10D38000034913430B6100BF3037BD4680BD00BF6A
:10D3900000440258000002580008025880B489B0C6
:10D3A00000AFB34B1B6903F03803182B00F2558113
:10D3B00001A252F823F000BF1DD400085BD600087C
:10D3C0005BD600085BD600085BD600085BD6000879
:10D3D0005BD600085BD6000843D400085BD6000883
:10D3E0005BD600085BD600085BD600085BD6000859
:10D3F0005BD600085BD6000849D400085BD600085D
:10D400005BD600085BD600085BD600085BD6000838
:10D410005BD600085BD600084FD40008944B1B680D
:10D4200003F02003002B09D0914B1B68DB0803F0AD
:10D430000303904A22FA03F3BB6111E18D4BBB61F8
:10D440000EE18D4BBB610BE18C4BBB6108E1884B5E
:10D450009B6A03F003037B61854B9B6A1B0903F006
:10D460003F033B61824BDB6A03F00103FB60804BAF
:10D470005B6BDB08C3F30C03FA6802FB03F307EEF4
:10D48000903AF8EE677AC7ED027A3B69002B00F01C
:10D49000E1807B69022B00F083807B69022B00F224
:10D4A000A1807B69002B03D07B69012B56D099E0CA
:10D4B0006F4B1B6803F02003002B2DD06C4B1B68B7
:10D4C000DB0803F003036B4A22FA03F37B607B68FB
:10D4D00007EE903AF8EE676A3B6907EE903AF8EE8D
:10D4E000677A86EEA77A624B1B6BC3F3080307EEDD
:10D4F000903AF8EE676A97ED026ADFED615AC6EE80
:10D50000257A76EEA77AF7EE006A77EEA67A67EECE
:10D51000277AC7ED077A87E03B6907EE903AF8EE85
:10D52000677ADFED586A86EEA77A514B1B6BC3F31F
:10D53000080307EE903AF8EE676A97ED026ADFEDAE
:10D54000505AC6EE257A76EEA77AF7EE006A77EEA5
:10D55000A67A67EE277AC7ED077A65E03B6907EEA2
:10D56000903AF8EE677ADFED486A86EEA77A404B8C
:10D570001B6BC3F3080307EE903AF8EE676A97ED6A
:10D58000026ADFED3F5AC6EE257A76EEA77AF7EE0D
:10D59000006A77EEA67A67EE277AC7ED077A43E04E
:10D5A0003B6907EE903AF8EE677ADFED386A86EE6F
:10D5B000A77A2F4B1B6BC3F3080307EE903AF8EEE4
:10D5C000676A97ED026ADFED2E5AC6EE257A76EE8F
:10D5D000A77AF7EE006A77EEA67A67EE277AC7EDAC
:10D5E000077A21E03B6907EE903AF8EE677ADFEDC3
:10D5F000266A86EEA77A1E4B1B6BC3F3080307EE61
:10D60000903AF8EE676A97ED026ADFED1D5AC6EEB2
:10D61000257A76EEA77AF7EE006A77EEA67A67EEBD
:10D62000277AC7ED077A00BF114B1B6B5B0A03F02B
:10D630007F0301333B603B6807EE903AB8EE677AB0
:10D64000D7ED076AC6EE877AFCEEE77A17EE903AD6
:10D65000BB6105E00023BB6102E0074BBB6100BF7B
:10D66000BB6918462437BD465DF8047B704700BF90
:10D67000004402580090D00300093D0040787D012D
:10D68000000000460024744C0024744A20BCBE4BA9
:10D6900080B582B000AFFFF781FE0246104B9B6958
:10D6A0001B0A03F00F030F49CB5C03F01F0322FAA0
:10D6B00003F37B600A4B9B6903F00F03094AD35CB9
:10D6C00003F01F037A6822FA03F3074A1360074A3C
:10D6D0007B681360044B1B6818460837BD4680BD45
:10D6E000004402589457010818050024140500242A
:10D6F00080B500AFFFF7CCFF0246064BDB691B0A83
:10D7000003F007030449CB5C03F01F0322FA03F381
:10D71000184680BD004402589457010880B586B071
:10D7200000AF78600023FB750023BB757B681B6826
:10D7300003F00063002B3FD07B681B6EB3F5401FE6
:10D740002AD0B3F5401F24D8B3F5001F18D0B3F585
:10D75000001F1ED8002B03D0B3F5801F07D018E0A0
:10D76000A44BDB6AA34A43F40033D36215E07B6821
:10D7700004330221184602F04FF80346FB750CE013
:10D780007B6824330221184602F0F8F80346FB7543
:10D7900003E00123FB7500E000BFFB7D002B09D1F6
:10D7A000944B1B6D23F440127B681B6E914913430D
:10D7B0000B6501E0FB7DBB757B681B6803F4807320
:10D7C000002B3DD07B685B6D042B26D801A252F85C
:10D7D00023F000BFE9D70008F7D7000809D80008F0
:10D7E00021D8000821D80008824BDB6A814A43F423
:10D7F0000033D36215E07B6804330021184602F041
:10D800000BF80346FB750CE07B68243300211846B7
:10D8100002F0B4F80346FB7503E00123FB7500E05A
:10D8200000BFFB7D002B09D1724B1B6D23F007025B
:10D830007B685B6D6F4913430B6501E0FB7DBB7536
:10D840007B681B6803F48063002B51D07B68D3F89E
:10D85000A030B3F5200F36D0B3F5200F30D8B3F594
:10D86000000F32D0B3F5000F2AD8B3F5C00F2ED079
:10D87000B3F5C00F24D8B3F5800F18D0B3F5800FDF
:10D880001ED8002B03D0B3F5001F07D018E0594B6A
:10D89000DB6A584A43F40033D36219E07B680433EF
:10D8A0000021184601F0B8FF0346FB7510E07B68C5
:10D8B00024330021184602F061F80346FB7507E0A7
:10D8C0000123FB7504E000BF02E000BF00E000BFE1
:10D8D000FB7D002B0AD1474B9B6D23F460027B68D4
:10D8E000D3F8A030434913438B6501E0FB7DBB7542
:10D8F0007B681B6803F40063002B51D07B68D3F86E
:10D90000A430B3F1A06F36D0B3F1A06F30D8B3F12B
:10D91000806F32D0B3F1806F2AD8B3F1407F2ED020
:10D92000B3F1407F24D8B3F1007F18D0B3F1007F6A
:10D930001ED8002B03D0B3F1807F07D018E02D4B09
:10D94000DB6A2C4A43F40033D36219E07B6804336A
:10D950000021184601F060FF0346FB7510E07B686C
:10D9600024330021184602F009F80346FB7507E04E
:10D970000123FB7504E000BF02E000BF00E000BF30
:10D98000FB7D002B0AD11B4B9B6D23F0E0627B6873
:10D99000D3F8A430174913438B6501E0FB7DBB75B9
:10D9A0007B681B6803F00073002B35D07B689B6C91
:10D9B000302B1CD0302B17D8202B0CD0202B13D879
:10D9C000002B19D0102B0FD10A4BDB6A094A43F404
:10D9D0000033D36211E07B6804330221184601F062
:10D9E0001BFF0346FB7508E00123FB7505E000BF44
:10D9F00003E000BF0044025800BFFB7D002B09D1AB
:10DA0000A34BDB6C23F030027B689B6CA049134373
:10DA1000CB6401E0FB7DBB757B681B6803F480531E
:10DA2000002B47D07B689B6DB3F5804F30D0B3F5AA
:10DA3000804F2AD8B3F5405F2CD0B3F5405F24D88F
:10DA4000B3F5005F18D0B3F5005F1ED8002B03D0EC
:10DA5000B3F5805F07D018E08D4BDB6A8C4A43F446
:10DA60000033D36217E07B6804330021184601F0CD
:10DA7000D3FE0346FB750EE07B6824330021184675
:10DA800001F07CFF0346FB7505E00123FB7502E016
:10DA900000BF00E000BFFB7D002B09D17C4B1B6D5C
:10DAA00023F4E0427B689B6D794913430B6501E0E9
:10DAB000FB7DBB757B681B6803F40053002B49D0CA
:10DAC0007B68DB6DB3F5A02F2ED0B3F5A02F28D83F
:10DAD000B3F5802F2AD0B3F5802F22D8B3F5403F7D
:10DAE00026D0B3F5403F1CD8B3F5003F10D0B3F5B6
:10DAF000003F16D8002B1DD0B3F5803F11D17B68B5
:10DB000004330121184601F087FE0346FB7512E03D
:10DB10007B6824330121184601F030FF0346FB7572
:10DB200009E00123FB7506E000BF04E000BF02E04E
:10DB300000BF00E000BFFB7D002B09D1544B1B6DE3
:10DB400023F4E0227B68DB6D514913430B6501E050
:10DB5000FB7DBB757B681B6803F48043002B4BD0B7
:10DB60007B68D3F8A830B3F1A04F2ED0B3F1A04F0B
:10DB700028D8B3F1804F2AD0B3F1804F22D8B3F127
:10DB8000405F26D0B3F1405F1CD8B3F1005F10D0E6
:10DB9000B3F1005F16D8002B1DD0B3F1805F11D117
:10DBA0007B6804330121184601F036FE0346FB75FD
:10DBB00012E07B6824330121184601F0DFFE0346A2
:10DBC000FB7509E00123FB7506E000BF04E000BF20
:10DBD00002E000BF00E000BFFB7D002B0AD12C4B10
:10DBE0009B6D23F0E0427B68D3F8A83028491343AB
:10DBF0008B6501E0FB7DBB757B681B6803F400430C
:10DC0000002B2FD07B689B6EB3F1005F0ED0B3F179
:10DC1000005F14D8002B15D0B3F1805F0FD11C4BDF
:10DC2000DB6A1B4A43F40033D3620CE07B680433A5
:10DC30000121184601F0F0FD0346FB7503E00123C6
:10DC4000FB7500E000BFFB7D002B09D1104B1B6D65
:10DC500023F040527B689B6E0D4913430B6501E036
:10DC6000FB7DBB757B681B6803F08073002B34D091
:10DC70007B685B6C032B1DD801A252F823F000BF18
:10DC8000BBDC000895DC0008A3DC0008BBDC000856
:10DC900000440258B14BDB6AB04A43F40033D3620C
:10DCA0000CE07B6804330221184601F0B5FD034601
:10DCB000FB7503E00123FB7500E000BFFB7D002B3B
:10DCC00009D1A64BDB6C23F003027B685B6CA34994
:10DCD0001343CB6401E0FB7DBB757B681B6803F4D9
:10DCE0008003002B00F086809D4B1B689C4A43F408
:10DCF00080731360F9F7D8FA386109E0F9F7D4FABC
:10DD000002463B69D31A642B02D90323FB7505E055
:10DD1000934B1B6803F48073002BEFD0FB7D002B2B
:10DD200066D18E4B1A6F7B68D3F8AC30534003F446
:10DD30004073002B13D0894B1B6F23F44073FB609F
:10DD4000864B1B6F854A43F480331367834B1B6FED
:10DD5000824A23F480331367804AFB6813677B6829
:10DD6000D3F8AC30B3F5807F15D1F9F79DFA38615F
:10DD70000BE0F9F799FA02463B69D31A41F288326F
:10DD8000934202D90323FB7505E0744B1B6F03F02C
:10DD90000203002BEDD0FB7D002B26D17B68D3F84E
:10DDA000AC3003F44073B3F5407F0DD16B4B1B696E
:10DDB00023F47C527B68D3F8AC301909694B0B40D3
:10DDC000664913430B6105E0644B1B69634A23F406
:10DDD0007C531361614B1A6F7B68D3F8AC30C3F38B
:10DDE0000B035E4913430B6704E0FB7DBB7501E049
:10DDF000FB7DBB757B681B6803F00103002B7ED0A5
:10DE00007B685B6F282B67D801A252F823F000BF14
:10DE1000DFDE0008D9DE0008D9DE0008D9DE000800
:10DE2000D9DE0008D9DE0008D9DE0008D9DE0008F6
:10DE3000B5DE0008D9DE0008D9DE0008D9DE00080A
:10DE4000D9DE0008D9DE0008D9DE0008D9DE0008D6
:10DE5000C7DE0008D9DE0008D9DE0008D9DE0008D8
:10DE6000D9DE0008D9DE0008D9DE0008D9DE0008B6
:10DE7000DFDE0008D9DE0008D9DE0008D9DE0008A0
:10DE8000D9DE0008D9DE0008D9DE0008D9DE000896
:10DE9000DFDE0008D9DE0008D9DE0008D9DE000880
:10DEA000D9DE0008D9DE0008D9DE0008D9DE000876
:10DEB000DFDE00087B6804330121184601F0ACFC6A
:10DEC0000346FB750CE07B6824330121184601F002
:10DED00055FD0346FB7503E00123FB7500E000BF21
:10DEE000FB7D002B09D11D4B5B6D23F038027B6855
:10DEF0005B6F1A4913434B6501E0FB7DBB757B6883
:10DF00001B6803F00203002B3ED07B681B6F052BC0
:10DF100020D801A252F823F069DF000831DF0008A1
:10DF200043DF000869DF000869DF000869DF0008D7
:10DF30007B6804330121184601F06EFC0346FB7533
:10DF400013E07B6824330121184601F017FD0346D6
:10DF5000FB750AE00123FB7507E000BF004402588F
:10DF600000480258CFFFFF0000BFFB7D002B09D106
:10DF70009F4B5B6D23F007027B681B6F9C4913432B
:10DF80004B6501E0FB7DBB757B681B6803F00403F8
:10DF9000002B39D07B68D3F88C30052B20D801A218
:10DFA00052F823F0E7DF0008BDDF0008CFDF0008EC
:10DFB000E7DF0008E7DF0008E7DF00087B680433DD
:10DFC0000121184601F028FC0346FB750CE07B6834
:10DFD00024330121184601F0D1FC0346FB7503E010
:10DFE0000123FB7500E000BFFB7D002B0AD1804BB5
:10DFF0009B6D23F007027B68D3F88C307C49134378
:10E000008B6501E0FB7DBB757B681B6803F020031B
:10E01000002B4BD07B68D3F88830B3F1A04F2ED0C3
:10E02000B3F1A04F28D8B3F1804F2AD0B3F1804F7D
:10E0300022D8B3F1405F26D0B3F1405F1CD8B3F1D2
:10E04000005F10D0B3F1005F16D8002B1DD0B3F1E4
:10E05000805F11D17B6804330021184601F0DCFB9E
:10E060000346FB7512E07B6824330221184601F059
:10E0700085FC0346FB7509E00123FB7506E000BF44
:10E0800004E000BF02E000BF00E000BFFB7D002B0A
:10E090000AD1574B5B6D23F0E0427B68D3F88830A0
:10E0A000534913434B6501E0FB7DBB757B681B68DF
:10E0B00003F04003002B4BD07B68D3F89430B3F5CA
:10E0C000A05F2ED0B3F5A05F28D8B3F5805F2AD02B
:10E0D000B3F5805F22D8B3F5406F26D0B3F5406F1B
:10E0E0001CD8B3F5006F10D0B3F5006F16D8002B15
:10E0F0001DD0B3F5806F11D17B6804330021184621
:10E1000001F08AFB0346FB7512E07B682433022191
:10E11000184601F033FC0346FB7509E00123FB754B
:10E1200006E000BF04E000BF02E000BF00E000BF67
:10E13000FB7D002B0AD12E4B9B6D23F4E0527B68B4
:10E14000D3F894302A4913438B6501E0FB7DBB75FE
:10E150007B681B6803F08003002B4DD07B68D3F8ED
:10E160009830B3F5204F2ED0B3F5204F28D8B3F513
:10E17000004F2AD0B3F5004F22D8B3F5C04F26D0B8
:10E18000B3F5C04F1CD8B3F5804F10D0B3F5804F16
:10E1900016D8002B1DD0B3F5005F11D17B68043376
:10E1A0000021184601F038FB0346FB7512E07B683E
:10E1B00024330221184601F0E1FB0346FB7509E018
:10E1C0000123FB7506E000BF04E000BF02E000BFD2
:10E1D00000E000BFFB7D002B0CD1054B9B6D23F4B1
:10E1E00060427B68D3F89830014913438B6503E0A4
:10E1F00000440258FB7DBB757B681B6803F0080375
:10E20000002B18D07B68DB6FB3F5805F0AD17B6889
:10E2100024330221184601F0B1FB0346002B01D044
:10E220000123BB758A4B5B6D23F440527B68DB6F27
:10E23000874913434B657B681B6803F01003002B71
:10E240001AD07B68D3F89030B3F5807F0AD17B6811
:10E2500024330221184601F091FB0346002B01D024
:10E260000123BB757A4B9B6D23F440727B68D3F816
:10E270009030774913438B657B681B6803F4002358
:10E28000002B34D07B68D3F89C30B3F5003F1DD011
:10E29000B3F5003F17D8002B03D0B3F5803F09D06A
:10E2A00011E07B6804330021184601F0B5FA0346FB
:10E2B000FB750CE07B6824330221184601F05EFBFD
:10E2C0000346FB7503E00123FB7500E000BFFB7D07
:10E2D000002B0AD15E4B9B6D23F440327B68D3F850
:10E2E0009C305B4913438B6501E0FB7DBB757B680C
:10E2F0001B6803F48023002B33D07B68D3F8803075
:10E30000B3F5401F1CD0B3F5401F16D8B3F5801FDE
:10E3100003D0B3F5001F07D00FE04D4BDB6A4C4A2A
:10E3200043F40033D3620CE07B68243301211846A8
:10E3300001F024FB0346FB7503E00123FB7500E0BD
:10E3400000BFFB7D002B0AD1414B5B6D23F44012D3
:10E350007B68D3F880303E4913434B6501E0FB7D79
:10E36000BB757B681B6803F48033002B29D07B6866
:10E37000DB6C002B03D0B3F5803F07D00FE0344BAC
:10E38000DB6A334A43F40033D3620BE07B68043327
:10E390000221184601F040FA0346FB7502E0012312
:10E3A000FB7500BFFB7D002B09D1294BDB6C23F4EF
:10E3B00080327B68DB6C26491343CB6401E0FB7D34
:10E3C000BB757B681B6803F00053002B0AD07B6889
:10E3D00024330221184601F0D1FA0346002B01D064
:10E3E0000123BB757B681B6803F40033002B33D01B
:10E3F0007B689B6FB3F5407F17D0B3F5407F11D892
:10E40000B3F5007F13D0B3F5007F0BD8002B10D0ED
:10E41000B3F5807F06D10E4BDB6A0D4A43F400331F
:10E42000D36207E00123FB7504E000BF02E000BFF8
:10E4300000E000BFFB7D002B0CD1054B5B6D23F48E
:10E4400040727B689B6F024913434B6504E000BF39
:10E4500000440258FB7DBB757B681B6803F4801386
:10E46000002B08D0294B1B6D23F000427B68DB6E2C
:10E47000264913430B657B681B6803F40013002BCC
:10E4800008D0224B1B6D23F080727B685B6E1F49A6
:10E4900013430B657B681B6803F08043002B0DD092
:10E4A0001A4B1B69194A23F400431361174B1A696D
:10E4B0007B68D3F8B030154913430B617B681B6848
:10E4C000002B08DA114BDB6C23F040527B681B6D8C
:10E4D0000E491343CB647B681B6803F40003002BD5
:10E4E00009D00A4B5B6D23F440027B68D3F884307B
:10E4F000064913434B65BB7D002B01D1002300E08F
:10E50000012318461837BD4680BD00BF004402589D
:10E5100080B483B000AF78607B68A24A1A607B68E1
:10E520001B6843F008027B681A607B681B6843F431
:10E5300080627B681A607B681B6843F400627B68BA
:10E540001A607B681B6843F000727B681A607B6806
:10E550001B6843F000527B681A60934B9B6A1B0D4B
:10E5600003F03F027B685A628F4B1B6CC3F30803B6
:10E570005A1C7B689A628C4B1B6C1B0E03F07F034A
:10E580005A1C7B685A63884B1B6C5B0A03F07F0341
:10E590005A1C7B68DA62844B1B6C1B0C03F07F03F4
:10E5A0005A1C7B681A63804BDB6A9B0A03F00302E8
:10E5B0007B689A637C4BDB6A5B0A03F001027B6831
:10E5C000DA63794B9B6A1B0B03F03F027B685A604E
:10E5D000754B9B6BC3F308035A1C7B689A60724BA4
:10E5E0009B6B1B0E03F07F035A1C7B685A616E4BBA
:10E5F0009B6B5B0A03F07F035A1C7B68DA606A4BF3
:10E600009B6B1B0C03F07F035A1C7B681A61664BE3
:10E61000DB6A9B0903F003027B689A61624BDB6A49
:10E620005B0903F001027B68DA615F4B5B6D03F00D
:10E6300038027B685A675C4B5B6D03F007027B68AE
:10E640001A67594B9B6D03F007027B68C3F88C2057
:10E65000554B5B6D03F440527B68DA67524B5B6D40
:10E6600003F0E0427B68C3F888204F4B9B6D03F4B6
:10E67000E0527B68C3F894204B4B9B6D03F46042DF
:10E680007B68C3F89820484B1B6D03F007027B683A
:10E690005A65454B9B6D03F460027B68C3F8A0206C
:10E6A000414B9B6D03F0E0627B68C3F8A4203E4BB6
:10E6B0001B6F03F440727B68C3F8AC203A4B5B6D70
:10E6C00003F440127B68C3F88020374BDB6C03F403
:10E6D00080327B68DA64344B5B6D03F440727B6894
:10E6E0009A67314B9B6D03F440327B68C3F89C20E2
:10E6F0002D4B1B6D03F000427B68DA662A4B1B6DC5
:10E7000003F080727B685A66274B1B6D03F440123E
:10E710007B681A66244B1B6D03F4E0427B689A65A4
:10E72000214B1B6D03F4E0227B68DA651E4B9B6D69
:10E7300003F0E0427B68C3F8A8201B4B1B6D03F07D
:10E7400040527B689A66184B5B6D03F440027B680D
:10E75000C3F88420144BDB6C03F003027B685A641B
:10E76000114BDB6C03F030027B689A640E4BDB6C60
:10E7700003F040527B681A650B4B1B6903F400439E
:10E78000002B04D17B680022C3F8B02004E07B6832
:10E790004FF40042C3F8B02000BF0C37BD465DF80F
:10E7A000047B7047F7F1FFC90044025880B590B070
:10E7B00000AF78607B68B3F5807F40F08980954B2F
:10E7C0001B6D03F007033B633B6B042B7DD801A259
:10E7D00052F823F0E9E700080DE8000831E80008E6
:10E7E000C5E8000855E800088A4B1B6803F0007371
:10E7F000B3F1007F07D107F12403184600F0BAFEF9
:10E80000BB6AFB63EFE30023FB63ECE3814B1B6814
:10E8100003F00063B3F1006F07D107F11803184646
:10E8200000F000FCBB69FB63DDE30023FB63DAE37C
:10E83000784B1B6803F00053B3F1005F07D107F179
:10E840000C03184600F042FDFB68FB63CBE300239A
:10E85000FB63C8E36F4BDB6C03F040537B636D4B92
:10E860001B6803F00403042B0CD17B6B002B09D134
:10E87000684B1B68DB0803F00303674A22FA03F3C3
:10E88000FB631EE0634B1B6803F48073B3F5807F6A
:10E8900006D17B6BB3F1805F02D1604BFB6310E06C
:10E8A0005C4B1B6803F40033B3F5003F06D17B6B70
:10E8B000B3F1005F02D15A4BFB6302E00023FB631C
:10E8C00091E390E3574BFB638DE30023FB638AE303
:10E8D0007B68B3F5806F40F0A7804E4B9B6D03F4CF
:10E8E00060033B633B6BB3F5000F54D03B6BB3F558
:10E8F000000F00F28B803B6BB3F5C00F00F08380FC
:10E900003B6BB3F5C00F00F281803B6BB3F5800F1A
:10E910002FD03B6BB3F5800F78D83B6B002B04D026
:10E920003B6BB3F5001F12D070E03A4B1B6803F04D
:10E930000073B3F1007F07D107F12403184600F0FC
:10E9400019FEBB6AFB634EE30023FB634BE3314BD1
:10E950001B6803F00063B3F1006F07D107F11803E0
:10E96000184600F05FFBBB69FB633CE30023FB63DD
:10E9700039E3284B1B6803F00053B3F1005F07D164
:10E9800007F10C03184600F0A1FCFB68FB632AE3C7
:10E990000023FB6327E31F4BDB6C03F040537B63D7
:10E9A0001C4B1B6803F00403042B0CD17B6B002B66
:10E9B00009D1184B1B68DB0803F00303164A22FA3F
:10E9C00003F3FB631EE0134B1B6803F48073B3F582
:10E9D000807F06D17B6BB3F1805F02D10F4BFB636D
:10E9E00010E00C4B1B6803F40033B3F5003F06D175
:10E9F0007B6BB3F1005F02D1094BFB6302E00023A4
:10EA0000FB63F0E2EFE2074BFB63ECE20023FB6306
:10EA1000E9E200BF004402580090D00300093D0025
:10EA200040787D010080BB007B68B3F5006F40F04B
:10EA30009C809D4B9B6D03F0E0633B633B6BB3F1AC
:10EA4000806F54D03B6BB3F1806F00F28B803B6BD7
:10EA5000B3F1407F00F083803B6BB3F1407F00F265
:10EA600081803B6BB3F1007F2FD03B6BB3F1007F14
:10EA700078D83B6B002B04D03B6BB3F1807F12D076
:10EA800070E0894B1B6803F00073B3F1007F07D17E
:10EA900007F12403184600F06DFDBB6AFB63A2E298
:10EAA0000023FB639FE2804B1B6803F00063B3F11C
:10EAB000006F07D107F11803184600F0B3FABB69DD
:10EAC000FB6390E20023FB638DE2774B1B6803F04E
:10EAD0000053B3F1005F07D107F10C03184600F0B3
:10EAE000F5FBFB68FB637EE20023FB637BE26E4B7E
:10EAF000DB6C03F040537B636B4B1B6803F0040338
:10EB0000042B0CD17B6B002B09D1674B1B68DB08F6
:10EB100003F00303654A22FA03F3FB631EE0624B32
:10EB20001B6803F48073B3F5807F06D17B6BB3F170
:10EB3000805F02D15E4BFB6310E05B4B1B6803F40C
:10EB40000033B3F5003F06D17B6BB3F1005F02D118
:10EB5000584BFB6302E00023FB6344E243E2564B65
:10EB6000FB6340E20023FB633DE27B68B3F5805F1B
:10EB700040F0A7804C4B1B6D03F4E043BB63BB6BC1
:10EB8000B3F5804F55D0BB6BB3F5804F00F2968044
:10EB9000BB6BB3F5405F00F08480BB6BB3F5405FA7
:10EBA00000F28C80BB6BB3F5005F30D0BB6BB3F56C
:10EBB000005F00F28380BB6B002B04D0BB6BB3F50E
:10EBC000805F12D07AE0384B1B6803F00073B3F11A
:10EBD000007F07D107F12403184600F0CBFCBB6A85
:10EBE000FB6300E20023FB63FDE12F4B1B6803F096
:10EBF0000063B3F1006F07D107F11803184600F066
:10EC000011FABB69FB63EEE10023FB63EBE1264BEA
:10EC10001B6803F00053B3F1005F07D107F10C0349
:10EC2000184600F053FBFB68FB63DCE10023FB6349
:10EC3000D9E11D4BDB6C03F040537B631A4B1B681F
:10EC400003F00403042B0CD17B6B002B09D1164B72
:10EC50001B68DB0803F00303144A22FA03F3FB6387
:10EC60001EE0114B1B6803F48073B3F5807F06D15F
:10EC70007B6BB3F1805F02D10D4BFB6310E00A4B5D
:10EC80001B6803F40033B3F5003F06D17B6BB3F18F
:10EC9000005F02D1074BFB6302E00023FB63A2E1AC
:10ECA000A1E1054BFB639EE1004402580090D003B4
:10ECB00000093D0040787D010080BB000023FB631C
:10ECC00091E17B68B3F5002F73D19B4B9B6D03F4EF
:10ECD0004033BB63BB6BB3F5003F2FD0BB6BB3F5C9
:10ECE000003F63D8BB6B002B04D0BB6BB3F5803FF8
:10ECF00012D05BE0904B1B6803F00063B3F1006F30
:10ED000007D107F11803184600F08CF9BB69FB63C3
:10ED100069E10023FB6366E1874B1B6803F0005346
:10ED2000B3F1005F07D107F10C03184600F0CEFAEB
:10ED30007B69FB6357E10023FB6354E17E4BDB6C93
:10ED400003F040537B637C4B1B6803F00403042BEC
:10ED50000CD17B6B002B09D1774B1B68DB0803F0D0
:10ED60000303764A22FA03F3FB631EE0724B1B682F
:10ED700003F48073B3F5807F06D17B6BB3F1805FC2
:10ED800002D16F4BFB6310E06B4B1B6803F4003345
:10ED9000B3F5003F06D17B6BB3F1005F02D1694B45
:10EDA000FB6302E00023FB631DE11CE10023FB6326
:10EDB00019E17B68B3F5803F33D15F4BDB6C03F423
:10EDC0008033BB63BB6B002B04D0BB6BB3F5803FC0
:10EDD00012D023E0584B1B6803F00073B3F1007F9F
:10EDE00007D107F12403184600F0C4FBBB6AFB639C
:10EDF000F9E00023FB63F6E04F4B1B6803F0006370
:10EE0000B3F1006F07D107F11803184600F00AF9B3
:10EE10003B6AFB63E7E00023FB63E4E00023FB6362
:10EE2000E1E07B68B3F5804F40F08E80424B9B6DF4
:10EE300003F0E043BB63BB6BB3F1A04F6BD0BB6B84
:10EE4000B3F1A04F74D8BB6BB3F1804F56D0BB6BFE
:10EE5000B3F1804F6CD8BB6BB3F1405F3BD0BB6B61
:10EE6000B3F1405F64D8BB6BB3F1005F21D0BB6BE3
:10EE7000B3F1005F5CD8BB6B002B04D0BB6BB3F16C
:10EE8000805F04D054E000F0B7F8F863ABE02A4BA1
:10EE90001B6803F00063B3F1006F07D107F118039B
:10EEA000184600F0BFF8FB69FB639CE00023FB639E
:10EEB00099E0214B1B6803F00053B3F1005F07D1C9
:10EEC00007F10C03184600F001FA3B69FB638AE086
:10EED0000023FB6387E0184B1B6803F00403042B3B
:10EEE00009D1154B1B68DB0803F00303134A22FA10
:10EEF00003F3FB6377E00023FB6374E00E4B1B68B6
:10EF000003F48073B3F5807F02D10D4BFB636AE09D
:10EF10000023FB6367E0084B1B6803F40033B3F581
:10EF2000003F02D1074BFB635DE00023FB635AE027
:10EF30000023FB6357E000BF004402580090D00359
:10EF400000093D0040787D017B68B3F5004F48D152
:10EF5000274B1B6D03F04053BB63BB6BB3F1005FEA
:10EF60002AD0BB6BB3F1005F38D8BB6B002B04D049
:10EF7000BB6BB3F1805F0DD030E01D4B1B6803F419
:10EF80000033B3F5003F02D11A4BFB632BE00023A3
:10EF9000FB6328E0164B1B6803F00073B3F1007F9E
:10EFA00007D107F12403184600F0E4FABB6AFB63BB
:10EFB00019E00023FB6316E00D4B1B6803F00063B0
:10EFC000B3F1006F07D107F11803184600F02AF8D3
:10EFD000FB69FB6307E00023FB6304E00023FB63A2
:10EFE00001E00023FB63FB6B18464037BD4680BD44
:10EFF0000044025840787D0180B500AFFEF748FB21
:10F000000246064B1B6A1B0903F007030449CB5C4D
:10F0100003F01F0322FA03F3184680BD0044025890
:10F020009457010880B489B000AF7860A14B9B6A07
:10F0300003F00303BB619F4B9B6A1B0B03F03F0371
:10F040007B619C4BDB6A1B0903F001033B61994B1D
:10F05000DB6BDB08C3F30C033A6902FB03F307EE37
:10F06000903AF8EE677AC7ED037A7B69002B00F0DF
:10F070001181BB69022B00F08380BB69022B00F277
:10F08000A180BB69002B03D0BB69012B56D099E04E
:10F09000884B1B6803F02003002B2DD0854B1B6889
:10F0A000DB0803F00303844A22FA03F3BB60BB6866
:10F0B00007EE903AF8EE676A7B6907EE903AF8EE51
:10F0C000677A86EEA77A7B4B9B6BC3F3080307EE48
:10F0D000903AF8EE676A97ED036ADFED785AC6EE6C
:10F0E000257A76EEA77AF7EE006A77EEA67A67EED3
:10F0F000277AC7ED077A87E07B6907EE903AF8EE4A
:10F10000677ADFED6F6A86EEA77A6A4B9B6BC3F373
:10F11000080307EE903AF8EE676A97ED036ADFEDB1
:10F12000675AC6EE257A76EEA77AF7EE006A77EE92
:10F13000A67A67EE277AC7ED077A65E07B6907EE66
:10F14000903AF8EE677ADFED5F6A86EEA77A594B60
:10F150009B6BC3F3080307EE903AF8EE676A97EDEE
:10F16000036ADFED565AC6EE257A76EEA77AF7EEF9
:10F17000006A77EEA67A67EE277AC7ED077A43E052
:10F180007B6907EE903AF8EE677ADFED4F6A86EE1C
:10F19000A77A484B9B6BC3F3080307EE903AF8EE4F
:10F1A000676A97ED036ADFED455AC6EE257A76EE7B
:10F1B000A77AF7EE006A77EEA67A67EE277AC7EDB0
:10F1C000077A21E07B6907EE903AF8EE677ADFED87
:10F1D0003D6A86EEA77A374B9B6BC3F3080307EEB5
:10F1E000903AF8EE676A97ED036ADFED345AC6EE9F
:10F1F000257A76EEA77AF7EE006A77EEA67A67EEC2
:10F20000277AC7ED077A00BF2A4B9B6B5B0A03F096
:10F210007F0307EE903AF8EE677AB7EE007A37EEA2
:10F22000877AD7ED076AC6EE877AFCEEE77A17EEA3
:10F23000902A7B681A601F4B9B6B1B0C03F07F03AB
:10F2400007EE903AF8EE677AB7EE007A37EE877AF3
:10F25000D7ED076AC6EE877AFCEEE77A17EE902ABA
:10F260007B685A60134B9B6B1B0E03F07F0307EE0A
:10F27000903AF8EE677AB7EE007A37EE877AD7EDF4
:10F28000076AC6EE877AFCEEE77A17EE902A7B686B
:10F290009A6008E07B6800221A607B6800225A604E
:10F2A0007B6800229A6000BF2437BD465DF8047B6E
:10F2B000704700BF004402580090D0030000004691
:10F2C0000024744C0024744A20BCBE4B80B489B026
:10F2D00000AF7860A14B9B6A03F00303BB619F4BB7
:10F2E0009B6A1B0D03F03F037B619C4BDB6A1B0A8F
:10F2F00003F001033B61994B5B6CDB08C3F30C0328
:10F300003A6902FB03F307EE903AF8EE677AC7ED2D
:10F31000037A7B69002B00F01181BB69022B00F09E
:10F320008380BB69022B00F2A180BB69002B03D054
:10F33000BB69012B56D099E0884B1B6803F0200372
:10F34000002B2DD0854B1B68DB0803F00303844A98
:10F3500022FA03F3BB60BB6807EE903AF8EE676AE7
:10F360007B6907EE903AF8EE677A86EEA77A7B4BD8
:10F370001B6CC3F3080307EE903AF8EE676A97ED4B
:10F38000036ADFED785AC6EE257A76EEA77AF7EEB5
:10F39000006A77EEA67A67EE277AC7ED077A87E0EC
:10F3A0007B6907EE903AF8EE677ADFED6F6A86EEDA
:10F3B000A77A6A4B1B6CC3F3080307EE903AF8EE8A
:10F3C000676A97ED036ADFED675AC6EE257A76EE37
:10F3D000A77AF7EE006A77EEA67A67EE277AC7ED8E
:10F3E000077A65E07B6907EE903AF8EE677ADFED21
:10F3F0005F6A86EEA77A594B1B6CC3F3080307EECE
:10F40000903AF8EE676A97ED036ADFED565AC6EE5A
:10F41000257A76EEA77AF7EE006A77EEA67A67EE9F
:10F42000277AC7ED077A43E07B6907EE903AF8EE5A
:10F43000677ADFED4F6A86EEA77A484B1B6CC3F301
:10F44000080307EE903AF8EE676A97ED036ADFED7E
:10F45000455AC6EE257A76EEA77AF7EE006A77EE81
:10F46000A67A67EE277AC7ED077A21E07B6907EE77
:10F47000903AF8EE677ADFED3D6A86EEA77A374B71
:10F480001B6CC3F3080307EE903AF8EE676A97ED3A
:10F49000036ADFED345AC6EE257A76EEA77AF7EEE8
:10F4A000006A77EEA67A67EE277AC7ED077A00BF83
:10F4B0002A4B1B6C5B0A03F07F0307EE903AF8EED1
:10F4C000677AB7EE007A37EE877AD7ED076AC6EE2D
:10F4D000877AFCEEE77A17EE902A7B681A601F4B5A
:10F4E0001B6C1B0C03F07F0307EE903AF8EE677A73
:10F4F000B7EE007A37EE877AD7ED076AC6EE877ADD
:10F50000FCEEE77A17EE902A7B685A60134B1B6C6F
:10F510001B0E03F07F0307EE903AF8EE677AB7EE22
:10F52000007A37EE877AD7ED076AC6EE877AFCEE67
:10F53000E77A17EE902A7B689A6008E07B680022E1
:10F540001A607B6800225A607B6800229A6000BFC4
:10F550002437BD465DF8047B704700BF0044025865
:10F560000090D003000000460024744C0024744A2C
:10F5700020BCBE4B80B489B000AF7860A04B9B6AC2
:10F5800003F00303BB619E4B9B6A1B0903F03F031F
:10F590007B619B4BDB6A03F001033B61984B5B6B28
:10F5A000DB08C3F30C033A6902FB03F307EE903A5E
:10F5B000F8EE677AC7ED037A7B69002B00F01181C2
:10F5C000BB69022B00F08380BB69022B00F2A18093
:10F5D000BB69002B03D0BB69012B56D099E0884B47
:10F5E0001B6803F02003002B2DD0854B1B68DB0824
:10F5F00003F00303834A22FA03F3BB60BB6807EE00
:10F60000903AF8EE676A7B6907EE903AF8EE677A0F
:10F6100086EEA77A7A4B1B6BC3F3080307EE903A8A
:10F62000F8EE676A97ED036ADFED775AC6EE257A42
:10F6300076EEA77AF7EE006A77EEA67A67EE277A7B
:10F64000C7ED077A87E07B6907EE903AF8EE677AB4
:10F65000DFED6E6A86EEA77A694B1B6BC3F3080376
:10F6600007EE903AF8EE676A97ED036ADFED665AA7
:10F67000C6EE257A76EEA77AF7EE006A77EEA67ADE
:10F6800067EE277AC7ED077A65E07B6907EE903A67
:10F69000F8EE677ADFED5E6A86EEA77A584B1B6B51
:10F6A000C3F3080307EE903AF8EE676A97ED036A32
:10F6B000DFED555AC6EE257A76EEA77AF7EE006AA8
:10F6C00077EEA67A67EE277AC7ED077A43E07B6983
:10F6D00007EE903AF8EE677ADFED4E6A86EEA77A8B
:10F6E000474B1B6BC3F3080307EE903AF8EE676ACB
:10F6F00097ED036ADFED445AC6EE257A76EEA77AD7
:10F70000F7EE006A77EEA67A67EE277AC7ED077AFA
:10F7100021E07B6907EE903AF8EE677ADFED3B6A0D
:10F7200086EEA77A364B1B6BC3F3080307EE903ABD
:10F73000F8EE676A97ED036ADFED335AC6EE257A75
:10F7400076EEA77AF7EE006A77EEA67A67EE277A6A
:10F75000C7ED077A00BF2A4B1B6B5B0A03F07F03E0
:10F7600007EE903AF8EE677AB7EE007A37EE877ACE
:10F77000D7ED076AC6EE877AFCEEE77A17EE902A95
:10F780007B681A601E4B1B6B1B0C03F07F0307EE9C
:10F79000903AF8EE677AB7EE007A37EE877AD7EDCF
:10F7A000076AC6EE877AFCEEE77A17EE902A7B6846
:10F7B0005A60134B1B6B1B0E03F07F0307EE903A4E
:10F7C000F8EE677AB7EE007A37EE877AD7ED076AF8
:10F7D000C6EE877AFCEEE77A17EE902A7B689A608D
:10F7E00008E07B6800221A607B6800225A607B6810
:10F7F00000229A6000BF2437BD465DF8047B704745
:10F80000004402580090D003000000460024744CCD
:10F810000024744A20BCBE4B80B584B000AF786031
:10F8200039600023FB73534B9B6A03F00303032BE4
:10F8300001D1012399E04F4B1B684E4A23F08063AE
:10F840001360F7F731FDB86008E0F7F72DFD0246C9
:10F85000BB68D31A022B01D9032386E0454B1B68F2
:10F8600003F00063002BF0D1424B9B6A23F47C32FF
:10F870007B681B681B033F4913438B627B685B6893
:10F88000013BC3F308027B689B68013B5B029BB2B0
:10F890001A437B68DB68013B1B0403F4FE031A4335
:10F8A0007B681B69013B1B0603F0FE433149134390
:10F8B0008B63304BDB6A23F0C0027B685B692D49A8
:10F8C0001343CB622B4BDB6A23F020027B689B69DE
:10F8D00028491343CB62274BDB6A264A23F01003E7
:10F8E000D362244BDA6B244B13407A68D269D2007E
:10F8F00020491343CB631F4BDB6A1E4A43F01003BE
:10F90000D3623B68002B06D11A4BDB6A194A43F4D9
:10F910000023D3620FE03B68012B06D1154BDB6A55
:10F92000144A43F48013D36205E0124BDB6A114A98
:10F9300043F40013D3620F4B1B680E4A43F08063FD
:10F940001360F7F7B1FCB86008E0F7F7ADFC0246CA
:10F95000BB68D31A022B01D9032306E0054B1B68B1
:10F9600003F00063002BF0D0FB7B18461037BD4638
:10F9700080BD00BF004402580700FFFF80B584B07F
:10F9800000AF786039600023FB73534B9B6A03F030
:10F990000303032B01D1012399E04F4B1B684E4A0F
:10F9A00023F080531360F7F77FFCB86008E0F7F7A7
:10F9B0007BFC0246BB68D31A022B01D9032386E0E5
:10F9C000454B1B6803F00053002BF0D1424B9B6A60
:10F9D00023F07C727B681B681B053F4913438B62D5
:10F9E0007B685B68013BC3F308027B689B68013B53
:10F9F0005B029BB21A437B68DB68013B1B0403F488
:10FA0000FE031A437B681B69013B1B0603F0FE43A0
:10FA1000314913430B64304BDB6A23F440627B684B
:10FA20005B692D491343CB622B4BDB6A23F40072D5
:10FA30007B689B6928491343CB62274BDB6A264AC4
:10FA400023F48073D362244B5A6C244B13407A689E
:10FA5000D269D200204913434B641F4BDB6A1E4A14
:10FA600043F48073D3623B68002B06D11A4BDB6AE8
:10FA7000194A43F48003D3620FE03B68012B06D19F
:10FA8000154BDB6A144A43F40003D36205E0124BC2
:10FA9000DB6A114A43F08073D3620F4B1B680E4A36
:10FAA00043F080531360F7F7FFFBB86008E0F7F707
:10FAB000FBFB0246BB68D31A022B01D9032306E0E5
:10FAC000054B1B6803F00053002BF0D0FB7B18465E
:10FAD0001037BD4680BD00BF004402580700FFFF3D
:10FAE00080B586B000AFF860B9607A603B60BB68F3
:10FAF000022B04D9BB68033B012B12D808E03B68FA
:10FB00007A68B968F86800F085FB0346FB750BE07E
:10FB10003B687A68B968F86800F02EFC0346FB750C
:10FB200002E00123FB7500BFFB7D002B04D1F868C8
:10FB300000F008F80346FB75FB7D18461837BD46F4
:10FB400080BD000080B58AB000AF78607B68002B74
:10FB500001D10123FBE17B6893F83830012B13D1ED
:10FB60007B681B68964A934204D07B681B68954A61
:10FB7000934207D17B685B68012B03D17B685B6C88
:10FB8000002B01D00123E2E17B681B688C4A934281
:10FB900004D07B681B688C4A934202D18B4BBB61BB
:10FBA0000EE07B681B68874A934204D07B681B6821
:10FBB000874A934202D1874BBB6101E00123C6E132
:10FBC0007B6893F89130DBB2002B06D17B68002272
:10FBD00083F89020786800F0C9F9786800F086FC16
:10FBE0000346002B01D00123B1E17B68022283F898
:10FBF00091207B68DB68022B0CD0022B0DD8002BE8
:10FC000002D0012B03D008E000237B6208E0102320
:10FC10007B6205E020237B6202E000237B6200BF61
:10FC20007B689B68052B22D801A252F823F000BF05
:10FC300049FC00084FFC000857FC00086FFC000856
:10FC40006FFC00085FFC00080023FB6112E04FF42A
:10FC50008063FB610EE04FF40063FB610AE04FF448
:10FC60000063FB617B6A43F003037B6202E00023D5
:10FC7000FB6100BFBB697A6A1A607B681B6A002B54
:10FC800000F0848000237B617B681B684C4A9342B0
:10FC900004D07B681B684C4A934204D14FF48070B7
:10FCA000FEF784FD78617B681B68464A934204D165
:10FCB0004FF48060FEF77AFD78617B681B68444AE8
:10FCC000934204D14FF40060FEF770FD78617B68C9
:10FCD0009B69B3F5002F20D17B685B6C042B02D1AC
:10FCE0004023FB600AE07B685B6C082B03D14FF478
:10FCF0008073FB6002E07B685B6DFB607A69134692
:10FD00009B0013445B0019467B681B6AFA6802FB80
:10FD100003F3B1FBF3F33B6117E07B689B6AB3F13C
:10FD2000806F01D1022300E00123BB607A69134692
:10FD30009B0013445B0019467B681B6ABA6802FB90
:10FD400003F31B02B1FBF3F33B613B69224AA2FBC5
:10FD50000323DA087B685A6239691F4BA3FB01232E
:10FD6000DA0813469B0013445B00CA1A082A04D918
:10FD70007B685B6A5A1C7B685A627B685B6C042BED
:10FD800004D17B685B6A5A087B685A627B685B684F
:10FD9000002B03D07B685B68022B09D17B681B6D4D
:10FDA000012B01D1002301E04FF400733B6217E007
:10FDB0007B681B6D012B11D14FF400730FE000BF66
:10FDC0000458014004540058245801400058014090
:10FDD0002454005800540058CDCCCCCC00233B62B6
:10FDE0007B681B6819687B681A685B4B0B40136063
:10FDF0007B681B6819687B685A687B685B6C1A4370
:10FE00007B689B6C1A437B68DB6C1A433B6A1A4322
:10FE1000FB691A437B68DB6A1A437B685B691A4398
:10FE20007B689B691A437B685B6A1B051A437B6886
:10FE30009B6A1A437B681B691A437B681B680A43E9
:10FE40001A607B681B6859687B681A68434B0B40D3
:10FE500053607B681B6859687B68DA697B681B6B39
:10FE60001A437B685B6B1A437B681B680A435A60C2
:10FE70007B681B6899687B681A68394B0B409360F4
:10FE80007B681B6899687B685B6D5A1E7B685B6E3C
:10FE90001A437B68DB6D1A437B681B6E1A437B68D1
:10FEA0009B6D013B1B021A437B681B680A439A60E7
:10FEB0007B681B68D9687B681A684FF220030B4087
:10FEC000D3607B681B68D9687B689A6E7B68DB6E41
:10FED0001A437B685B6F1B041A437B681B6F013BF3
:10FEE0001B021A437B681B680A43DA607B681B6845
:10FEF0001C4A934204D07B681B681B4A934219D169
:10FF0000BB695B6C23F00102BB695A647B6893F8A0
:10FF10003830012B0ED17B681A6C7B68DB6B013BA0
:10FF20001B011A43BB695A64BB695B6C43F0010255
:10FF3000BB695A647B680022C3F894207B68012265
:10FF400083F891207B68002283F8902000231846D4
:10FF50002837BD4680BD00BF10C005F0F01FFFFF71
:10FF60000080F8FF045801400454005880B483B066
:10FF700000AF786000BF0C37BD465DF8047B70476A
:10FF800080B586B000AFF860B9601346FB80F7F724
:10FF90008BF97861BB68002B02D0FB88002B01D164
:10FFA000012398E0FB6893F89130DBB2012B40F01D
:10FFB0009180FB6893F89030012B01D102238AE0F5
:10FFC000FB68012283F89020FB68BA689A67FB6897
:10FFD000FA88A3F87C20FB68FA88A3F87E20FB68E7
:10FFE0000022C3F89420FB68122283F89120FB685A
:10FFF000D3F880303A4A1A64FB68D3F88030394A23
:020000040801F1
:10000000DA63FB68D3F88030374ADA64FB68D3F8E8
:10001000803000221A65FB68D3F88000FB689B6F74
:100020001946FB681B681C331A46FB68B3F87C3022
:10003000F8F770FB0346002B05D0FB68002283F81D
:100040009020012347E00021F86800F017FA0146EC
:10005000FB681B681A69FB681B680A431A61FB6826
:100060001B681A68FB681B6842F400321A6015E0CE
:10007000F7F71AF902467B69D31AB3F57A7F0DD9DF
:10008000FB68D3F8943043F04002FB68C3F8942037
:10009000FB68002283F8902003231CE0FB681B68A8
:1000A0005B6903F4E023002BE2D0FB681B681B684C
:1000B00003F48033002B07D1FB681B681A68FB68C8
:1000C0001B6842F480321A60FB68002283F890209B
:1000D000002300E0022318461837BD4680BD00BF4C
:1000E000C1050108610501085906010880B584B001
:1000F00000AFF860B9601346FB80BB68002B02D0EC
:10010000FB88002B01D1012379E0FB6893F8913043
:10011000DBB2012B72D1FB6893F89030012B01D137
:1001200002236CE0FB68012283F89020FB68BA6828
:100130009A67FB68FA88A3F87C20FB68FA88A3F822
:100140007E20FB680022C3F89420FB68222283F8FB
:100150009120FB68D3F884302B4A1A64FB68D3F8EB
:1001600084302A4ADA63FB68D3F88430284ADA6498
:10017000FB68D3F8843000221A65FB68D3F884004A
:10018000FB681B681C331946FB689B6F1A46FB68AB
:10019000B3F87C30F8F7BEFA0346002B05D0FB68B5
:1001A000002283F89020012329E00021F86800F064
:1001B00065F90146FB681B681A69FB681B680A43FE
:1001C0001A61FB681B681A68FB681B6842F40032FE
:1001D0001A60FB681B681B6803F48033002B07D18F
:1001E000FB681B681A68FB681B6842F480321A605F
:1001F000FB68002283F89020002300E002231846C9
:100200001037BD4680BD00BF3D060108DD05010871
:100210005906010880B487B000AFF860B9607A6011
:100220003B600023FB75FB6800225A64FB680022D8
:10023000DA64FB685B68002B03D0FB685B68022B09
:1002400003D1FB6800221A6502E0FB6801221A65EF
:10025000FB684FF48032DA65FB684FF6FF725A672D
:10026000FB6800229A66FB683A681A673B6803F0ED
:100270000103002B01D0012377E0BB68002B07D1DD
:10028000FB6800221A66FB684FF480225A6606E07B
:10029000FB684FF400321A66FB6800225A667B68DE
:1002A000032B4FD801A252F823F000BFBD02010872
:1002B000DF0201080103010823030108FB68802213
:1002C0009A643B685B085A01FB685A653B685B08A7
:1002D0001A01FB689A65FB684022DA6635E0FB6824
:1002E00080229A643B685B089A01FB685A653B6808
:1002F0005B085A01FB689A65FB688022DA6624E095
:10030000FB68C0229A643B685B089A01FB685A65E7
:100310003B685B085A01FB689A65FB688022DA66D5
:1003200013E0FB68E0229A643B685B089A01FB6873
:100330005A653B685B085A01FB689A65FB68802236
:10034000DA6602E00123FB7500BFBB68022B0BD10C
:100350007B68012B02D1FB6810229A667B68022B16
:1003600002D1FB6808229A66FB7D18461C37BD4601
:100370005DF8047B704700BF80B487B000AFF860C1
:10038000B9607A603B600023FB75FB6800225A6409
:10039000FB680022DA64FB685B68002B03D0FB6813
:1003A0005B68022B03D1FB6801221A6502E0FB683F
:1003B00000221A65FB680022DA65FB684FF4003200
:1003C0001A66FB684FF480225A66FB6800229A6620
:1003D000FB683A681A67FB684FF6FF725A67BB689A
:1003E000042B03D1FB6801229A6502E0FB680D2211
:1003F0009A657B68032B37D801A252F823F000BF1F
:1004000011040108270401083D04010853040108F0
:10041000FB6880229A643B681A01FB685A65FB6896
:100420004022DA6623E0FB6880229A643B685A0126
:10043000FB685A65FB688022DA6618E0FB68C02218
:100440009A643B685A01FB685A65FB688022DA6649
:100450000DE0FB68E0229A643B685A01FB685A652C
:10046000FB688022DA6602E00123FB7500BFFB7D9A
:1004700018461C37BD465DF8047B704780B485B0D4
:1004800000AF78600B46FB700123FB60FB78012B0B
:1004900003D1FB6843F00803FB607B685B6C082BAF
:1004A0000BD17B685B68032B03D07B685B68012BF7
:1004B00003D1FB6843F01003FB607B685B68032B90
:1004C00003D07B685B68022B04D1FB6843F06003B8
:1004D000FB6003E0FB6843F00403FB60FB68184625
:1004E0001437BD465DF8047B7047000080B485B0CA
:1004F00000AF7860184B1B68184AA2FB03231B0B44
:100500009B00FB600023FB727B681B681A687B689A
:100510001B6822F480321A60FB68002B0AD17B68CA
:10052000D3F8943043F040027B68C3F8942003234F
:10053000FB7209E0FB68013BFB607B681B681B6882
:1005400003F48033002BE7D1FB7A18461437BD46FD
:100550005DF8047B704700BF140500241BECCB95AD
:1005600080B584B000AF78607B689B6BFB607B6874
:10057000DB69B3F5807F1CD0FB680022A3F87E20E6
:10058000FB681B681A68FB681B6822F400321A605B
:100590000021F868FFF772FF0346D943FB681B6828
:1005A0001A69FB681B680A401A61FB68012283F81C
:1005B0009120F868F2F760F900BF1037BD4680BDA2
:1005C00080B584B000AF78607B689B6BFB60F86897
:1005D000F2F75DF900BF1037BD4680BD80B584B02D
:1005E00000AF78607B689B6BFB607B68DB69B3F571
:1005F000807F1CD0FB681B681A68FB681B6822F4AC
:1006000000321A60FB680022A3F87E200021F868FF
:10061000FFF734FF0346D943FB681B681A69FB6880
:100620001B680A401A61FB68012283F89120F86870
:10063000F4F751FA00BF1037BD4680BD80B584B0D5
:1006400000AF78607B689B6BFB60F868F4F738FA62
:1006500000BF1037BD4680BD80B584B000AF786064
:100660007B689B6BFB607868F9F7E8F90346022B1F
:100670001DD0FB68D3F8943043F08002FB68C3F8C8
:100680009420FB681B681A68FB681B6822F4003220
:100690001A60F868FFF72AFFFB68012283F89120AF
:1006A000FB680022A3F87E20F868F2F7FBF800BF91
:1006B0001037BD4680BD000080B584B000AF7860C3
:1006C0007B68DB6AFB607B681B685B6B03F4004341
:1006D000002B08D0FB6803F00803002B03D07868D8
:1006E00000F0ACF99AE17B681B685B6B03F48073E4
:1006F000002B00F0AC807B681B684FF480729A631B
:100700007B681B68D96B7B681A68594B0B40D363B5
:100710007B681B68DA6B7B681B6822F08052DA63A7
:100720007B681B68DA687B681B6822F04002DA602D
:10073000FB6803F00803002B38D0FB6803F00203CA
:10074000002B04D1FB6803F02003002B11D07B6841
:100750001B68184600F092FAB860BB68002B08D0FE
:100760007B685A6BBB681A437B685A63786800F0F1
:100770005BF97B681B683F4A9A637B68012283F8B8
:1007800030207B680022DA62FB6803F00103002B53
:1007900004D1FB6803F00203002B03D07868F6F75E
:1007A000C3FC3BE17868F6F7ABFC37E1FB6803F08C
:1007B0008003002B00F032817B681B6800229A6264
:1007C0007B681B680022DA627B681B6800221A655E
:1007D000FB6803F00203002B04D1FB6803F0200345
:1007E000002B11D07B681B68184600F047FAB860F0
:1007F000BB68002B08D07B685A6BBB681A437B68C8
:100800005A63786800F010F97B68012283F8302081
:100810007B680022DA62FB6803F01003002B04D12E
:10082000FB6803F02003002B02D07868F6F768FC21
:10083000FB6803F00103002B05D1FB6803F0020302
:10084000002B00F0EB807868F6F76EFCE6E07B6842
:100850001B685B6B03F48043002B0DD0FB6803F037
:100860000803002B08D0786800F02EF9D6E000BF0E
:10087000C53EFFFF3A0F00187B681B685B6B03F0F7
:100880003A03002B00F09D807B681B685B6B03F0D4
:100890000203002B05D07B685B6B43F002027B6890
:1008A0005A637B681B685B6B03F00803002B05D061
:1008B0007B685B6B43F008027B685A637B681B684C
:1008C0005B6B03F02003002B05D07B685B6B43F070
:1008D00020027B685A637B681B685B6B03F0100324
:1008E000002B05D07B685B6B43F010027B685A637A
:1008F0007B681B684B4A9A637B681B68DA6B7B6872
:100900001B6822F49D72DA637B681B68DA687B6877
:100910001B6822F04002DA607B681B68DA6A7B6839
:100920001B6842F40052DA627B681B68DA687B68F5
:100930001B6842F08002DA607B681B68184600F092
:100940009DF902467B685B6B1A437B685A637B6840
:100950001B68DA687B681B6822F08002DA607B68BB
:100960001B684FF400629A63FB6803F00803002BD6
:100970000AD07B68012283F830207B680022DA628B
:10098000786800F051F849E0FB6803F08003002B21
:1009900044D07B685B6B002B40D07B681B68DA6BB4
:1009A0007B681B6822F08052DA637B681B68002238
:1009B0001A657B68012283F83020786800F034F8EB
:1009C0002CE07B681B685B6B03F08053002B25D009
:1009D0007B681B684FF080529A637B681B681B6DB5
:1009E00003F00403002B0CD1FB6803F02003002B61
:1009F00003D0786800F0D0F810E0786800F0B8F81C
:100A00000CE0FB6803F02003002B03D0786800F0B3
:100A1000B9F803E0786800F0A1F8FFE700BF1037ED
:100A2000BD4680BD3A0F001880B483B000AF786037
:100A300000BF0C37BD465DF8047B704780B586B0BB
:100A400000AF78607B685B6A3B617B689B6A1F2BA9
:100A500036D900237B6127E07B681B68184600F0CD
:100A6000A5F8F860FB68DAB23B691A703B6901339C
:100A70003B61FB681B0ADAB23B691A703B690133C0
:100A80003B61FB681B0CDAB23B691A703B690133AE
:100A90003B61FB681B0EDAB23B691A703B6901339C
:100AA0003B617B6901337B617B69072BD4D97B6810
:100AB0003A695A627B689B6AA3F120027B689A625A
:100AC00000BF1837BD4680BD80B586B000AF7860E6
:100AD0007B68DB693B617B681B6A1F2B3AD900236B
:100AE0007B612BE03B691B78FB603B6901333B6119
:100AF0003B691B781A02FB681343FB603B690133B7
:100B00003B613B691B781A04FB681343FB603B693C
:100B100001333B613B691B781A06FB681343FB609A
:100B20003B6901333B617B681B6807F10C0211468E
:100B3000184600F048F87B6901337B617B69072B1D
:100B4000D0D97B683A69DA617B681B6AA3F120021D
:100B50007B681A6200BF1837BD4680BD80B483B081
:100B600000AF786000BF0C37BD465DF8047B70476E
:100B700080B483B000AF786000BF0C37BD465DF82D
:100B8000047B704780B483B000AF786000BF0C373F
:100B9000BD465DF8047B704780B483B000AF7860D9
:100BA00000BF0C37BD465DF8047B704780B483B04E
:100BB00000AF78607B68D3F8803018460C37BD46AC
:100BC0005DF8047B704780B483B000AF7860396013
:100BD0003B681A687B68C3F88020002318460C37EE
:100BE000BD465DF8047B704780B485B000AF786087
:100BF00039600023FB603B681A687B689A603B6839
:100C00005A683B689B681A433B68DB681A433B6839
:100C10001B691343FA681343FB607B68DA68064B71
:100C20001340FA681A437B68DA60002318461437C9
:100C3000BD465DF8047B7047C0E0FEFF80B483B022
:100C400000AF78607B681B69DBB218460C37BD4685
:100C50005DF8047B704780B485B000AF7860396080
:100C60007B6814331A463B681344FB60FB681B68BF
:100C700018461437BD465DF8047B704780B588B0D0
:100C800000AF78600023BB600C23FB604FF48073DF
:100C90003B6100237B614FF48053BB617B68DB6861
:100CA00043F080027B68DA607B68DB6823F04002F7
:100CB0007B68DA6007F1080319467868FFF794FF4C
:100CC0000B4A0C21786800F015F8F8617B68DB6846
:100CD00023F080027B68DA60FB69B3F1007F01D109
:100CE0000023FB61FB6918462037BD4680BD00BF6D
:100CF00000E1F50580B588B000AFF8600B467A607A
:100D0000FB72704B1B68704AA2FB03235A0A7B6874
:100D100002FB03F3FB61FB695A1EFA61002B02D14F
:100D20004FF00043C9E0FB685B6BBB61BA69674B7E
:100D30001340002BEFD0BB6903F40053002BEAD122
:100D4000FB685B6B03F00403002B04D0FB680422F8
:100D50009A630423B1E0FB685B6B03F00103002B93
:100D600004D0FB6801229A630123A6E0FB68584A7D
:100D70009A63F868FFF762FF03461A46FB7A9342CC
:100D800001D0012399E00021F868FFF764FF786142
:100D90007A69504B1340002B01D100238DE07B6911
:100DA000002B02DA4FF0007387E07B6903F0804389
:100DB000002B01D0402380E07B6903F00053002B1F
:100DC00001D0802379E07B6903F08053002B02D0AF
:100DD0004FF4807371E07B6903F00063002B02D055
:100DE0004FF4007369E07B6903F08063002B02D04D
:100DF0004FF4806361E07B6903F08073002B02D0C5
:100E00004FF4006359E07B6903F40003002B02D028
:100E10004FF4805351E07B6903F48003002B02D030
:100E20004FF4005349E07B6903F40013002B02D018
:100E30004FF4804341E07B6903F48013002B02D020
:100E40004FF4004339E07B6903F48023002B02D088
:100E50004FF4003331E07B6903F40033002B02D000
:100E60004FF4802329E07B6903F48033002B02D008
:100E70004FF4002321E07B6903F40043002B02D0F0
:100E80004FF4801319E07B6903F48043002B02D0F8
:100E90004FF4001311E07B6903F40053002B02D0E0
:100EA0004FF4800309E07B6903F00803002B02D0B4
:100EB0004FF4000301E04FF4803318462037BD465D
:100EC00080BD00BF14050024D34D621045002000F2
:100ED000C500200008E0FFFD80B483B000AF78605B
:100EE00000BF0C37BD465DF8047B704780B584B009
:100EF00000AF78600023FB602AE0FB685B007A6843
:100F000013441B887B81FB680133FB60FB685B003B
:100F10007A6813441B883B81B7F90A3007EE903A90
:100F2000B8EEE77AB7F9083007EE903AF8EEE77ACC
:100F300037EE277AFB685B08F0EE006AC7EE267A88
:100F40000D4A9B001344C3ED007AFB680133FB603C
:100F5000FB68B3F5805FD0D30023084A06490848F0
:100F600003F0BAF84FF480620649044803F09AFC93
:100F700000BF1037BD4680BDC0DB0024C0FB00248D
:100F8000A8DB0024C01B012480B500AF00F032FBB9
:100F900000F058FBF6F702F900F01EFA4FF4802239
:100FA0004FF400010020FCF78FF90020F1F76CFAF4
:100FB00000210020F4F7F4FC0F4800F0BDFC00F025
:100FC00095FA01210020F1F7BDFA4FF400610B48BA
:100FD00002F09CFF00F018F80948FFF77DFF4FF082
:100FE0007F4000F013FD4FF07F4000F089FD054881
:100FF00000F04EF8FBE700BF60570108A8DB0024B3
:10100000805B0024C01B012480B500AF1B4B022273
:101010001A601A4B0222DA60184B4BF680325A6083
:10102000164B10229A60154B32221A61144B002283
:101030001A60134B0222DA60114B4BF680325A6071
:101040000F4B10229A600E4B64221A610C4B0C4A13
:1010500000210020F2F734FB4FF4804209490020C0
:10106000F2F752FF4FF4804207490020F1F786FB68
:10107000064B00221A6000BF80BD00BF94DB002435
:1010800080DB0024809B0024805B0024685B0024BC
:1010900080B588B000AF78600023BB617FE0444A30
:1010A000BB6913441B783B61BB690133404AD35C85
:1010B000FB603A69FB689A4212D13B699B007A68EF
:1010C0001344D3ED007AB0EE670A04F021F8F0EE95
:1010D000407AB3EE047A67EE877AC7ED077A24E0A8
:1010E0004FF00003FB613B697B610EE07B699B0075
:1010F0007A681344D3ED007A97ED077A77EE277A72
:10110000C7ED077A7B6901337B617A69FB689A4294
:10111000ECD397ED070A03F0FBFFF0EE407AB3EE55
:10112000047A67EE877AC7ED077AD7ED077A77EE0C
:10113000A77A9FED207A77EEC77AC7ED077AD7EDC9
:10114000077A9FED1D7AF4EEC77AF1EE10FA01DD11
:101150001A4BFB61BA6913465B0098184FF07F4346
:101160004FF48872002100F095FCBA6913465B00C9
:1011700098189FED137AD7ED077A77EE677ABCEE71
:10118000E77AD7ED077AFCEEE77A0E4B17EE902A56
:1011900017EE101A00F07EFCBB690133BB61BB691E
:1011A0009F2B7FF67CAF00BF00BF2037BD4680BDC0
:1011B0007004002400004843000087430000874378
:1011C00000008843FF0000FF80B58CB000AF78605E
:1011D0003A4BBB624FF480437B627B6A002B1DDD80
:1011E000BB6A03F01F027B6A13443B62BB6AFB616C
:1011F000BFF34F8F00BF324AFB69C2F85C32FB6914
:101200002033FB613B6A203B3B623B6A002BF2DCF4
:10121000BFF34F8F00BFBFF36F8F00BF00BF2748E2
:10122000FFF764FE0023FB6215E0244AFB6A32F9F3
:101230001310244AFB6A22F81310FB6A0133FB6285
:101240001E4AFB6A32F913101E4AFB6A22F8131079
:10125000FB6A0133FB62FB6AB3F5805FE5D3194B90
:10126000BB614FF400537B617B69002B1DDDBB69C3
:1012700003F01F027B6913443B61BB69FB60BFF352
:101280004F8F00BF0E4AFB68C2F86832FB682033FC
:10129000FB603B69203B3B613B69002BF2DCBFF309
:1012A0004F8F00BFBFF36F8F00BF00BF064B0122FF
:1012B0001A6000BF3037BD4680BD00BF809B002450
:1012C00000ED00E0805B0024685B002480B58CB0FA
:1012D00000AF78603A4BBB624FF480437B627B6A1D
:1012E000002B1DDDBB6A03F01F027B6A13443B62C7
:1012F000BB6AFB61BFF34F8F00BF324AFB69C2F884
:101300005C32FB692033FB613B6A203B3B623B6AFA
:10131000002BF2DCBFF34F8F00BFBFF36F8F00BF16
:1013200000BF2748FFF7E2FD4FF48053FB6215E052
:10133000254AFB6A32F91310244AFB6A22F813107B
:10134000FB6A0133FB62204AFB6A32F913101F4A21
:10135000FB6A22F81310FB6A0133FB62FB6AB3F5E8
:10136000005FE5D31A4BBB614FF400537B617B698F
:10137000002B1DDDBB6903F01F027B6913443B6139
:10138000BB69FB60BFF34F8F00BF0E4AFB68C2F81A
:101390006832FB682033FB603B69203B3B613B6963
:1013A000002BF2DCBFF34F8F00BFBFF36F8F00BF86
:1013B00000BF084B02221A6000BF3037BD4680BD17
:1013C00080BB002400ED00E0809B0024805B0024B3
:1013D000807B0024685B002480B59EB000AF0023B2
:1013E00087F877300420FBF7CFF900237B603D4B73
:1013F0009B693C4A23F4404393613A4B9B6903F455
:1014000040437B607B6800BF364B9B6903F400530D
:10141000B3F5005FF8D10123BB604FF48033FB606C
:1014200000237B6100237B620223FB6202233B6378
:1014300005237B636823BB6300233B650123FB63B8
:1014400002237B6404233B640023FB640823BB6406
:1014500007F108031846FBF7F1F9034687F87730E0
:1014600097F87730002B01D000F05AF93F237B65C5
:101470000323BB650023FB6508233B6640237B6693
:101480004023BB664FF48063FB6640233B6707F154
:10149000540303211846FBF761FD034687F87730B4
:1014A00097F87730002B01D000F03AF90E4B1B680B
:1014B0000D4A43F0800313600B4BD3F8F4300A4A13
:1014C00043F00203C2F8F430074BD3F8F43003F0D2
:1014D00002033B603B68F5F717FF00BF7837BD4656
:1014E00080BD00BF004802580044025880B584B057
:1014F00002AF2C4800F09EFA4FF0FF3000F086FA61
:101500004FF0FF3000F0FCFA274800F06BFA01239F
:10151000264A0A21002000F03FFB0123244A232110
:10152000002000F039FB3B1D19460020F4F740FC79
:101530003B4619460020F4F75DFC1E4800F07AFA9D
:101540003B68A3F1140101231B4A002000F024FB97
:101550001A4800F06FFA3B685A087B6818490191F5
:101560001E21009100210020F4F70CFE4FF0FF3007
:1015700000F038FA124800F049FA3B685908012394
:10158000104A002000F008FB3B685B0803F10F01E4
:1015900001230D4A002000F0FFFA00BF0837BD46C6
:1015A00080BD00BF2C050024800000FF005601080C
:1015B000105601081C0500242856010824050024A3
:1015C000FF0000FF505601087456010880B483B034
:1015D00000AF0346FB71FB79002B02D1044B0122C3
:1015E0001A6000BF0C37BD465DF8047B704700BF32
:1015F000645B002480B584B000AFF5F7A5FF01233C
:101600003B700F4B7B6017233B720323FB7200235D
:10161000FB730123BB7300237B7300237B700023C8
:10162000BB7200237B7200233B733B461846F5F7E1
:10163000C3FF0420F5F7A0FF00BF1037BD4680BDF3
:101640000000407080B485B000AF344B5B6903F498
:101650000033002B1BD1BFF34F8F00BFBFF36F8F41
:1016600000BF2E4B0022C3F85022BFF34F8F00BFA4
:10167000BFF36F8F00BF294B5B69284A43F40033E7
:101680005361BFF34F8F00BFBFF36F8F00E000BF08
:10169000224B5B6903F48033002B38D11F4B0022AF
:1016A000C3F88420BFF34F8F00BF1C4BD3F88030AA
:1016B000FB60FB685B0BC3F30E03BB60FB68DB08DE
:1016C000C3F309037B60BB685A0143F6E073134020
:1016D0007A68920711491343C1F860327B685A1E39
:1016E0007A60002BEFD1BB685A1EBA60002BE5D19F
:1016F000BFF34F8F00BF094B5B69084A43F4803347
:101700005361BFF34F8F00BFBFF36F8F00E000BF87
:1017100000BF1437BD465DF8047B704700ED00E064
:1017200080B400AF00BFFDE780B400AF00BFBD468E
:101730005DF8047B704780B400AF00BFFDE780B464
:1017400000AF00BFFDE780B400AF00BFFDE780B48D
:1017500000AF00BFFDE780B400AF00BFBD465DF83D
:10176000047B704780B400AF00BFBD465DF8047BCA
:10177000704780B400AF00BFBD465DF8047B704782
:1017800080B500AFF5F77CFD00BF80BD80B500AF30
:101790000020F5F7A1FC00BF80BD80B500AF0020A0
:1017A000F5F7EAFC00BF80BD80B500AF0020F5F77B
:1017B00081FC00BF80BD80B500AF0020F0F734FF92
:1017C00000BF80BD80B500AF20210220F2F774FC7D
:1017D00000BF80BD80B500AF80210220F2F76CFC15
:1017E00000BF80BD80B500AF40210220F2F764FC4D
:1017F00000BF80BD80B500AF00210020F2F75CFC87
:1018000000BF80BD80B500AF0020F1F725F800BF14
:1018100080BD80B500AF10210220F2F74DFC00BF63
:1018200080BD80B500AF10210120F2F745FC00BF5C
:1018300080BD000080B400AF264BD3F88830254A25
:1018400043F47003C2F88830234B1B68224A43F0EC
:1018500001031360204B00221A611F4B1A681E49B6
:101860001E4B13400B601C4B00229A611A4B002246
:10187000DA61194B00221A62174B00229A62164B4A
:101880000022DA62144B00221A63134B00225A63BF
:10189000114B00229A63104B0022DA630E4B002298
:1018A0001A640D4B00225A640B4B1B680A4A23F43E
:1018B00080231360084B00221A66094B43F2D202C0
:1018C0001A60044B4FF000629A6000BFBD465DF89D
:1018D000047B704700ED00E0004402587FEDF6EA1B
:1018E00000400052DFF834D0002103E00C4B5B587D
:1018F000435004310B480C4B42189A42F6D30B4A22
:1019000002E0002342F8043B094B9A42F9D3FFF767
:1019100091FF03F0BBFBFFF737FB70470000052486
:1019200030B602080000002484050024A00500242D
:10193000642D0124FEE7000080B582B000AF78601E
:101940007B681B68224A13607B685B68204A53608F
:101950007B689B681E4A93607B68DB681C4AD36087
:101960007B681B691A4A13617B685B69184A53617B
:101970007B689B69164A93617B68DB69144AD36173
:101980007B681B6A124A13627B685B6A104A536267
:101990007B689B6A0E4A93620E4B0022DA600D4B05
:1019A00000221A610A4BDB690B4A11460020984756
:1019B000074B1B6A094A114600209847044B9B6A53
:1019C000074A11460020984700BF0837BD4680BD32
:1019D000002C0124C02B0124D42B0124D82B01245A
:1019E000DC2B012480B483B000AF7860064BDB6849
:1019F000054A5B0113447A681A6000BF0C37BD4684
:101A00005DF8047B704700BFC02B012480B483B015
:101A100000AF7860064BDB68054A5B011344043372
:101A20007A681A6000BF0C37BD465DF8047B7047CA
:101A3000C02B012480B483B000AF7860064BDB6814
:101A4000054A5B01134408337A681A6000BF0C37FB
:101A5000BD465DF8047B7047C02B012490B587B06C
:101A600002AFF860B9607A603B60084B5C68084B75
:101A700018693B6A01933B6800937B68BA68F96810
:101A8000A04700BF1437BD4690BD00BF002C012405
:101A9000C02B012490B587B002AFF860B9607A60BE
:101AA0003B60154BDB69022B18D1144BDC68124BE1
:101AB00018693B68DB0803F01F023B689B0A5B0167
:101AC00003F4FC631A433B68DB0CDB029BB2134359
:101AD00000937B68BA68F968A04709E0074BDC68A7
:101AE000054B18693B6800937B68BA68F968A047A2
:101AF00000BF1437BD4690BDC02B0124002C01242B
:101B000080B584B002AF7860074B5A69064B99697B
:101B10007B6800930B460021002000F0EBF800BF2B
:101B20000837BD4680BD00BFC02B012480B584B0FE
:101B300000AFF860B9601346FB71164BDB68154ABD
:101B40005B01134408331B681A68FB79203B114979
:101B5000C96810484901014408310968C98803FB74
:101B600001F10C4BDB680B485B01034408331B6835
:101B70009B880733002B00DA0733DB1001FB03F3EC
:101B800013441A46B968F86800F0EEF800BF103741
:101B9000BD4680BDC02B012480B58AB000AFF8607F
:101BA000B9607A60FB7001237B6200233B620023F3
:101BB000FB6100237B617B68BB6102E0FB69013351
:101BC000FB61BB695A1CBA611B78002BF6D1484BEC
:101BD0005B69474AD268464952010A440832126892
:101BE0009288B3FBF2F37B61FB78032B18D0032BB5
:101BF0002ADC012B02D0022B15D025E07A69FB6983
:101C0000D31A3B4AD2683A4952010A440832126850
:101C1000928802FB03F35B08FA6813447B6216E0C8
:101C2000FB687B6213E07A69FB69D31A304AD26899
:101C30002F4952010A4408321268928803FB02F2CB
:101C4000FB68D31A7B6202E0FB687B6200BF7B6AA1
:101C5000002B03D07B6AB3F5004F1BD301237B62BB
:101C600018E07B681B781A46B968786AFFF75EFF50
:101C70001F4BDB681E4A5B01134408331B689B88BB
:101C80001A467B6A13447B627B6801337B603B6A44
:101C900001333B627B681B78002B14BF01230023B8
:101CA000DAB2134B5969124BDB6811485B010344EC
:101CB00008331B689B8818463B6A00FB03F3CB1A6A
:101CC0009BB20B49C9680A484901014408310968B7
:101CD00089888B422CBF01230023DBB21340DBB287
:101CE000002BBED100BF00BF2837BD4680BD00BF5E
:101CF000C02B012490B587B002AFF860B9607A605C
:101D00003B60174BDB69022B1AD1164B1C69144B35
:101D100018693B6ADB0803F01F023B6A9B0A5B0100
:101D200003F4FC631A433B6ADB0CDB029BB21343F4
:101D300001933B6800937B68BA68F968A0470BE0A1
:101D4000084B1C69064B18693B6A01933B6800937A
:101D50007B68BA68F968A04700BF1437BD4690BDDC
:101D6000C02B0124002C012480B5B2B002AFF86072
:101D7000B9607A600023C7F8BC300023C7F8B830D8
:101D8000A54BDB68A44A5B01134408331B68DB885E
:101D9000C7F8B030A04BDB689F4A5B01134408339F
:101DA0001B689B88C7F8AC30D7F8AC30073323F0FA
:101DB0000702D7F8AC30D31AC7F8A8300023C7F809
:101DC000BC301CE1D7F8AC300733DB08D7F8BC20B7
:101DD00002FB03F37A681344C7F8A430D7F8AC3099
:101DE0000733DB08012B02D0022B06D011E0D7F815
:101DF000A4301B78C7F8B4301DE0D7F8A4301B78A6
:101E00001B02D7F8A420013212781343C7F8B4306C
:101E100011E0D7F8A4301B781A04D7F8A4300133A6
:101E20001B781B021343D7F8A42002321278134305
:101E3000C7F8B43000BF784BDB68774A5B011344C6
:101E40001C331B68022B40F08C800023C7F8B8308D
:101E500074E0D7F8AC20D7F8B830D21AD7F8A83049
:101E60001344013B012202FA03F31A46D7F8B430B7
:101E70001340002B2DD0684BDB68674A5B0113448D
:101E80001B68DB089BB203F01F039AB2624BDB684E
:101E900061495B010B441B689B0A9BB25B019BB2CF
:101EA00003F4FC639BB213439AB25B4BDB685A4961
:101EB0005B010B441B68DB0C9BB2DB029BB2134340
:101EC0009AB2D7F8B8305B00C0333B4423F84C2CAF
:101ED0002FE0514BDB68504A5B01134404331B680D
:101EE000DB089BB203F01F039AB24B4BDB684A49F5
:101EF0005B010B4404331B689B0A9BB25B019BB2E2
:101F000003F4FC639BB213439AB2434BDB68424930
:101F10005B010B4404331B68DB0C9BB2DB029BB2FE
:101F200013439AB2D7F8B8305B00C0333B4423F870
:101F30004C2CD7F8B8300133C7F8B830D7F8B820F0
:101F4000D7F8AC309A4284D3B9684B1CBB6007F118
:101F5000740201230093D7F8AC30F868FFF77EFDD8
:101F600048E00023C7F8B83032E0D7F8AC20D7F803
:101F7000B830D21AD7F8A8301344013B012202FA34
:101F800003F31A46D7F8B4301340002B0DD0224B80
:101F9000DB68214A5B0113441A68D7F8B8309B000C
:101FA000C0333B4443F8AC2C0DE01B4BDB681A4AB2
:101FB0005B01134404331A68D7F8B8309B00C03370
:101FC0003B4443F8AC2CD7F8B8300133C7F8B830ED
:101FD000D7F8B820D7F8AC309A42C6D3B9684B1CB2
:101FE000BB6007F1140201230093D7F8AC30F86806
:101FF000FFF734FDD7F8BC300133C7F8BC30D7F851
:10200000BC20D7F8B0309A42FFF4DCAE00BF00BF6E
:10201000C037BD4680BD00BFC02B01242DE9F04F65
:1020200089B09369D58C03910793D369D2E902C132
:10203000D2E9044A0691D2E90C81002D63D001F067
:10204000200501F01001DFF8E0E0C1460491002115
:1020500005954DE0875D057800EB460005EB072709
:10206000FEB2C7F307275EF826505EF827601D44CE
:1020700006EB9523C5F30905C3F309069B0A46EA57
:102080000546274D26FB05C5264F26FB07FC049E6B
:1020900001F10108A5F50065AEB12C44D2F820B0DD
:1020A000A4EB0A04AA46E717A4FB0B45CDE90045BB
:1020B0000BFB07540194DDE9004514F1004445F1A0
:1020C00000056C002546B2F828B02D044FF00046FC
:1020D000002701FB0BFB1FFA88F1C9FB0567039E74
:1020E000BD1005F30F0526F81B50D58C8D420AD97B
:1020F000558D012DEEB2ADD1059D50F8027B002D1E
:10210000AED07FBAACE700200699D361079BC2F836
:1021100008C0D1609361C2E9044A09B0BDE8F08FFC
:102120000100030003000100000000242DE9F04F2E
:10213000D2E9044389B0D68C039393690491079341
:10214000D169D2E90238D2E90CA5002E00F08880CE
:1021500005F0200605F010054FF0000CDFF840E117
:102160000696059564E010F8165000EB460610F848
:1021700007B02D04F01905EB0B25A9445FFA89F689
:10218000C9F307274FEA19495EF826605EF8277001
:1021900006EB91265EF8291007EB9627C6F3090691
:1021A000C7F3090501EB972145EA06463A4D26FBA0
:1021B00005873A4D26FB0538C1F3090303EB430BB2
:1021C000012308EB4B0826FB03F60CEB03090BEB92
:1021D0000603059EA7F5D855AEB12C44039ED2F850
:1021E00020B0A41B0395E717A4FB0B45CDE90045E0
:1021F0000BFB07540194DDE9004514F1004445F15F
:1022000000056C002546B2F828B0AD034FF000463B
:1022100000270CFB0BFB1FFA89FCCAFB0567049E19
:10222000BD1005F30F0526F81B50D58C654517D951
:10223000558D90F80090EFB2012D3EB293D1069DDE
:10224000DDB1C7784FEA09261CF0010F4FEA0725D8
:1022500006EB07461AD190F801900230B1448DE7A1
:1022600093600020039BC2F80C805361079BD161EF
:102270001461936109B0BDE8F08F4578033010F820
:10228000016C2D0205EB0645A94477E786780430FA
:1022900005EB0645A94471E70100030007000600AD
:1022A000000000242DE9F04FD2E9044389B0156BFA
:1022B000D68C02939369049107930395D169556B6A
:1022C000D2E90238002E00F0978005F0200605F0D4
:1022D00010054FF0000EDFF850C10696059579E025
:1022E0003D7810F809B02D0410F806A090F8009081
:1022F00007EB460005EB0B6505EB0A25A9445FFAE1
:1023000089F7C9F30725C9F307464FEA19695CF84D
:1023100027705CF8255007EB91215CF826605CF88B
:10232000297005EB9125C1F3090906EB9526C5F344
:10233000090507EB9621C6F3090645EA0949C1F3E9
:10234000090545EA0646344D29FB05884FF48035DA
:1023500026FB0587314D29FB0533314D26FB05381A
:10236000012329FB03F92F4B26FB0393059E0EF156
:102370000109A7F58045AEB12C44029ED2F820A0F9
:10238000A41B0295E717A4FB0A45CDE900450AFB0B
:1023900007540194DDE9004514F1004445F10005BE
:1023A0006C002546B2F828A06D03039F0EFB0AFBC4
:1023B0001FFA89FE4FF0000A4FF00049049EC7FB48
:1023C000059A5746BD1005F30F0526F81B50D58C0E
:1023D000754511D9558DEEB2012D00EB460706EB80
:1023E00046097FF47DAF051DD0F80090069880B1B6
:1023F00099FA99F9284682E793600020029BC2F877
:102400000C805361079BD1611461936109B0BDE8F1
:10241000F08F284673E700BF030006000C000A0097
:102420000A000C0006000300000000242DE9F04F14
:10243000136989B0D48C0193536904910293936911
:10244000D2F81CC00793D2E902310091116B0391BD
:10245000516B002C00F0BE8001F0200401F010014F
:102460004FF0000E059106946249A0E000EB0806CB
:1024700010F808A010F80590F45D3E4490F800B004
:10248000200406EB080416F8086000EB0A6A14F84A
:10249000078027440AEB092A08EB06260AEB0B04FF
:1024A00007EB4500C6F30728F7B2E6B2C4F30725E9
:1024B000C4F307494FEA146B51F8266051F82550D0
:1024C00006EB9C2651F8299051F82B4005EB9625F8
:1024D00051F8277051F828C0C6F3090609EB952971
:1024E000C5F3090504EB9924C9F3090945EA064631
:1024F000009D07EB9427C4F309040CEB972CC7F35A
:10250000090744EA0949CCF3090444EA07473A4C6D
:1025100026FB045A394C29FB04AA4FF4803427FBCC
:1025200004AA374C26FB04334FF01B1429FB043359
:10253000344C27FB04330125009326FB05F6324B70
:1025400029FB0369314B27FB0393059C0EEB050820
:10255000AAF5584A9CB1019C029D5444D2F820909F
:10256000CDF808A0641BA4FB09ABE7171AF10044DF
:1025700009FB07BB4BF100056C00A2460194168DC8
:102580004FEACA2A039D4FF000470EFB06F61FFADA
:1025900088FE4FF00008C5FB0A784546AC10049D44
:1025A00004F30F0425F81640D48C744512D9548DC9
:1025B000E5B2012C05EB4508C5F100077FF456AFE5
:1025C000069DD0E900460630002D3FF46BAF64BA9B
:1025D00076BA67E793600020009BC2F81CC0D36006
:1025E000019B1361029B5361079B936109B0BDE896
:1025F000F08F00BF000000240A000F000300060057
:102600001900150015001900060003000F000A004C
:102610002DE9F04F136989B0156B0093536905914B
:102620000393D18C9369D46907930495D2E9023658
:10263000002900F0E880116A0025B3460293069154
:102640007849CCE00EEB4E08CEF1000C90F80090EB
:1026500000EB080710F8086007EB4C0A17F80C00AD
:1026600017F81C300AEB48071AF818A04FEA004880
:1026700017F80C0008EB066617F81C800004674486
:1026800006EB032600EB0A6017F81CA007EB4C07CB
:102690004E4400EB082807EB8E00C244F7B2C6F3A5
:1026A0000728C6F3074E360E51F827705FFA8AFCEA
:1026B00051F82880CAF307293C4451F82E7051F88C
:1026C000266008EB942851F82CC0C4F30904564B3B
:1026D00007EB982EC8F3090851F8297006EB9E26DF
:1026E000CEF3090E48EA0448CAF307440CEB962CD3
:1026F000C6F3090651F824404FEA1A6A07EB9C27F3
:10270000CCF3090C51F82A9046EA0E4604EB972ABE
:10271000C7F3090709EB9A29CAF3090A47EA0C4CDF
:10272000C9F309074FEA992447EA0A4A28FB03B983
:102730003E4B26FB03993E4B2CFB03974FF480390D
:102740002AFB09793B4F029B28FB07332AFB1733EF
:10275000394F26FB07332CFB173B4FF0010E28FBAC
:102760000EF8364B26FB0386354B2CFB036C354BA2
:102770002AFB03C3069FA9F500390293CFB1009B42
:102780004B441E46039BCDF80C90F61AB0464FEA18
:10279000E679CDE90089A6FB0789019E07FB069330
:1027A000464616F1004643F1000707FA0EF3994634
:1027B0000093B2F828C04FEA8929049B4FF00046E5
:1027C000002705FB0CFC0135C3FB0967059BBE1008
:1027D00006F30F0623F81C60D68CAE4211DDB2F86A
:1027E0002AE0BEF1010F7FF42DAF576B00F1080C0A
:1027F000BB06D0E9006A13D576BA9AFA9AFA60460F
:102800004CE75E46029B93600020009BD6601361FC
:10281000039BD4615361079B936109B0BDE8F08FBE
:1028200060463BE70000002415001C000A000F0072
:10283000030006002A00240030002E0006000300DA
:102840000F000A001C0015002DE9F04F8BB0D38C4F
:102850000791116904915169059191690991D169B3
:10286000029191680391D1680191116B0691002B3F
:1028700000F00B81136A4FF00008DFF860C2089384
:102880000092EEE0DBB290F800E019B25C4210F882
:1028900003904E0001EB81053144431810F801B05C
:1028A00019191B5D481911F805A01B040719015DD2
:1028B00003EB0B6310F8140007EB440B17F81470CC
:1028C000090403EB09230BEB050901EB0A611BF873
:1028D000055009EB040B19F8044001EB0021734487
:1028E0000BEB060004EB05253944C3F30724DFB2E4
:1028F000C3F307464FEA136E5CF827305FFA81FA9C
:102900005CF82470029C5CF826901C445CF82E60F5
:102910005CF82AE0C5F3072A07EB9427C4F3090300
:10292000C1F30724EDB209EB9729C7F309075CF857
:10293000244006EB99265CF8255047EA0343C1F38F
:1029400007470EEB962E5CF82AA05CF82770090E5C
:1029500004EB9E24C9F309095CF82110CEF3090E9B
:1029600007EB9427C6F30906C4F3090401EB97218A
:10297000C7F3090746EA094605EB9125C1F30901AA
:1029800044EA0E440AEB952AC5F3090541EA0741DA
:102990004FEA9A22CAF30907029247EA0545434AD9
:1029A000019F23FB027A424A26FB02AA414A24FBEA
:1029B00002AA414A21FB02A74FF4803A25FB0A7A7A
:1029C0003E4A039F23FB027E3D4A26FB02EE4FF068
:1029D0004B1724FB07E73B4A21FB02773A4A25FBCA
:1029E00002724FF00109019223FB09F9374B26FBD4
:1029F0000396374F24FB0764364F21FB07473649C0
:102A000025FB01730393AAF57A3A089B93B1049AC4
:102A100052441446059ACDF814A0A41AA4FB03123C
:102A2000E71711F1004403FB072242F100056B0098
:102A30009A460493009E4FEA4A2A069A4FF00044B1
:102A4000338D002508FB03F3C2FB0A45079A08F102
:102A50000108A91001F30F0122F81310F38C43456C
:102A600012DD009B5B8D012B7FF40CAF009B856812
:102A70005E6BB206D0E9003100F10A007FF535AF98
:102A80005BBA49BA6DBA30E73246039B00209360C7
:102A9000019BD360029BD361049B1361059B53612F
:102AA000099B93610BB0BDE8F08F00BF24002D009F
:102AB00015001C000A000F00030006003F0037004D
:102AC000490045004500490037003F00060003006B
:102AD0000F000A001C0015002D0024000000002437
:102AE0002DE9F04F8DB0D38CD2F81CA0099111695B
:102AF000019206915169079191690B919168039137
:102B0000D1680291116B0891002B00F083810023A2
:102B1000126A81460A92CDE904A365E1D2B299F81E
:102B200000B013B2554219F8020003EB43029F00B4
:102B300009EB0204C3EBC30619F802803B44621997
:102B4000645D02EB030C2404D35C0CEB050E1CF853
:102B500015901CF8052004EB08640EEB450C1EF8DC
:102B6000158004EB00240CEB060E1CF806A01204E2
:102B70005C440EEB050C02EB03621EF805300CEB17
:102B800045001EF815E01B041CF815C000EB060BF1
:102B9000805D03EB0A631BF805600BEB050A02EB93
:102BA00009221BF815B036040AEB4509424406EB2E
:102BB00000661AF8158003EB0E23B94406EB0B26CA
:102BC000634406EB0805E7B2C4F307269B49C4F348
:102BD0000740240E51F827C0D7B251F826B0C2F3EF
:102BE0000726049961448C4694490BEB9C2B51F8C1
:102BF000200051F82480C2F3074400EB9B2051F8D9
:102C000027E051F82670120E08EB902851F8244066
:102C100051F82260C0F309000EEB982EC8F30908A2
:102C2000DAB2CCF3090C07EB9E27CBF3090B51F872
:102C3000222048EA004804EB972AC3F307204BEA16
:102C40000C4BCEF3090E06EB9A2651F820C0C3F3C5
:102C50000740C7F3090702EB9622CAF3090A51F8A5
:102C600020401B0E0CEB922CC6F3090651F82300F2
:102C700047EA0E47EBB2C2F3090204EB9C2ECCF3F9
:102C8000090451F8233046EA0A4600EB9E20C5F3BA
:102C9000072A44EA0244CEF3090E03EB902C51F8C4
:102CA0002A20C5F307434FEA156A02EB9C22C0F3C2
:102CB000090051F82350CCF3090C51F82A3040EAAE
:102CC0000E4005EB9225C2F3090203EB952EC5F3E6
:102CD000090542EA0C434FEA9E21CEF30902049112
:102CE00042EA05450299564A2BFB0212554928FB38
:102CF0000122554927FB0122544926FB0122544950
:102D000024FB0122534920FB0122534923FB0122CA
:102D10004FF4803C25FB0C2A5049039A2BFB012CD5
:102D20004F4A28FB02CEDFF850C127FB0CECDFF83E
:102D30004CE126FB0ECCDFF848E124FB0ECEDFF899
:102D400044C120FB0CEEDFF840C123FB0CECDFF8A4
:102D50003CE125FB0EC24FF0010C02922BFB0CFB59
:102D6000DFF82CC128FB0CBBDFF828C127FB0CBB0C
:102D70003C4F26FB07BB3C4F24FB07BB3B4F20FBD4
:102D800007BB3B4F23FB07BB3A4B25FB03B3039326
:102D9000AAF580140A9B83B1069A079922440794E6
:102DA000521AA2FB0301D51710F1004203FB0511D3
:102DB00041F100035B001C460693019DE401059E62
:102DC0004FF00042288D0023089906FB00F00136E1
:102DD000C1FB0423099A9B10059603F30F0322F805
:102DE0001030EB8CB34213DD019B5A8D012A7FF426
:102DF00095AE586B09F110068106D9E90042D9E970
:102E0000023518D564BA52BA5BBA6DBAB146DAE681
:102E1000DDF810A0019B002003990B9A996002999C
:102E2000C3F81CA0D96006999A6119610799596184
:102E30000DB0BDE8F08FB146C5E600BF000000242C
:102E4000690078004E005B003700420024002D002E
:102E500015001C000A000F00030006009600880001
:102E6000AC00A2001C0015002D0024004200370019
:102E70005B004E0078006900BA00B400C000BE00DC
:102E8000BE00C000B400BA00A200AC0088009600EA
:102E9000060003000F000A002DE9F04F936987B088
:102EA0008246D08C0493D2F830B0D369D2F820E0B7
:102EB000D2E90254D2E9046C0394002854D0A1F161
:102EC00002090AEB4001DFF8AC8050460191194637
:102ED000CDF808B0059250F8023B5BBADCB2C3F300
:102EE000072258F8243058F82240194404EB912462
:102EF000C1F30903C4F30902A10A42EA03431B4ACE
:102F000023FB02541A4A23FB02F5A4F500644FF098
:102F1000004A4FF0000BA219A2EB0C02A446D717EF
:102F2000A2FB0E2312F100460EFB073343F100070C
:102F3000029B7A047E00C3FB02AB4FEAAB0303F3B0
:102F40000F0329F8023F019B9842C4D10B46059A12
:102F500000200399D361049B9560D1609361C2E91D
:102F6000046407B0BDE8F08F6446F1E70100030098
:102F700003000100000000242DE9F04F166B89B01A
:102F80009369D58C0496166A06930595D3690096C5
:102F9000D2E9044AD2E902CE002D00F083800792E4
:102FA00000262246A1F1020B3F4F1D46CDF80CA092
:102FB000009C56E0417808EB0948023088445FFAEB
:102FC00088F3C8F307294FEA184857F8231057F831
:102FD000293001EB952157F8285003EB9128C1F3D4
:102FE0000901C8F3090305EB982543EA01432F497A
:102FF00023FB01E92E4923FB01CEC5F3090C012176
:103000000CEB4C080EEB480E23FB01F3A9F5D8514D
:1030100008EB030C039B4FF0000A0A4401360391AE
:10302000D21A4FEAE279A2FB0423CDE9002304FB84
:1030300009334FF000490193DDE9002312F100420A
:1030400043F100034FEAC3385A00049BC3FB089ABC
:103050004FEAAA0303F30F032BF8023F059B9E429E
:1030600010D090F8039016F0010F01784FEA092371
:103070004FEA01289ED090F80280043003EB084804
:1030800088449CE714462B46079A0020D361069B90
:10309000C2F808C0C2F80CE09361C2E9044109B06B
:1030A000BDE8F08F5146F0E7000000240100030066
:1030B000070006002DE9F04F936987B08346D08C56
:1030C0000493D569146BD2F820A0D2E9048ED2E91A
:1030D000023C002877D00F46F14601EB4001CDF8C5
:1030E00000803A4E9E46A046039105925BF8044B41
:1030F00064BAE0B2C4F30723C4F30741240E56F8C0
:10310000200056F8233000EB952056F8211056F891
:10311000245003EB9023C0F3090001EB9321C3F388
:10312000090305EB9125C1F3090143EA0043C5F307
:10313000090040EA0141264823FB00C44FF48032D5
:1031400021FB0244234823FB00EC234821FB00CC55
:10315000012223FB02F3214821FB003E009BA4F542
:1031600080442344A3EB0902A146D117A2FB0A2302
:10317000CDE900230AFB01330193DDE9002312F1BD
:1031800000424FF0004243F1000399035B000093BB
:103190000023C8FB01239B1003F30F0327F8023B16
:1031A000039B9F42A2D17346DDF80080059A93608D
:1031B0000020049BC2F80CC0D5619361C2E904846D
:1031C00007B0BDE8F08F7446F1E700BF00000024AF
:1031D000030006000C000A000A000C0006000300B1
:1031E0002DE9F04F176B87B093690197D58C176A5B
:1031F0000493D6690297D2E9044ED2E9023C002D2D
:1032000000F0938005EB4505A1F1020BF246484F13
:1032100000EB45019E4605920391D0E9003206304D
:103220005BBA92FA92F9DDB2C3F30721C3F3074206
:103230001B0E57F8255057F8211005EB962657F826
:10324000225057F823305FFA89F201EB9621C9F337
:10325000072957F82220C6F3090805EB912557F8EE
:103260002960C1F3090103EB9523C5F3090541EA80
:10327000084802EB9322C3F3090306EB9226C2F33C
:10328000090243EA0545C6F3090343EA0242294B12
:1032900028FB03C1284B25FB03114FF4803322FB8D
:1032A0000319264B28FB03EC4FF01B1325FB03CC23
:1032B000234B22FB03CC012128FB01F8214B25FBEA
:1032C0000385214B22FB035EA9F558414FF00048CE
:1032D0000A19029CA2EB0A028A464FEAE279A2FB93
:1032E000042304FB093312F100444FF0000943F1B9
:1032F0000005019B2A036C00C3FB02894FEAA90366
:1033000003F30F032BF8023F039B834285D17346DF
:10331000059A93600020049BC2F80CC0D6619361AB
:10332000C2E9044107B0BDE8F08F7146F1E700BF84
:10333000000000240A000F00030006001900150019
:1033400015001900060003000F000A002DE9F04FD8
:10335000156B89B0936986460395D08C156A0693E0
:10336000D6690495D2E90484D2E9023C002800F031
:10337000A4800F46F14601EB4001564DA2469E4601
:103380000591079259F8081B59F8043C49BA93FA79
:1033900093FBCBB2C1F30722C1F30740090E55F8E6
:1033A00023405FFA8BF355F82220264455F820403D
:1033B00055F8211002EB962255F82300C6F30906B2
:1033C000CBF3072304EB9224C2F3090255F8233010
:1033D00001EB9421C4F3090442EA0642CBF3074609
:1033E00000EB9120C1F3090155F826604FEA1B6BF1
:1033F00003EB9023C0F3090055F82BB041EA0441D8
:1034000006EB9326C3F309030BEB962BC6F30904D3
:1034100043EA0043CBF309004FEA9B2640EA044B02
:103420002D4822FB00CC2D4821FB00CC2C4823FB4F
:1034300000CC4FF480342BFB04C42A4822FB00EC60
:103440002BFB10CC284821FB00CC23FB10CC4FF0E9
:10345000010E22FB0EF2254821FB0021244A23FB0A
:103460000213244A2BFB023EA4F5003404EB0802AD
:10347000A2EB0A02A2461046D117CDE90001049939
:103480000198A2FB012301FB003312F100404FF031
:10349000004043F10001039BCA024FEA41080021AA
:1034A000C3FB02018B1003F30F0327F8023B059BBC
:1034B0009F427FF467AF7346079A93600020069B94
:1034C000C2F80CC0D6619361C2E9048409B0BDE8BA
:1034D000F08F00BF0000002415001C000A000F0040
:1034E000030006002A00240030002E00060003001E
:1034F0000F000A001C0015002DE9F04F136989B078
:10350000166B01930396D48C166AD2E90553D2E95F
:10351000027C06930496D369002C00F0CE80023919
:1035200004EB8404664E9E460291AA4600EB4401D9
:10353000079205918368D0E900420A3064BA52BA12
:1035400093FA93FBE5B2C4F30723C4F30741240EB7
:1035500056F82580D5B256F82330C64456F82110C7
:1035600056F8244003EB9E2356F82550CEF3090E5F
:1035700001EB9329C2F30721C3F3090304EB992458
:1035800056F8211043EA0E43CBF3072E05EB94289F
:10359000C2F30745120E56F82EE001EB982156F8BB
:1035A000255056F822205FFA8BFB05EB9125C8F3D6
:1035B000090856F82BB0C1F3090102EB9522C9F3B3
:1035C0000909C5F3090541EA08480BEB922BC4F33E
:1035D0000904C2F309020EEB9B2ECBF3090B44EA5C
:1035E0000944CEF3090142EA05424FEA9E2E41EA20
:1035F0000B4B344923FB01CC334924FB01CC334929
:1036000028FB01CC324922FB01CC4FF480312BFB4B
:1036100001C9304923FB01772F4924FB01774FF083
:103620004B1C28FB0C7C2D4922FB01CC2C492BFB8D
:1036300001CC012123FB01F32A4924FB01342A494F
:1036400028FB0141294F22FB0712294F2BFB07279B
:10365000A9F57A31019B049C0B44A3EB0A028A462C
:103660004FEAE279A2FB042304FB093312F1004480
:103670004FF0004443F100056B00AA0200250193BE
:10368000039BC3FB0245029AAB1003F30F0322F81E
:10369000023F059B029298427FF44CAF7346079A13
:1036A000D3610020019B9760C2F80CC0C2E90431CD
:1036B000069B936109B0BDE8F08F2946F0E700BF93
:1036C0000000002424002D0015001C000A000F003B
:1036D000030006003F00370049004500450049004F
:1036E00037003F00060003000F000A001C00150011
:1036F0002D0024002DE9F04F14698DB0D38C049473
:1037000054690B9205949469D2F81CC00A94946889
:103710000394D4680294146B126A07940892002BE5
:1037200000F02E8101EB430300F1100BDFF89092C3
:10373000069109935BE904025BE9023640BA52BA8A
:103740005BBA76BAC5B2C0F30724C0F30741000ED6
:1037500059F82570D5B259F824E0C2F30724BC44C7
:1037600059F8211059F82070C2F307400EEB9C2E37
:1037700059F825A059F82450120E01EB9E2159F852
:103780002000CCF3090CCEF3090E07EB912759F872
:103790002240C1F30901DAB20AEB972AC7F30907FD
:1037A0004EEA0C4E59F8222005EB9A25CAF3090A75
:1037B00047EA0147C3F3072100EB952CC5F3090540
:1037C00059F82180C3F3074104EB9C24CCF3090C86
:1037D00059F821001B0E02EB9422C4F3090459F896
:1037E000231045EA0A4508EB9228C2F30902F3B216
:1037F00000EB982AC8F3090059F8233044EA0C4436
:1038000001EB9A21C6F3072C40EA0240CAF3090AE9
:1038100003EB912859F82C20C6F3074C360E02EB27
:103820009822C1F3090159F82C30C8F3090859F856
:1038300026C041EA0A4103EB9226C2F30903019133
:1038400043EA0842029B0CEB962CC6F3090611468C
:10385000CCF309024FEA9C2C42EA0646494A2EFB69
:103860000232494B27FB0322484B25FB0322484BDE
:1038700024FB0322474B20FB0328474B019A22FBE2
:103880000382464B029121FB03224FF4803826FB32
:1038900008231946039A424B2EFB0328414B27FB72
:1038A000038ADFF8208125FB08A8DFF81CA124FB90
:1038B0000A88DFF818A120FB0A8ADFF81481019B2F
:1038C00023FB08AADFF80C81029A22FB08A8DFF884
:1038D00008A126FB0A834FF0010802932EFB08FE85
:1038E000DFF8F88027FB08EE2F4F25FB07EE2F4F60
:1038F00024FB07EE2E4F20FB07EE2E4F019B23FBF0
:1039000007EE2D4F22FB07E72C4B26FB0373A1F597
:1039100080160393049B4FF00040089F002133441E
:103920000BF1100B1A46059B0596D21AD517A2FB70
:103930000723141807FB053343EB01056B002A022C
:103940000493079BC3FB0201069A8B1003F30F033A
:1039500022F8023B13460692099A93427FF4EAAE9C
:103960000B9B002003990A9A99600299C3F81CC026
:10397000D96004999A61C3E904160DB0BDE8F08FCF
:10398000059EEDE7690078004E005B0037004200BD
:1039900024002D0015001C000A000F000300060083
:1039A00096008800AC00A2000F000A001C00150061
:1039B0002D002400420037005B004E0078006900B3
:1039C00000000024BA00B400C000BE00BE00C00069
:1039D000B400BA00A200AC00880096000600030004
:1039E000F8B54022002104460C3001F041FB564A54
:1039F00056484FF6F07113684CF2402523F001034E
:103A0000136003680B40AB4240D003684CF2702255
:103A1000194091423AD04E4B01211A461960136861
:103A2000002BFCD14B4B4C494C4A19601B68208839
:103A3000934261894FF00003228914BF0025474D4E
:103A40000128A3616564E36063622364A186E28662
:103A5000C4E90433C4E9073336D90320022362885A
:103A6000012A2ED940210023626BB2F1011F01D13E
:103A70000B46216462681AB143F01003E2622364CA
:103A80000022228708B980332364F8BD344B1B68B9
:103A9000002BC0D1334A1368C3F30B03B3F58A6F0D
:103AA00006D0136840F28342C3F30B039342B2D1B2
:103AB0002D4B01211A4619601368002BFCD12B4BAA
:103AC000B1E73AD01846CDE7294D2A781BD0012A14
:103AD00001D00120C3E72749DFF8A0C001F58067C6
:103AE000254E51F8042F0CEA025302EA0600C2F3F5
:103AF00009528F4243EA000313440B60F1D10023C3
:103B000001202B70ABE7002AA9D11A49DFF86CC05D
:103B100001F58067184E51F8042F0CEA025302EAAF
:103B20000600C2F309528F4243EA000313440B60BC
:103B3000F1D101200023287091E72022184660214E
:103B40002264134690E700BF002000E000ED00E093
:103B50000830024000300240C2A507F4CDB5E8B5F8
:103B6000002004E00010005C084C0258004C025891
:103B7000BC050024FCFFFF2300FC0F000000F03F09
:103B8000674B426C9A4228D1026CF0B50E880D4604
:103B9000044622F48071731EB5F90470B0F9380040
:103BA000062B2DED028B216483B020D8238EB342E7
:103BB0003DD05C4B1340334303F07002236403F0A9
:103BC0000F03702A03F1FF3309D0062B24D8DFE856
:103BD00003F08A8784817E7B780004207047062B5F
:103BE0001AD8DFE803F0928F8C891786830087420A
:103BF00000F08E8017F10C0F4FF0080011DA4FF62D
:103C0000F4734030AB806B882686638603B0BDECCE
:103C1000028BF0BD444BA36417F10C0F4FF0000072
:103C2000EDDB332F10DD33234030AB80EBE78742F1
:103C3000F2D16B886386236C002043F48073236485
:103C400003B0BDEC028BF0BD236C03F00F03013B0E
:103C5000062B31D8354AB0EE000ADFED350A02EB0B
:103C600083030190D3ED077A93ED008A70EEE70AA3
:103C700001F0CEFAF0EE408A019807EE907A28EE35
:103C8000288AB2EE040A0190F8EEE70ADFED297AFD
:103C900060EEA70A01F0BCFA28EE008A6B88019852
:103CA000B8FE488ABCEEC88A27876386268684EDDC
:103CB0000F8A0028BFD0A9E7DFED1F8A9FED1F8A7A
:103CC000DBE71F4BA364A7E71E4BA364A4E71E4BCF
:103CD000A364A1E71D4BA3649EE71D4BA3649BE770
:103CE0001C4BA36498E71C4BA36495E71B4BA36490
:103CF00092E71B4BA3648FE71A4BA3648CE71A4B24
:103D0000A36489E7194BA36486E7194BA36483E78F
:103D1000238EB3427FF46EAF6B880820638675E70D
:103D2000CDB5E8B5F0FEFFFF992E010898560108C1
:103D300000000042CDCC4C3D0000804F0000000050
:103D4000A52201082D2101081D200108E12A0108F2
:103D500049280108112601082D240108B530010861
:103D6000792F0108F5360108F93401084D330108AF
:103D7000E131010880B1034620221020084930B407
:103D80001425084C1A82084A188000209D815A6127
:103D9000C3E9011430BC70474FF0FF30704700BFDB
:103DA00098DB0108609201081869020880B1034697
:103DB00040222020084930B43025084C1A82084A95
:103DC000188000209D815A61C3E9011430BC7047FE
:103DD0004FF0FF30704700BF18240208B8B3010845
:103DE00098B1020888B103464FF4807280200849D8
:103DF00030B4D025074C1A82074A188000209D81D4
:103E00005A61C3E9011430BC70474FF0FF3070476E
:103E100098D70108C09001081865020898B10346B8
:103E20004FF400724FF48070084930B44FF4DC75E1
:103E3000074C1A82074A188000209D815A61C3E905
:103E4000011430BC70474FF0FF307047181C020857
:103E500048B0010898A9020898B103464FF480625F
:103E60004FF40070084930B44FF4E075074C1A82E3
:103E7000074A188000209D815A61C3E9011430BCB3
:103E800070474FF0FF3070471825020818B401083A
:103E90001835020898B103464FF400624FF4806071
:103EA000084930B44FF4E165074C1A82074A18807C
:103EB00000209D815A61C3E9011430BC70474FF066
:103EC000FF30704798B70108B08201081845020812
:103ED00098B103464FF480524FF40060084930B463
:103EE0004FF46E65074C1A82074A188000209D81A6
:103EF0005A61C3E9011430BC70474FF0FF3070477E
:103F000018DC01088892010898690208B1F5007F61
:103F10001FD00BD9B1F5006F19D0B1F5805F12D069
:103F2000B1F5806F0DD04FF0FF30704740290CD0B5
:103F3000B1F5807F03D02029F5D1074B1847074BF7
:103F40001847074B1847074B1847074BF6E7074B2F
:103F5000F4E7074BF2E700BF753D0108E53D0108B6
:103F6000593E0108D13E0108AD3D0108953E0108CA
:103F70001D3E010870B4D1ED007AB6EE006A91EDF5
:103F8000017A01F1100577EEA77A068837EE077AF5
:103F90004369701EB0EE464A02F11004103377EE0A
:103FA000876A01EBC00177EEC77A083926EE867A78
:103FB00067EE867A82ED007AC2ED017A15ED026A2B
:103FC000013891ED027A05F1080553ED026AA1F17D
:103FD000080177EE465AD1ED054A55ED037A37EEE2
:103FE000067A13ED016A04F1080466EEA53A03F1BE
:103FF000080334EEA75A66EE255A77EEE47A37EED8
:10400000237A66EE856A26EE056A77EEA57A37EEA4
:10401000067A77EEE67A27EE047A67EE847A04ED84
:10402000047A44ED037AC9D170BC704710B4D1ED65
:10403000007AB6EE004AD1ED016A048837EEA67A1E
:10404000406977EEE67A013C27EE047A67EE847ADF
:1040500082ED007AC2ED017ADCB3E3001030103259
:10406000083B0B44103111ED026A013C93ED027ADA
:1040700001F1080150ED026AA3F1080376EE475AF8
:10408000D3ED054A51ED037A37EE067A10ED016A59
:1040900002F1080266EEA53A00F1080034EEA75AD4
:1040A00066EE255A77EEE47A37EE637A66EE856A35
:1040B00026EE056A77EEA57A37EE467A77EEE67A4F
:1040C00027EE047A67EE847A02ED047A42ED037AF1
:1040D000C9D15DF8044B70472DE9F041058A0446CB
:1040E00017461E466D0805804BB1FFF79FFF32460D
:1040F000394620460123BDE8F04100F035BB884633
:104100001A46012300F030FB3A4641462046BDE8FE
:10411000F041FFF72FBF00BF2DE9F04107460846E9
:104120002DED068BB7F800C07A684FEA5C0100EB12
:104130008C085FEADC0C00F0AC808C0000F110030E
:10414000103208F11006103403EB0C1C051944441E
:1041500016ED047A103353ED084A103556ED030A74
:10416000103274EE879A56ED027A56ED012A74EEFB
:10417000C74A54ED045A103614ED035A103414EDA6
:10418000063A13ED052A55ED086A55ED063A15ED88
:10419000054A36EEA59A14ED056A33EE838A13EDCF
:1041A000077A75EEE65A53ED061A34EE060A15ED57
:1041B000071A77EE20AA43ED089A31EEA7AA72EE0D
:1041C000229A71EE058A43ED07AA37EE607A03ED75
:1041D00006AA35EE415A43ED059A36EE446A05EDDE
:1041E000089A45ED078A71EEE71A05ED068A72EE28
:1041F000627A05ED050A73EE632A12ED084A6345FB
:1042000052ED076A24EE843A27EE262A64EEA64A87
:1042100065EEA63A27EE047A65EE845A65EE266AC4
:1042200025EE045A37EE647A76EEA56A33EE024A3A
:1042300033EEC55A06ED077A06ED084A04ED085A32
:1042400044ED076A52ED066A12ED057A61EEA64A60
:1042500027EE874A61EE875A67EEA67A22EE875AE2
:1042600026EE077A26EE266A62EEA66A74EE844A85
:1042700077EEE57A35EE466A37EE267A46ED064A5F
:1042800046ED057A04ED066A04ED057A7FF460AF29
:104290007A688CB20223214600F028FC21467A6815
:1042A00040460223BDEC068BBDE8F04100F01EBC89
:1042B0002DE9F04F2DED048B04888DB042680D463A
:1042C0006408D1ED007AD1ED015AA300CE18F71899
:1042D00096ED007A96ED014A97ED006AD7ED014A16
:1042E00077EE866A77EEC67A35EEA46A77EE262AEE
:1042F00075EEE45A74EE273A76EE444A76EEC76AD3
:1043000077EEC47A35EEC74A37EE257ACDE90A0151
:10431000600802F10804059402F110040990A0F16C
:1043200002090394FC1802F1180094ED005A94ED70
:10433000013A72EE852A049073EEC33A204676EE77
:10434000C56A089412EE90CA74EEC35A77EE837A67
:1043500045F808CB13EE90CA96ED012A74EE054A93
:10436000D4ED012A37EE457A36EE026A00950D4605
:1043700036EE226A81ED016A314641F808CB16EE2D
:1043800090CA06913946C6ED014A41F808CB029120
:1043900017EE901AC7ED015A40F8081B5FEA590161
:1043A000019084ED017A079100F035810C3B02F118
:1043B000200902F1300822468B4605F1100E2344F5
:1043C000A6F10C0CDDF80CA006F11000A7F10C0111
:1043D00007F110050C3C103215ED027ABBF1010B10
:1043E0005EED027AACF1080C50ED026A0EF1080E97
:1043F00077EE871A52ED024A55ED015A77EEC77AE9
:104400001EED037A0AF1080A36EEA16A10ED013AB0
:1044100037EE254A52ED013A37EE657A00F1080091
:1044200036EE246AA1F1080173EE272A09F110097A
:1044300077EEC37A05F108050EED046A37EE665A89
:1044400050ED035A71EEE61A12ED016A36EE877AE4
:1044500074EE255AA4F1080434EE434A08F1180812
:1044600032EEE30A02F1080275EE865AA3F1080360
:1044700034EE636A77EEA33A4EED035A35EE245AD2
:1044800094ED044A71EEE41A9CED043A37EE647A36
:10449000D1ED047A73EE046A93ED048AD4ED035AE5
:1044A00033EE443A9CED032A77EEC88A77EEA60AEB
:1044B00091ED031A32EE254AD3ED032A76EEE77A20
:1044C00070EE880A73EE414A32EE652ACCED040A9A
:1044D00074EE410AD1ED036A74EEA24A93ED039A99
:1044E00078EE825A34EE264A70EEE20A72EEC12A63
:1044F00034EE094A77EEC87A32EEC33A8CED034ABD
:1045000038EEC22A1AED031A1AED044A60EE012AA7
:1045100064EE816A20EE048A64EE844A25EE010A84
:1045200025EE045A25EE844A65EE815A35EE625A2C
:1045300036EEC44A75EEA45A38EE001A00ED035A5E
:1045400000ED041A81ED044AC1ED035A19ED085A31
:1045500059ED075A67EEC54A66EE252A67EEA56A49
:1045600021EE854A60EE857A61EEA51A26EE056A8F
:1045700060EEA55A76EEE76A34EE225A36EE616AAC
:1045800074EEE55A05ED045A05ED036AC4ED045ACC
:10459000C4ED036A58ED0C2A58ED0B7A23EEA26A9B
:1045A00067EE275A63EE276A63EEA73A27EE227A70
:1045B00062EE277A23EE223A22EE222A36EE256A8E
:1045C00037EE637A36EEC22A77EE837A02ED046A1A
:1045D00002ED037A83ED042AC3ED037A7FF4FCAE87
:1045E00007990398CB0001EB410200EB0111039105
:1045F00000991944009105991944059106991944A7
:10460000069102991944029101991944049B03EB04
:10461000C20301910493009B029993ED007AD1EDBE
:10462000007A069A37EE276A019DD2ED006A37EECE
:10463000677A029B76EE863A95ED003A93ED015A41
:1046400036EE666A009B73EE833AD5ED012A93ED50
:10465000014A36EE436A009B74EE055AD2ED017AA8
:10466000C3ED003A34EE454AD2ED013A77EE874A7F
:1046700095ED012A75EEA33A059D34EE665A009B2E
:1046800074EEE24ABDF8244073EE823A0B9835EEA0
:10469000035A214675EEE75AC3ED013A77EE677A81
:1046A000D5ED003A76EE846A95ED017A75EEE25A20
:1046B00024EEA34A042364EE874A25EE077A25EE0A
:1046C000235A77EEA27A34EE077A35EE645A76EE04
:1046D000C36A82ED007A82ED015A039AD2ED014A53
:1046E00092ED007A029A26EE075A26EE246A25EE0B
:1046F000877A65EEA45A37EE466A75EE255AC2ED02
:10470000005A82ED016A049A019DD2ED015A92EDA0
:10471000007A27EE876A26EE877A67EEA57A66EE3C
:10472000A56A77EE677A76EE266AC5ED017AC5ED61
:10473000006A0A9D6A6800F0D9F9304621466A6825
:10474000042300F0D3F9384621466A68042300F0B8
:10475000CDF921466A68042308980DB0BDEC048B9E
:10476000BDE8F04F00F0C2B9012A2DE9F04106463C
:1047700017460C469846058855D0B5F5807F61D020
:1047800016D9B5F5806F1AD046D9B5F5006F59D056
:10479000B5F5805F05D1012372682946204600F0F7
:1047A000A5F9B8F1000F11D1012F16D0BDE8F081A5
:1047B000202D47D034D9402DEDD0802DF1D1214688
:1047C0003046FFF7A9FCB8F1000FEDD0B2682046E3
:1047D000B18900F03FF8012FE8D107EE905AB7EE0B
:1047E000007AF8EE677AC7EE276A002DDED004F172
:1047F0000801002311ED027A013351ED017A0831ED
:104800009D4227EE267A67EEE67A01ED047A41EDC5
:10481000037AEFD1BDE8F081B5F5007FBBD0C0E7EA
:10482000102DCCD0BDE795B101F10C03002253ED62
:10483000027A01320833F1EE677A954243ED047A49
:10484000F5D19AE721463046FFF732FDA9E7002B64
:10485000ACD0BBE721B302F1020C2DE9F041904648
:10486000002538F815403CF815300235A4089B089F
:104870008D424FEA840750F824E04FEA830650F84F
:10488000232007F1040706F1040640F8242040F82D
:1048900023E0C4598359C3518451E2D3BDE8F08168
:1048A000704700BF2DE9F04197082DED028B84B0D1
:1048B00077D000F1200401F110053E464FF00008CA
:1048C00014ED080A54ED077A20EE000A67EEA77A85
:1048D00030EE270AB5EEC00AF1EE10FAC0F2C18040
:1048E000B5EE400AB1EEC08AF1EE10FA00F1D480C4
:1048F00005ED048A14ED060A54ED057A20EE000A4F
:1049000067EEA77A30EE270AB5EEC00AF1EE10FA8C
:10491000C0F2A480B5EE400AB1EEC08AF1EE10FA02
:1049200000F1A88005ED038A14ED040A54ED037A22
:1049300020EE000A67EEA77A30EE270AB5EEC00A2D
:10494000F1EE10FAC0F28780B5EE400AB1EEC08AEF
:10495000F1EE10FA00F1978005ED028A14ED020ADB
:1049600054ED017A20EE000A67EEA77A30EE270AAE
:10497000B5EEC00AF1EE10FA6ADBB5EE400AB1EE10
:10498000C08AF1EE10FA00F1908005ED018A013E37
:1049900004F1200405F1100592D100EB471001EB62
:1049A000071112F003024ED090ED000A0023D0ED63
:1049B000017A20EE000A67EEA77A37EE800AB5EE9C
:1049C000C00AF1EE10FA4FDBB5EE400AB1EEC08A34
:1049D000F1EE10FA72D481ED008A013A33D090EDF5
:1049E000020A0023D0ED037A20EE000A67EEA77AD0
:1049F00037EE800AB5EEC00AF1EE10FA36DBB5EEFE
:104A0000400AB1EEC08AF1EE10FA60D481ED018A5D
:104A1000012A18D090ED040A0023D0ED057A20EE8B
:104A2000000A67EEA77A30EE270AB5EEC00AF1EE6B
:104A300010FA1DDBB5EE400AB1EEC08AF1EE10FAB5
:104A40004ED481ED028A04B0BDEC028BBDE8F0814A
:104A500045F8048C9BE745F8088C7FE745F80C8CFB
:104A600062E745F8108C45E70B60B6E74B60CFE78F
:104A70008B60E8E7CDE90212019000F02BFB019872
:104A8000DDE902124EE7CDE90212019000F022FBAF
:104A90000198DDE902125FE7CDE90212019000F012
:104AA00019FB0198DDE9021222E7CDE9021201901B
:104AB00000F010FB0198DDE9021266E7CDE9020182
:104AC000019200F007FB0399DDE9012083E7CDE9BE
:104AD0000201019200F0FEFA0399DDE9012095E759
:104AE000019100F0F7FA0199ABE700BF2DE9F04F13
:104AF0002DED108B95B08A468B46DFEDBB8A129068
:104B0000CDE910320346043313934FEADB021299C6
:104B10004FEACB03DDF84CC04FEAC2090F92039372
:104B200053011401A9EB0200CE180293970013461B
:104B300006EB0905049003EB4308D21B05EB0901C2
:104B40001F44059409F104000191211D129B4FF0AF
:104B5000000E019C1844194404EBC202029BFC00A5
:104B6000D718049B0694DB00019C07934FEA0813B7
:104B70004FEAC8080493039BD6ED006ADE445CED5F
:104B8000017A94ED007AF24510ED016A37EEA62A1B
:104B9000D5ED002A77EEE67AD7ED003A11ED015A0D
:104BA00036EE223AD2ED006A75EE075A36EEA34A87
:104BB00076EEE36A72EE254A73EE043A35EE475A12
:104BC00036EE627A32EE652A74EEA35A74EEE34A48
:104BD00037EE666A4CED015A33EE443AC6ED004AB0
:104BE00037EE267A97ED014A66EE286AD0ED005A34
:104BF00095ED016A27EE287AD2ED013A77EEA62AE2
:104C000075EEC64A96ED011A33EEC40AD4ED010AD8
:104C100077EEE67ADCED006A75EE865A91ED006A71
:104C200073EE843A74EE801A36EE814A74EEC04A0E
:104C300076EEC16A36EE201A61EEA81A36EE606A88
:104C400064EEA84A75EEA30A75EEE35A74EE013AD3
:104C500034EE414A36EE211A33EEA00A36EE616A8E
:104C600073EEE03A76EEA41A8CED000A76EEE46A72
:104C70009C4475EE074AC6ED013A35EE477A1E446C
:104C800032EE255A72EE655A72EE813A01ED015A02
:104C900034EE432AC4ED005A37EE865A71EEE45AD8
:104CA00077EEC67A81ED002A36EEC76A194433EEF4
:104CB000044A72EEC12A74EEA14A37EE267A84EDD8
:104CC000014A40ED013A1C44C7ED002A85ED005A27
:104CD000C2ED007AC0ED005A1844C7ED014A1F44E6
:104CE00085ED016A1D4482ED017A1A443FF644AF16
:104CF0009C460F9B072B40F2B681029A09F10806E9
:104D0000129B08F108040832069F049D9A18083780
:104D1000083507980C929A19059908300B92DA1900
:104D20000C310A925A1909921A1908921A18079204
:104D30005A180C33059206930123049300230D9314
:104D400063460D9A1099DDF814C00A44069F079E29
:104D50004FEAC2080D92A2EB820E119A089D4244BE
:104D6000099C0A9802EB080192ED00EA01EB0802A7
:104D7000D1ED00DA02EB080192ED00DA01EB080256
:104D8000D1ED00CA02EB080192ED00CA01EB080266
:104D9000D1ED00BA0B9902EB0E1E92ED00BA0C9AFF
:104DA0000EEB08090E91019209EB080299ED01AA98
:104DB000DEED01AA02EB0809D2ED019ADDF810E060
:104DC00009EB080299ED019A02EB080992ED018ABC
:104DD000019AD9ED017AC844CDED027AD8ED017A75
:104DE000CDED037A0E9901E0F304353F92ED007AA0
:104DF000DE4417ED011A90ED005AF2451CED01FA60
:104E000031EE073AD6ED005A31EE471AD4ED007A6A
:104E100095ED007A91ED004A3FEE276A77EE256A1C
:104E2000D7ED00EA74EE05FA73EE061A34EE454A41
:104E30003FEEA65A37EE657A33EE463A31EE856A92
:104E40007FEE677A34EE07FA07ED016A34EE474ADF
:104E5000D5ED013A7FEEE6FA90ED017A2FEE28FAD1
:104E6000D1ED015A24EE284A96ED016A31EEC55A79
:104E700075EEC70AD2ED016A73EEC62AD4ED014A77
:104E800075EE875A9CED007A37EE8F2A33EE866AEC
:104E900037EECFFA7EEEA63A70EEE27A7EEEE6EAE2
:104EA00070EEA22A77EE246A75EE860A37EE647AEF
:104EB00033EEA60A67EEA87A62EEA82A35EEC66A35
:104EC00073EEE63A7EEEA75A77EE224A7EEEE7EAE6
:104ED00077EE627A71EE042A31EE447A30EE601A8F
:104EE00073EE061A33EE466A33EEEF3A7FEEA36AAC
:104EF0003EEECF4A75EEC23A72EE255A32EEA42A41
:104F000072EEE44A77EE272A37EE677A7FEE2E7A42
:104F10002CEE85FA69EE01EA29EE055A2CEE811A8B
:104F20006DEEA1FA70EE200A6AEE211A2AEE030A4B
:104F30002DEE833AC7ED000A7FEE2EEA1F442AEEDB
:104F4000A3FA31EE455A6EEE233AC2ED00EA3FEE87
:104F5000800A33EE613A82ED015A6EEE020ACDED1F
:104F6000013A9DED035A6BEE86EADDED023A6BEEF7
:104F700024FA0CED010A65EE244A8CED003A23EE8A
:104F8000A61A23EE866ADDED013A25EE255A1A446B
:104F90002CEE220A9C4468EE041A70EE8F0A2DEE65
:104FA000073A29EEA7FA2AEE822A6BEEA66A6BEE82
:104FB000255A68EE222A2CEE044A29EE877A6DEEF5
:104FC000277A73EEC23A7EEE81EA36EEC66A3FEE8B
:104FD000855A75EEE44AC4ED00EA30EE210A84ED0C
:104FE000016A74EE622AC1ED000A33EE0F3AC1ED98
:104FF000013A37EEC77A86ED005AC6ED014A1944E8
:1050000080ED000A1C44C0ED012A1E4485ED003AE3
:10501000184485ED017A1D443FF6E8AE0C99049AD8
:10502000083101320C910B99049208310B910A99C5
:1050300008310A91099908310991089908310891B4
:1050400007990831079106990831069105990831A9
:1050500005910F9991427FF474AE109B8B46DB0053
:105060009BB2109351E515B0BDEC108BBDE8F08FED
:1050700002440346934200D1704703F8011BF9E74D
:10508000014B1868704700BF3405002470B50D4D02
:105090000D4C641BA4100026A64209D10B4D0C4CEC
:1050A00000F066FA641BA4100026A64205D170BD6C
:1050B00055F8043B98470136EEE755F8043B98470E
:1050C0000136F2E728B6020828B6020828B6020818
:1050D0002CB6020808B52DED028BB0EE408A00F028
:1050E00044FAB4EE488AF1EE10FA0CD6DFED078AE6
:1050F000B4EEE88AF1EE10FA05D5FFF7C1FF88EEAD
:10510000A80A21230360BDEC028B08BD000000004B
:1051100010EE103AB3F17E5F10B455D0A3F5000243
:10512000B2F1FE4F1AD35A0004D15DF8044B0120AE
:1051300000F0FAB9B3F1FF4F43D0002B02DBB2F11C
:105140007F4F03D35DF8044B00F000BADFED207A07
:1051500020EE270A10EE103AA3F1386303F1404223
:105160001C49BFEE000B02F54D02C2F3C340D40D43
:1051700001EB0010E40590ED005B1B1B07EE903A7D
:1051800090ED026BB7EEE77AD215A5EE070B91ED25
:10519000405B20EE004B07EE902AB8EEE77BA7EECF
:1051A000056B91ED445B91ED467BA5EE007B91EDA7
:1051B000425B30EE060BA5EE047BA4EE070BB7EEC8
:1051C000C00B5DF8044B70479FED030AF9E700BF81
:1051D0000000004B98B2020800000000C0F3C75363
:1051E0007E2B10D9962B0CD80122C3F1960302FA1C
:1051F00003F35A1E024206D1034214BF01200220CB
:105200007047022070470020704700000000000037
:1052100037B510EE101A10EE904AA1F500026300A7
:10522000B2F1FE4FF0EE407AB0EE607A03F1FF305B
:105230006FF0807252D2904258D2002001F1404368
:1052400003F54D039E4ABFEE002BC3F3C3446FF337
:105250001603C91A02EB041407EE901A94ED025BD0
:1052600094ED004BDB15B7EEE76A07EE903AA4EE3B
:10527000062B92ED421B22EE024B24EE040BB8EEFD
:10528000E76B36EE056B92ED405B92ED443BA2EE90
:10529000051B92ED465BA2EE035B92ED483BB7EE39
:1052A000C77AA2EE036BA4EE056BA1EE006B27EEAE
:1052B000067B17EE903AC3F3CF3248F2BF039A420F
:1052C000C0F098809FED766BB4EEC67BF1EE10FADD
:1052D00079DD03B0BDE8304000F020B9904230D312
:1052E0002BB14900B1F17F4F08D815E053B981F4D3
:1052F0008001490011F5000F40F2CA8037EE870A9D
:1053000003B030BDB1F17E5F05D184F48004640048
:1053100014F5000FF0E74900B3F17F4FEED1B1F182
:10532000FE4F00F0B580B1F1FE4F6FEA040434BFC8
:1053300000210121E40FA14240F0AD8027EE070AD1
:10534000DEE74D006B1E93421BD3002920EE000ABE
:105350000EDA2046FFF742FF012809D1B1EE400ADC
:1053600045B9002CCCDA03B0BDE8304000F0DCB821
:105370000020F5E7002CC3DAF7EE007A87EE800A0A
:10538000BEE700291DDA2046FFF728FF20B903B049
:10539000BDE8304000F0DAB8431E584258410004DE
:1053A00021F00041B1F5000FBFF448AFDFED456AD1
:1053B00027EEA60A10EE103A23F00043A3F138615D
:1053C0003CE70020EEE79FED386BB4EEC67BF1EED4
:1053D00010FA45DD4FF04C53D0B30193DDED016A77
:1053E000BFEE006A76EE666AF4EE466AF1EE10FAF7
:1053F0007FF46FAFB7EE000B334B93ED405B37EEAE
:10540000056B16EE102A36EE456B02F01F0137EEE3
:10541000467B93ED425B27EE074B93ED446B03EB2A
:10542000C10553F83140A7EE056B6D6893ED465BFF
:10543000801800210A1905EBC033A7EE050B43ECD9
:10544000172BA6EE040B20EE070BB7EEC00B57E7A9
:105450000093DDED006AB7EE006A76EE866AC3E778
:105460009FED136BB4EEC67BF1EE10FA04D803B0D7
:10547000BDE8304000F046B89FED0F6BB4EEC67B40
:10548000F1EE10FAB6D503B0BDE8304000F040B8F8
:10549000B7EE000A34E79FED0D0A31E7AFF3008065
:1054A00071D5D1FFFFFF5F40E2AAA3FFFFFF5F407E
:1054B0000000000000C062C00000000000A062C048
:1054C00000B502080000004BB8B30208000000005D
:1054D00010B52DED028BB0EE408A0446FFF7D0FDEB
:1054E000B0EE480ABDEC028B046010BD30B1F1EEA5
:1054F000407A27EE800A2220FFF7EABFF0EE407ADA
:10550000F7E700009FED010AFFF7F0BF0000001071
:105510009FED010AFFF7EABF0000201A9FED010A84
:10552000FFF7E4BF000000709FED070AF7EE007A76
:10553000BFEE007A00284FF0220047FE877A87EE00
:10554000800AFFF7C5BF00BF00000000F0EE407A00
:1055500030EE407AF4EE677AF1EE10FA87EE070A41
:1055600002D62120FFF7B4BF7047B1EEC00A7047E2
:10557000F8B500BFF8BC08BC9E467047F8B500BF40
:08558000F8BC08BC9E46704710
:105588000079014080790140007A0140807A014029
:105598004078014020780140C0780140A07801405F
:1055A80000000000000100000000000000010000F1
:1055B80000000000010000000000000001000000E1
:1055C800040002000200010040000600200005005F
:1055D800460038003B003A00B8040240100402407C
:1055E80058040240400402406500000066000000C4
:1055F800670000006800000053544D3332483733C9
:1056080035472D444B00000053746572656F204484
:105618004D412054616C6B7468726F756768000047
:10562800436F70797269676874202863292053541E
:105638004D6963726F656C656374726F6E696373CD
:105648002032303139000000506C756720696E7067
:1056580075742064657669636520696E746F20626D
:105668006C7565206A61636B00000000506C75679B
:10567800206F757470757420646576696365206938
:105688006E746F20677265656E206A61636B0000D7
:1056980026B417400000803F6F12033F0000003E11
:1056A8000000804226B497410000004100003041CC
:1056B80000002041000010410000E040000080414F
:1056C8000000604100005041080000000400000094
:1056D8000D003016A086010080380100C0D40100FA
:1056E800000000007A0D0000FA0000005C120000C3
:1056F800A00F00008002000014000000000000005D
:10570800801A060000E204000053070000000000B1
:105718008403000064000000140500005802000023
:10572800FA000000640000000000000040420F0082
:1057380000350C00804F120000000000C20100007C
:1057480032000000F4010000040100003C000000E9
:105758006400000000000000395E0008C55F000812
:105768004D600008E1600008856100082D620008AE
:1057780005630008B15D0008F55D00086D5D00086F
:10578800295D00080006101600061016000000002B
:1057980001020304010203040607080900000000CF
:1057A80000000000000000000010101010100000A1
:1057B80010000000006C48480000000000000000D5
:1057C800001414287C287C28505000000010384011
:1057D8004038487010100000002050200C70081449
:1057E8000800000000000018202054483400000081
:1057F8000010101010000000000000000008081041
:1058080010101010100808000020201010101010A0
:105818001020200000107C10282800000000000044
:105828000000101010FE1010100000000000000012
:10583800000000181030200000000000007C00006C
:1058480000000000000000000000003030000000F0
:1058580000040408081010202040000000384444C8
:105868004444444438000000003010101010101058
:105878007C00000000384404081020447C0000002C
:10588800003844041804044438000000000C1414C0
:1058980024447E040E000000003C20203804044408
:1058A80038000000001C20407844444438000000C0
:1058B800007C440408080810100000000038444424
:1058C800384444443800000000384444443C040848
:1058D8007000000000000030300000303000000090
:1058E80000000018180000183020000000000C10FC
:1058F800608060100C000000000000007C007C004C
:10590800000000000000C02018041820C00000009B
:105918000000182404081000300000003844444CEB
:1059280054544C40443800000030102828287C4447
:10593800EE00000000F8444478444444F8000000B5
:10594800003C4440404040443800000000F04844D7
:1059580044444448F000000000FC44507050404467
:10596800FC000000007E222838282020700000005B
:10597800003C4440404E44443800000000EE44449B
:105988007C444444EE000000007C101010101010FD
:105998007C000000003C0808084848483000000027
:1059A80000EE444850704844E60000000070202093
:1059B800202024247C00000000EE6C6C54544444E5
:1059C800EE00000000EE64645454544CEC000000F7
:1059D80000384444444444443800000000782424F7
:1059E80024382020700000000038444444444444D3
:1059F800381C000000F8444444784844E2000000A1
:105A080000344C40380404645800000000FE921032
:105A1800101010103800000000EE44444444444480
:105A28003800000000EE4444282828101000000028
:105A380000EE4444545454542800000000C644283E
:105A480010102844C600000000EE4428281010104A
:105A580038000000007C4408101020447C0000003E
:105A6800003820202020202020203800004020203E
:105A7800201010080808000000380808080808085E
:105A8800080838000010102844000000000000003A
:105A98000000000000000000000000FE00100800E8
:105AA800000000000000000000000038443C4444AE
:105AB8003E00000000C0405864444444F800000020
:105AC8000000003C4440404438000000000C04340E
:105AD8004C4444443E00000000000038447C4040F0
:105AE8003C000000001C207C202020207C000000BE
:105AF800000000364C4444443C04380000C0405880
:105B080064444444EE0000000010007010101010AF
:105B18007C000000001000780808080808087000D9
:105B280000C0405C48705048DC0000000030101095
:105B3800101010107C000000000000E85454545469
:105B4800FE000000000000D864444444EE00000059
:105B5800000000384444444438000000000000D8E5
:105B6800644444447840E000000000364C44444417
:105B78003C040E000000006C302020207C00000057
:105B88000000003C44380444780000000000207CF9
:105B9800202020221C000000000000CC4444444C7B
:105BA80036000000000000EE4444282810000000E1
:105BB800000000EE4454545428000000000000CCBB
:105BC80048303048CC000000000000EE442428187B
:105BD800101078000000007C481020447C00000071
:105BE80000081010101020101010080000101010DD
:105BF80010101010101000000020101010100810C5
:105C080010102000000000000024580000000000D0
:105C1800000000000000000000000000000000007C
:105C2800000000000000000000000000000000006C
:105C380000000C000C000C000C000C000C000C0008
:105C48000C0000000C000000000000000000000034
:105C5800000000001DC01DC00880088008800000EA
:105C6800000000000000000000000000000000002C
:105C780000000D800D800D800D803FC01B003FC0CF
:105C88001B001B001B001B000000000000000000A0
:105C980004001F803180318038001E000F0003800F
:105CA800318031803F000400040000000000000043
:105CB800000018002400240018C007801E0031804E
:105CC80002400240018000000000000000000000C7
:105CD800000000000F001800180018000C001D80BC
:105CE800370033001D8000000000000000000000A5
:105CF8000000000007000700020002000200000088
:105D0800000000000000000000000000000000008B
:105D180000000300030006000E000C000C000C003D
:105D28000C000E0006000300030000000000000045
:105D38000000180018000C00060006000600060007
:105D4800060006000C001C001800000000000000FF
:105D58000000060006003FC03FC00F001F801980EA
:105D6800000000000000000000000000000000002B
:105D78000000000000000400040004003F8004004C
:105D88000400040000000000000000000000000003
:105D980000000000000000000000000000000000FB
:105DA8000000060004000C000800080000000000C5
:105DB8000000000000000000000000003F8000001C
:105DC80000000000000000000000000000000000CB
:105DD80000000000000000000000000000000000BB
:105DE80000000C000C000000000000000000000093
:105DF80000C000C0018001800300030006000C0001
:105E08000C001800180030003000000000000000EE
:105E180000000E001B0031803180318031803180DC
:105E280031801B000E000000000000000000000090
:105E3800000006003E0006000600060006000600F8
:105E4800060006003FC0000000000000000000003F
:105E580000000F00198031803180030006000C001B
:105E6800180030003F800000000000000000000023
:105E780000003F006180018003001F000380018053
:105E8800018061803F000000000000000000000069
:105E98000000070007000F000B001B001300330071
:105EA8003F8003000F800000000000000000000099
:105EB80000001F801800180018001F0011800180C2
:105EC800018021801F000000000000000000000089
:105ED800000007801C00180030003700398031802E
:105EE800318019800F000000000000000000000051
:105EF80000007F00430003000600060006000600BD
:105F08000C000C000C000000000000000000000065
:105F180000001F003180318031801F0031803180C6
:105F2800318031801F0000000000000000000000E8
:105F380000001E0033003180318033801D800180D5
:105F4800030007003C000000000000000000000003
:105F580000000000000000000C000C000000000021
:105F680000000C000C000000000000000000000011
:105F78000000000000000000030003000000000013
:105F880000000600040008000800000000000000EF
:105F98000000000000C003000400180060001800A2
:105FA8000400030000C00000000000000000000022
:105FB800000000000000000000007FC000007FC05B
:105FC80000000000000000000000000000000000C9
:105FD80000000000600018000400030000C0030077
:105FE800040018006000000000000000000000002D
:105FF800000000001F0031803180018007000C0084
:106008000C0000000C000000000000000000000070
:1060180000000E001100210021002700290029009E
:106028002700200011000E00000000000000000002
:10603800000000003F000F000900198019801F8030
:1060480030C030C079E0000000000000000000000F
:10605800000000007F003180318031803F003180B6
:10606800318031807F000000000000000000000047
:10607800000000001F4030C0604060006000600009
:10608800604030801F000000000000000000000099
:10609800000000007F00318030C030C030C030C008
:1060A80030C031807F0000000000000000000000C8
:1060B800000000007F803080308032003E003200D7
:1060C800308030807F800000000000000000000069
:1060D800000000007FC03040304032003E003200F7
:1060E800300030007C0000000000000000000000CC
:1060F800000000001E80318060806000600067C082
:10610800618031801F0000000000000000000000D6
:10611800000000007BC03180318031803F803180B9
:10612800318031807BC000000000000000000000CA
:10613800000000003FC0060006000600060006003A
:10614800060006003FC0000000000000000000003C
:10615800000000001FC003000300030003006300E9
:10616800630063003E000000000000000000000023
:10617800000000007BC03180330036003C003E0048
:106188003300318079C000000000000000000000EA
:10619800000000007E0018001800180018001840C1
:1061A800184018407FC000000000000000000000F8
:1061B80000000000E0E060C071C07BC06AC06EC033
:1061C80064C060C0FBE000000000000000000000A8
:1061D8000000000073C0318039803D8035803780F1
:1061E800338031807980000000000000000000004A
:1061F800000000001F00318060C060C060C060C047
:1062080060C031801F000000000000000000000096
:10621800000000007F0031803180318031803F00F4
:10622800300030007E000000000000000000000088
:10623800000000001F00318060C060C060C060C006
:1062480060C031801F000CC01F80000000000000EB
:10625800000000007F003180318031803E00330033
:10626800318031807CE00000000000000000000068
:10627800000000001F803180318038001F0003803B
:10628800318031803F000000000000000000000065
:10629800000000007F804C804C804C800C000C007B
:1062A8000C000C003F00000000000000000000008F
:1062B800000000007BC03180318031803180318026
:1062C800318031801F000000000000000000000045
:1062D800000000007BC0318031801B001B001B00C8
:1062E8000A000E000E000000000000000000000080
:1062F80000000000FBE060C064C06EC06EC02A8071
:106308003B803B803180000000000000000000005E
:10631800000000007BC031801B000E000E000E0044
:106328001B0031807BC0000000000000000000005E
:106338000000000079E030C019800F000600060058
:10634800060006001F80000000000000000000009A
:10635800000000003F8021802300060004000C009C
:10636800188030803F80000000000000000000001E
:10637800000007800600060006000600060006006A
:106388000600060006000600078000000000000066
:1063980030003000180018000C000C000600030044
:1063A80003000180018000C000C000000000000060
:1063B80000001E0006000600060006000600060093
:1063C80006000600060006001E000000000000008F
:1063D80004000A000A00110020802080000000004C
:1063E80000000000000000000000000000000000A5
:1063F8000000000000000000000000000000000095
:106408000000000000000000000000000000FFE0A5
:106418000800040002000000000000000000000066
:106428000000000000000000000000000000000064
:1064380000000000000000001F00018001801F8094
:10644800318033801DC00000000000000000000003
:1064580000007000300030003700398030C030C094
:1064680030C0398077000000000000000000000004
:1064780000000000000000001E8031806080600085
:10648800608031801F000000000000000000000054
:1064980000000380018001801D803380618061805D
:1064A800618033801DC00000000000000000000073
:1064B80000000000000000001F00318060C07FC0A5
:1064C800600030C01F8000000000000000000000D5
:1064D800000007E00C000C003F800C000C000C00D2
:1064E8000C000C003F8000000000000000000000CD
:1064F80000000000000000001DC033806180618042
:10650800618033801D80018001801F000000000031
:106518000000700030003000370039803180318051
:10652800318031807BC000000000000000000000C6
:1065380000000600060000001E0006000600060017
:10654800060006003FC00000000000000000000038
:1065580000000600060000003F00030003000300DF
:10656800030003000300030003003E0000000000D6
:106578000000700030003000378036003C003C00DE
:106588003600330077C00000000000000000000063
:1065980000001E00060006000600060006000600B1
:1065A800060006003FC000000000000000000000D8
:1065B80000000000000000007F8036C036C036C0F2
:1065C80036C036C076E00000000000000000000081
:1065D8000000000000000000770039803180318021
:1065E800318031807BC00000000000000000000006
:1065F80000000000000000001F00318060C060C083
:1066080060C031801F000000000000000000000092
:1066180000000000000000007700398030C030C062
:1066280030C039803700300030007C0000000000A6
:1066380000000000000000001DC033806180618000
:10664800618033801D800180018007C00000000048
:1066580000000000000000007B801CC0180018002B
:10666800180018007F000000000000000000000073
:1066780000000000000000001F8031803C001F0067
:10668800038031803F00000000000000000000008F
:1066980000001800180018007F00180018001800E3
:1066A800180018800F000000000000000000000023
:1066B80000000000000000007380318031803180CC
:1066C800318033801DC00000000000000000000081
:1066D80000000000000000007BC0318031801B00FA
:1066E8001B000E000E00000000000000000000006B
:1066F8000000000000000000F1E060C064C06EC04F
:106708003B803B803180000000000000000000005A
:1067180000000000000000007BC01B000E000E00FF
:106728000E001B007BC000000000000000000000FD
:10673800000000000000000079E030C019801980D6
:106748000B000F00060006000C003E0000000000D1
:1067580000000000000000003F80218003000E00C0
:10676800180030803F80000000000000000000009A
:10677800000006000C000C000C000C000C001800B7
:106788000C000C000C000C000600000000000000CB
:1067980000000600060006000600060006000600C7
:1067A80006000600060006000600000000000000C3
:1067B80000000C00060006000600060006000300A4
:1067C80006000600060006000C000000000000009D
:1067D80000000000000000000000180024800300F2
:1067E80000000000000000000000000000000000A1
:1067F8000000000000000000000000000000000091
:106808000000000000000000000000000000000080
:106818000000000000000000000000000000000070
:106828000000000000000000000000000000000060
:1068380000000000000000000000000000000380CD
:1068480000038000038000038000038000038000B1
:1068580003800003800003800001000001000000A5
:10686800000000000003800003800000000000001A
:106878000000000000000000000000000000000010
:106888000000000000000000000E70000E70000EF6
:1068980070000420000420000420000420000000F0
:1068A80000000000000000000000000000000000E0
:1068B80000000000000000000000000000000000D0
:1068C800000000000000000000000000000006605A
:1068D800000660000660000660000660003FF800E1
:1068E8003FF8000660000CC0003FF8003FF8000CBD
:1068F800C0000CC0000CC0000CC0000CC0000000A0
:10690800000000000000000000000000000000007F
:1069180000000001800001800007B0000FF000189F
:1069280070001870001C00000F800007E00000F0E5
:10693800001830001C30001C70001FE0001BC00055
:10694800018000018000018000018000000000003B
:1069580000000000000000000000000000000780A8
:10696800000FC0001CE0001860001860001CE00068
:106978000FF80007E0001FF00007380006180006AF
:10698800180007380003F00001E0000000000000D4
:1069980000000000000000000000000000000000EF
:1069A80000000000000000000000000003F00007E5
:1069B800F0000C60000C00000C000006000007004E
:1069C800000F9C001DFC0018F0001870000FFC0060
:1069D80007DC0000000000000000000000000000CC
:1069E800000000000000000000000000000000009F
:1069F8000003800003800003800001000001000004
:106A0800010000010000000000000000000000007C
:106A1800000000000000000000000000000000006E
:106A2800000000000000000000000000000000005E
:106A3800000000000000001800003800007000008E
:106A4800F00000E00000E00001C00001C00001C04B
:106A58000001C00001C00001C00000E00000E0002B
:106A680000700000700000380000180000000000EE
:106A780000000000000000000000000000001800F6
:106A8800001C00000E00000E0000070000070000B8
:106A9800038000038000038000038000038000035C
:106AA80080000700000700000F00000E00001C0017
:106AB80000180000000000000000000000000000B6
:106AC8000000000000000180000180000180001D1E
:106AD800B8001FF80007E00003C00003C00006600C
:106AE8000006600000000000000000000000000038
:106AF800000000000000000000000000000000008E
:106B0800000000000000000000000000000000007D
:106B18000000000001800001800001800001800069
:106B28000180003FFC003FFC000180000180000163
:106B380080000180000180000000000000000000CB
:106B4800000000000000000000000000000000003D
:106B5800000000000000000000000000000000002D
:106B6800000000000000000000000000000000001D
:106B78000000000000000000000000E00000C0006D
:106B880001C0000180000180000300000300000034
:106B980000000000000000000000000000000000ED
:106BA80000000000000000000000000000000000DD
:106BB8000000001FF8001FF800000000000000009F
:106BC80000000000000000000000000000000000BD
:106BD80000000000000000000000000000000000AD
:106BE800000000000000000000000000000000009D
:106BF800000000000000000000000000000000008D
:106C08000000000000000000000003C00003C000F6
:106C180003C00000000000000000000000000000A9
:106C280000000000000000000018000018000038F4
:106C38000000300000700000600000600000C0002C
:106C480000C000018000018000030000030000066E
:106C580000000600000E00000C00001C00001800D8
:106C68000018000000000000000000000000000004
:106C780000000000000003C00007E0000C30000C1A
:106C880030001818001818001818001818001818DC
:106C9800001818001818000C30000C300007E0002D
:106CA80003C0000000000000000000000000000019
:106CB800000000000000000000000000000000804C
:106CC800000780001F80001D8000018000018000F7
:106CD8000180000180000180000180000180000126
:106CE80080000180001FF8001FF80000000000006D
:106CF800000000000000000000000000000000008C
:106D080000000000000007C0001FF000383000300D
:106D1800180030180000180000300000600001C0A2
:106D2800000380000600000C00001800003FF80077
:106D38003FF8000000000000000000000000000014
:106D4800000000000000000000000000000003C078
:106D5800000FE0000C700000300000300000600000
:106D680003C00003E00000700000180000180000D5
:106D780018001838001FF0000FC0000000000000C5
:106D880000000000000000000000000000000000FB
:106D980000000000000000E00001E00001E0000346
:106DA80060000660000660000C60000C600018605F
:106DB800003060003FF8003FF80000600003F80072
:106DC80003F80000000000000000000000000000C0
:106DD80000000000000000000000000000001FF09C
:106DE800001FF0001800001800001800001BC00069
:106DF8001FF0001C300000180000180000180000E8
:106E080018003030003FF0000FC000000000000004
:106E1800000000000000000000000000000000006A
:106E280000000000000000F80003F8000700000E52
:106E380000000C00001800001BC0001FF0001C30F0
:106E4800001818001818001818000C38000FF00067
:106E580003E0000000000000000000000000000047
:106E680000000000000000000000000000001FF803
:106E7800001FF80018180018380000300000300013
:106E880000700000600000600000E00000C000002A
:106E9800C00001C000018000018000000000000067
:106EA80000000000000000000000000000000000DA
:106EB80000000000000007E0000FF0001C38001878
:106EC80018001818000C300007E00007E0000C302C
:106ED800001818001818001818001C38000FF000C7
:106EE80007E00000000000000000000000000000B3
:106EF800000000000000000000000000000007C0C3
:106F0800000FF0001C30001818001818001818009E
:106F18000C38000FF80003D80000180000300000FB
:106F2800700000E0001FC0001F000000000000000B
:106F38000000000000000000000000000000000049
:106F48000000000000000000000000000000000039
:106F5800000003C00003C00003C0000000000000E0
:106F68000000000000000000000003C00003C00093
:106F780003C0000000000000000000000000000046
:106F880000000000000000000000000000000000F9
:106F98000000000000000000000000F00000F00009
:106FA80000F00000000000000000000000000000E9
:106FB800E00001C000018000018000030000020021
:106FC80000000000000000000000000000000000B9
:106FD800000000000000000000000000001C00008D
:106FE8003C0000F00003C0000F00003C0000F0006F
:106FF800003C00000F000003C00000F000003C004F
:10700800001C00000000000000000000000000005C
:107018000000000000000000000000000000000068
:10702800000000000000000000000000007FFC00DD
:107038007FFC000000000000007FFC007FFC0000D7
:107048000000000000000000000000000000000038
:107058000000000000000000000000000000000028
:107068000000000000000000000000007000007830
:1070780000001E000007800001E000007800001EEC
:107088000000780001E0000780001E000078000082
:107098007000000000000000000000000000000078
:1070A80000000000000000000000000000000000D8
:1070B8000007C0000FE000187000183000183000FA
:1070C80000700000E00003C000038000030000001F
:1070D800000000000007000007000000000000009A
:1070E8000000000000000000000000000000000098
:1070F80000000000000003E00007F0000E38000C5C
:10710800180018780018F80019D80019980019986C
:107118000019980018F8001878001800000C0000F2
:107128000E180007F80003E000000000000000004F
:107138000000000000000000000000000000000047
:10714800001F80001FC00001C00003600003600032
:107158000630000630000C30000FF8001FF8001849
:107168000C00300C00FC7F00FC7F000000000000D9
:107178000000000000000000000000000000000007
:107188000000000000000000007FE0007FF0001811
:1071980038001818001818001838001FF0001FF8D9
:1071A80000181C00180C00180C00180C007FF800C0
:1071B8007FF0000000000000000000000000000058
:1071C80000000000000000000000000000000000B7
:1071D8000003EC000FFC001C1C00180C00300C0015
:1071E800300000300000300000300000300000188F
:1071F8000C001C1C000FF80003F000000000000049
:107208000000000000000000000000000000000076
:107218000000000000000000007FC0007FF00018A0
:107228003800181800180C00180C00180C00180C5E
:1072380000180C00180C001818001838007FF0000F
:107248007FE00000000000000000000000000000D7
:107258000000000000000000000000000000000026
:10726800007FF8007FF80018180018180019980017
:107278001980001F80001F800019800019980018CD
:1072880018001818007FF8007FF8000000000000C0
:1072980000000000000000000000000000000000E6
:1072A8000000000000000000003FFC003FFC000C54
:1072B8000C000C0C000CCC000CC0000FC0000FC060
:1072C800000CC0000CC0000C00000C00003FC00007
:1072D8003FC00000000000000000000000000000A7
:1072E8000000000000000000000000000000000096
:1072F8000003EC000FFC001C1C00180C00300C00F4
:1073080030000030000030FE0030FE00300C003845
:107318000C001C1C000FFC0003F000000000000023
:107328000000000000000000000000000000000055
:107338000000000000000000007E7E007E7E001835
:1073480018001818001818001818001FF8001FF85F
:10735800001818001818001818001818007E7E0069
:107368007E7E000000000000000000000000000019
:107378000000000000000000000000000000000005
:10738800001FF8001FF80001800001800001800044
:10739800018000018000018000018000018000015F
:1073A80080000180001FF8001FF8000000000000A6
:1073B80000000000000000000000000000000000C5
:1073C80000000000000000000007FE0007FE0000AB
:1073D8003000003000003000003000003000303055
:1073E800003030003030003030003060003FE000C6
:1073F8000F800000000000000000000000000000F6
:107408000000000000000000000000000000000074
:10741800007F3E007F3E0018300018600018C00052
:107428001980001B80001FC0001CE00018700018A5
:1074380030001838007F1F007F1F00000000000088
:107448000000000000000000000000000000000034
:107458000000000000000000007F80007F80000C1A
:1074680000000C00000C00000C00000C00000C00D8
:10747800000C0C000C0C000C0C000C0C007FFC0029
:107488007FFC000000000000000000000000000079
:1074980000000000000000000000000000000000E4
:1074A80000F00F00F81F00381C003C3C003C3C007A
:1074B800366C00366C0033CC0033CC00318C003095
:1074C8000C00300C00FE7F00FE7F00000000000072
:1074D80000000000000000000000000000000000A4
:1074E80000000000000000000078FE0078FE001C8C
:1074F80018001E18001F18001B18001B980019D828
:107508000018D80018F8001878001838007F1800FC
:107518007F180000000000000000000000000000CC
:107528000000000000000000000000000000000053
:107538000003C0000FF0001C3800181800381C00A9
:10754800300C00300C00300C00300C00381C0018D7
:1075580018001C38000FF00003C0000000000000F5
:107568000000000000000000000000000000000013
:107578000000000000000000003FF0003FF8000C91
:107588001C000C0C000C0C000C0C000C18000FF864
:10759800000FE0000C00000C00000C00003FC000D1
:1075A8003FC00000000000000000000000000000D4
:1075B80000000000000000000000000000000000C3
:1075C8000003C0000FF0001C3800181800381C0019
:1075D800300C00300C00300C00300C00381C001847
:1075E80018001C38000FF00007C00007CC000FFC83
:1075F800000C38000000000000000000000000003F
:107608000000000000000000007FE0007FF000188C
:1076180038001818001818001838001FF0001FC08C
:107628000018E0001870001830001838007F1E009D
:107638007F0E0000000000000000000000000000B5
:107648000000000000000000000000000000000032
:107658000007D8000FF8001C380018180018180088
:107668001E00000FC00003F0000078001818001872
:1076780018001C38001FF0001BE00000000000008C
:1076880000000000000000000000000000000000F2
:107698000000000000000000003FFC003FFC00313B
:1076A8008C00318C00318C00318C0001800001800D
:1076B800000180000180000180000180000FF000BF
:1076C8000FF00000000000000000000000000000B3
:1076D80000000000000000000000000000000000A2
:1076E800007E7E007E7E001818001818001818000A
:1076F800181800181800181800181800181800187A
:1077080018000C30000FF00003C00000000000005B
:107718000000000000000000000000000000000061
:107728000000000000000000007F7F007F7F00183D
:107738000C000C18000C18000C180006300006305D
:107748000003600003600003600001C00001C00086
:1077580000800000000000000000000000000000A1
:107768000000000000000000000000000000000011
:1077780000FE3F80FE3F8030060030060030860065
:1077880019CC0019CC001B6C001B6C001E7C000E71
:1077980038000E38000C18000C180000000000001B
:1077A80000000000000000000000000000000000D1
:1077B8000000000000000000007E7E007E7E0018B1
:1077C80018000C300006600003C000018000018032
:1077D8000003C0000660000C30001818007E7E0010
:1077E8007E7E000000000000000000000000000095
:1077F8000000000000000000000000000000000081
:10780800007C7E007C7E001818000C3000066000AA
:1078180006600003C00001800001800001800001B3
:1078280080000180000FF0000FF000000000000051
:107838000000000000000000000000000000000040
:107848000000000000000000001FF8001FF80018EA
:10785800180018300018600018C0000180000300EC
:10786800000618000C18001818003018003FF8001F
:107878003FF80000000000000000000000000000C9
:10788800000000000000000000000000000001F0FF
:107898000001F000018000018000018000018000EB
:1078A800018000018000018000018000018000014A
:1078B800800001800001800001800001800001F04B
:1078C8000001F000000000000000000000000000BF
:1078D8001800001800001C00000C00000E00000634
:1078E8000000060000030000030000018000018082
:1078F8000000C00000C000006000006000007000D0
:1079080000300000380000180000180000000000D7
:1079180000000000000000000000000000000F80D0
:10792800000F8000018000018000018000018000BC
:1079380001800001800001800001800001800001B9
:1079480080000180000180000180000180000F801C
:10795800000F800000000000000000000000000090
:1079680000000000800001C00003E000077000066E
:1079780030000C1800180C00100400000000000073
:1079880000000000000000000000000000000000EF
:1079980000000000000000000000000000000000DF
:1079A80000000000000000000000000000000000CF
:1079B80000000000000000000000000000000000BF
:1079C80000000000000000000000000000000000AF
:1079D800000000000000000000000000000000009F
:1079E80000000000000000000000FFFF00FFFF0093
:1079F80000000003000003800000E00000600000B9
:107A0800000000000000000000000000000000006E
:107A1800000000000000000000000000000000005E
:107A2800000000000000000000000000000000004E
:107A3800000000000000000000000000000000003E
:107A4800000000000000000000000FC0001FE00060
:107A580000300000300007F0001FF0003830003020
:107A680030003070001FFC000FBC00000000000058
:107A780000000000000000000000000000000000FE
:107A880000000000000078000078000018000018CE
:107A980000001BE0001FF8001C1800180C00180C50
:107AA80000180C00180C00180C001C18007FF800B7
:107AB8007BE0000000000000000000000000000063
:107AC80000000000000000000000000000000000AE
:107AD8000000000000000000000003EC000FFC00A4
:107AE8001C1C00380C00300C00300000300000383E
:107AF8000C001C1C000FF80003F000000000000040
:107B0800000000000000000000000000000000006D
:107B18000000000000000078000078000018000055
:107B2800180007D8001FF80018380030180030185F
:107B3800003018003018003018001838001FFE00F8
:107B480007DE000000000000000000000000000048
:107B5800000000000000000000000000000000001D
:107B68000000000000000000000007E0001FF8000F
:107B7800181800300C003FFC003FFC0030000030BB
:107B88000000180C001FFC0007F0000000000000B7
:107B980000000000000000000000000000000000DD
:107BA80000000000000001FC0003FC0006000006C5
:107BB80000003FF8003FF80006000006000006003D
:107BC800000600000600000600000600003FF00066
:107BD8003FF000000000000000000000000000006E
:107BE800000000000000000000000000000000008D
:107BF8000000000000000000000007DE001FFE007B
:107C080018380030180030180030180030180030CC
:107C180018001838001FF80007D8000018000018CE
:107C2800000038000FF0000FC00000000000000046
:107C3800000000000000780000780000180000181C
:107C480000001BE0001FF0001C380018180018186E
:107C5800001818001818001818001818007E7E0060
:107C68007E7E000000000000000000000000000010
:107C7800000000000000000000000000000001807B
:107C8800000180000000000000001F80001F80002D
:107C98000180000180000180000180000180000156
:107CA80080000180003FFC003FFC00000000000055
:107CB80000000000000000000000000000000000BC
:107CC80000000000000000C00000C000000000002C
:107CD80000001FF0001FF0000030000030000030EE
:107CE800000030000030000030000030000030009C
:107CF8000030000030000030000070001FE0001F5E
:107D080080000000000000000000000000003C00AF
:107D1800003C00000C00000C00000CF8000CF800FF
:107D28000CC0000D80000F80000F00000F80000DB8
:107D3800C0000CE0003C7C003C7C0000000000001F
:107D4800000000000000000000000000000000002B
:107D58000000000000001F80001F8000018000015B
:107D68008000018000018000018000018000018006
:107D7800000180000180000180000180003FFC00BC
:107D88003FFC0000000000000000000000000000B0
:107D980000000000000000000000000000000000DB
:107DA80000000000000000000000F77800FFFC0061
:107DB80039CC00318C00318C00318C00318C003191
:107DC8008C00318C00FDEF00FDEF0000000000008A
:107DD800000000000000000000000000000000009B
:107DE800000000000000000000000000000000008B
:107DF80000007BE0007FF0001C38001818001818FD
:107E0800001818001818001818001818007E7E00AE
:107E18007E7E00000000000000000000000000005E
:107E2800000000000000000000000000000000004A
:107E38000000000000000000000003C0000FF00078
:107E48001C3800381C00300C00300C00300C003896
:107E58001C001C38000FF00003C0000000000000E8
:107E6800000000000000000000000000000000000A
:107E780000000000000000000000000000000000FA
:107E880000007BE0007FF8001C1800180C00180C9C
:107E980000180C00180C00180C001C18001FF80023
:107EA8001BE0001800001800001800007F00007F89
:107EB80000000000000000000000000000000000BA
:107EC8000000000000000000000007DE001FFE00A8
:107ED80018380030180030180030180030180030FA
:107EE80018001838001FF80007D8000018000018FC
:107EF8000000180000FE0000FE0000000000000066
:107F08000000000000000000000000000000000069
:107F180000003E78003EFC0007CC00070000060089
:107F2800000600000600000600000600003FF00002
:107F38003FF000000000000000000000000000000A
:107F48000000000000000000000000000000000029
:107F58000000000000000000000007F8000FF80013
:107F68001818001818001F80000FF00000F80018FB
:107F780018001838001FF0001FE000000000000083
:107F880000000000000000000000000000000000E9
:107F98000000000000000C00000C00000C00000CA9
:107FA80000003FF0003FF0000C00000C00000C0047
:107FB800000C00000C00000C00000C1C0007FC006A
:107FC80003F00000000000000000000000000000B6
:107FD8000000000000000000000000000000000099
:107FE80000000000000000000000787800787800A9
:107FF8001818001818001818001818001818001871
:1080080018001838000FFE0007DE0000000000000E
:108018000000000000000000000000000000000058
:108028000000000000000000000000000000000048
:1080380000007C3E007C3E001818001818000C3028
:10804800000C300006600006600007E00003C00076
:1080580003C0000000000000000000000000000055
:108068000000000000000000000000000000000008
:1080780000000000000000000000783C00783C0090
:108088003118003398003398001AB0001EF0001E13
:10809800F0001C60000C60000C6000000000000094
:1080A80000000000000000000000000000000000C8
:1080B80000000000000000000000000000000000B8
:1080C80000003E7C003E7C000C300006600003C0CF
:1080D8000001800003C0000660000C30003E7C00F8
:1080E8003E7C0000000000000000000000000000CE
:1080F8000000000000000000000000000000000078
:10810800000000000000000000007E1F007E1F002D
:10811800180C000C18000C1800063000063000037C
:10812800600003E00001C00000C000018000018081
:10813800000300003FC0003FC00000000000000036
:108148000000000000000000000000000000000027
:1081580000001FF8001FF80018300018600000C069
:10816800000180000300000618000C18001FF8002A
:108178001FF80000000000000000000000000000E0
:10818800000000000000000000000000000000E007
:108198000001E000018000018000018000018000F2
:1081A80001800001800003800007000003800001B7
:1081B800800001800001800001800001800001E052
:1081C8000000E000000000000000000000000000C7
:1081D8000000000000000180000180000180000113
:1081E8008000018000018000018000018000018082
:1081F80000018000018000018000018000018000F2
:108208000180000180000180000180000000000062
:10821800000000000000000000000000000007004F
:1082280000078000018000018000018000018000BB
:1082380001800001800001C00000E00001C00001D1
:10824800800001800001800001800001800007801B
:10825800000700000000000000000000000000000F
:108268000000000000000000000000000000000006
:1082780000000000000000000E00001F18003BB8BE
:108288000031F00000E000000000000000000000E5
:1082980000000000000000000000000000000000D6
:1082A800000000000000000008000010100000029C
:1082B80018000012200000042800001430000006F6
:1082C8003800001640000008480000185000000A56
:1082D8005800001A6000000C6800001C7000000EB6
:1082E8007800001E800000088800401090004002BE
:1082F80098004012A0004004A8004014B0004006B6
:10830800B8004016C0004008C8004018D000400A15
:10831800D800401AE000400CE800401CF000400E75
:10832800F800401E000100080801801010018002BA
:108338001801801220018004280180143001800671
:108348003801801640018008480180185001800AD1
:108358005801801A6001800C6801801C7001800E31
:108368007801801E800140088801C0109001C00279
:108378009801C012A001C004A801C014B001C00631
:10838800B801C016C001C008C801C018D001C00A91
:10839800D801C01AE001C00CE801C01CF001C00EF1
:1083A800F801C01E000200080802001110020003B4
:1083B80018020013200200052802001530020007E9
:1083C8003802001740020009480200195002000B49
:1083D8005802001B6002000D6802001D7002000FA9
:1083E8007802001F80028008880240119002400332
:1083F80098024013A0024005A8024015B0024007A9
:10840800B8024017C0024009C8024019D002400B08
:10841800D802401BE002400DE802401DF002400F68
:10842800F802401F0003400808038011100380036E
:108438001803801320038005280380153003800764
:108448003803801740038009480380195003800BC4
:108458005803801B6003800D6803801D7003800F24
:108468007803801F8003C0088803C0119003C003ED
:108478009803C013A003C005A803C015B003C00724
:10848800B803C017C003C009C803C019D003C00B84
:10849800D803C01BE003C00DE803C01DF003C00FE4
:1084A800F803C01F0004001008040810100400118D
:1084B80018040812200408102804081430040806B8
:1084C8003804081640040808480408185004080A24
:1084D8005804081A6004080C6804081C7004080E84
:1084E8007804081E800400188804481090040019B5
:1084F80098044812A0040818A8044814B0044806B0
:10850800B8044816C0044808C8044818D004480AE3
:10851800D804481AE004480CE804481CF004480E43
:10852800F804481E00054010080588101005401181
:108538001805881220054810280588143005880673
:108548003805881640058808480588185005880A9F
:108558005805881A6005880C6805881C7005880EFF
:108568007805881E800540188805C81090054019B0
:108578009805C812A0054818A805C814B005C8066B
:10858800B805C816C005C808C805C818D005C80A5F
:10859800D805C81AE005C80CE805C81CF005C80EBF
:1085A800F805C81E0006801008060811100680117C
:1085B800180608132006881028060815300608072C
:1085C8003806081740060809480608195006080B17
:1085D8005806081B6006080D6806081D7006080F77
:1085E8007806081F800680188806481190068019AA
:1085F80098064813A0068818A8064815B006480724
:10860800B8064817C0064809C8064819D006480BD6
:10861800D806481BE006480DE806481DF006480F36
:10862800F806481F0007C010080788111007C01176
:10863800180788132007C8102807881530078807E7
:108648003807881740078809480788195007880B92
:108658005807881B6007880D6807881D7007880FF2
:108668007807881F8007C0188807C8119007C019A5
:108678009807C813A007C818A807C815B007C807DF
:10868800B807C817C007C809C807C819D007C80B52
:10869800D807C81BE007C80DE807C81DF007C80FB2
:1086A800F807C81F0808101010084008180810120A
:1086B80020080011280810143008801138081016F6
:1086C800480810185008100A5808101A6008100CAA
:1086D8006808101C7008100E7808101E8008000A20
:1086E800880850109008000B98085012A008080A33
:1086F800A8085014B008080BB8085016C008100A8B
:10870800C8085018D008500AD808501AE008500C69
:10871800E808501CF008500EF808501E0809901080
:1087280010098009180990122009001928099014C5
:1087380030098019380990164009000B480990182B
:108748005009900A5809901A6009900C6809901C01
:108758007009900E7809901E8009400A8809D01087
:108768009009400B9809D012A009480AA809D0140A
:10877800B009480BB809D016C009500AC809D01862
:10878800D009D00AD809D01AE009D00CE809D01CC1
:10879800F009D00EF809D01E080A1011180A101393
:1087A800200A4011280A1015300AC011380A10177B
:1087B800480A1019500A100B580A101B600A100DAD
:1087C800680A101D700A100F780A101F880A5011C5
:1087D800900A800B980A5013A00A5011A80A501545
:1087E800B00A880BB80A5017C00A800BC80A50197B
:1087F800D00A500BD80A501BE00A500DE80A501D49
:10880800F00A500FF80A501F080B9011180B90131C
:10881800200B4019280B9015300BC019380B9017F6
:10882800480B9019500B900B580B901B600B900D38
:10883800680B901D700B900F780B901F880BD01150
:10884800900BC00B980BD013A00B5019A80BD01588
:10885800B00BC80BB80BD017C80BD019D80BD01B4E
:10886800E00BD00DE80BD01DF00BD00FF80BD01F8C
:10887800000C0012080C1810100C0013180C181219
:10888800200C0812280C1814300C0813380C181671
:10889800400C1012480C1818500C1013580C181AC9
:1088A800600C1812680C181C700C180E780C181E26
:1088B800800C001A880C5810900C001B980C581249
:1088C800A00C081AA80C5814B00C081BB80C5816A1
:1088D800C00C101AC80C5818D00C101BD80C581AF9
:1088E800E00C181AE80C581CF00C580EF80C581E1E
:1088F800000D4012080D9810100D4013180D981215
:10890800200D4812280D9814300D4813380D98166C
:10891800400D5012480D9818500D5013580D981AC4
:10892800600D5812680D981C700D980E780D981EE1
:10893800800D401A880DD810900D401B980DD81244
:10894800A00D481AA80DD814B00D481BB80DD8169C
:10895800C00D501AC80DD818D00D501BD80DD81AF4
:10896800E00D581AE80DD81CF00DD80EF80DD81ED9
:10897800000E8012080E1811100E8013180E18130E
:10898800200E8812280E1815300E8813380E181766
:10899800400E9012480E1819500E9013580E181BBE
:1089A800600E9812680E181D700E180F780E181F9A
:1089B800800E801A880E5811900E801B980E58133E
:1089C800A00E881AA80E5815B00E881BB80E581796
:1089D800C00E901AC80E5819D00E901BD80E581BEE
:1089E800E00E981AE80E581DF00E580FF80E581F92
:1089F800000FC012080F9811100FC013180F98130A
:108A0800200FC812280F9815300FC813380F981761
:108A1800400FD012480F9819500FD013580F981BB9
:108A2800600FD812680F981D700F980F780F981F55
:108A3800800FC01A880FD811900FC01B980FD81339
:108A4800A00FC81AA80FD815B00FC81BB80FD81791
:108A5800C00FD01AC80FD819D00FD01BD80FD81BE9
:108A6800E00FD81AE80FD81DF00FD81BF80FD81F41
:108A78000810201010104010181020122810201470
:108A88003010881038102016401000114810201897
:108A9800501040115810201A601008126810201C3D
:108AA800701088127810201E80100012881008128A
:108AB8009010401298106012A0102012A810601494
:108AC800B0106012B8106016C0100013C8106018FB
:108AD800D0104013D810601AE0101812E810601C6B
:108AE800F0109812F810601E081120121011401191
:108AF8001811A012201108182811A0143011881874
:108B08003811A0164811A0185811A01A6011081A97
:108B18006811A01C7011881A7811A01E80111012FB
:108B280088111812901150129811E012A0111818FB
:108B3800A811E014B0119818B811E016C01110135C
:108B4800C811E018D0115013D811E01AE011181A02
:108B5800E811E01CF011981AF811E01E0012001834
:108B68000812081810124018181220132012201882
:108B780028122015301260183812201740120019D8
:108B880048122019501240195812201B601220193F
:108B98006812201D7012C8127812201F8012001A45
:108BA8008812081A9012401A98126013A012201AFC
:108BB800A8126015B012601AB8126017C012001B14
:108BC800C8126019D012401BD812601BE012201B7B
:108BD800E812601DF012601BF812601F00131018D5
:108BE80008131818101350181813A0132013481836
:108BF8002813A0153013C8183813A01740131019DC
:108C08004813A019501350195813A01B6013481A81
:108C18006813A01D7013C81A7813A01F8013101AA8
:108C28008813181A9013501A9813E013A0135818A1
:108C3800A813E015B013D818B813E017C013101B09
:108C4800C813E019D013501BD813E01BE013581AAF
:108C5800E813E01DF013D81AF813E01F08142014C5
:108C68001014001518142015301408153814281677
:108C78004014001548142818501410155814281AB0
:108C8800601420156814281C701418157814281EF0
:108C98008014001C8814201C9014001D9814201D9A
:108CA800A014081CA814281CB014081DB8146816B1
:108CB800C014101CC8146818D014101DD814681AD1
:108CC800E014181CE814681CF014181DF814681E29
:108CD80008152015101540151815601520152818A9
:108CE8002815281C301548153815A8164815A81831
:108CF8005815A81A6015281A6815A81C7015A81AFE
:108D08007815A81E8015401C8815601C9015401DFC
:108D18009815601DA015481CA815681CB015481D9D
:108D2800B815E816C015501CC815E818D015501D00
:108D3800D815E81AE015581CE815E81CF015581D58
:108D4800F815E81E0016001C0816081C1016401C12
:108D58001816481C2016201C2816281C3016601CC3
:108D6800381628174016001D481628195016401D99
:108D78005816281B6016201D6816281D7016601DC1
:108D88007816281F8016801C8816A01C9016801D37
:108D98009816A01DA016881CA816A81CB016881D19
:108DA800B8166817C016901CC8166819D016901DFA
:108DB800D816681BE016981CE816681DF016981D52
:108DC800F816681F0017101C0817181C1017501CDD
:108DD8001817581C201768182817681C3017E81827
:108DE8003817A8174017101D4817A8195017501DF5
:108DF8005817A81B6017681A6817A81D7017E81A73
:108E08007817A81F8017C01C8817E01C9017C01D72
:108E18009817E01DA017C81CA817E81CB017C81D94
:108E2800B817E817C017D01CC817E819D017D01DF5
:108E3800D817E81BE017D81CE817E81DF017D81D4D
:108E4800F817E81F18186018301848183818601CE8
:108E58005818301A6818301C7018181A7818301EEC
:108E68008018001A8818081A9018001B981860199A
:108E7800A018201AA818281AB018201BB818601DA6
:108E8800C018101AC818181AD018101BD818701A39
:108E9800E018301AE818701CF018581AF818701EE4
:108EA800081920191819601A2819081D3019881965
:108EB8003819881D4819201B5819B01A6019081B41
:108EC8006819B01C7019881B7819B01E8019401ACF
:108ED8008819481A9019401B9819601BA019601A24
:108EE800A819181DB019601BB819981DC019501A77
:108EF800C819581AD019501BD819F01AE019181B9C
:108F0800E819F01CF019981BF819F01E381A701C93
:108F1800581A301B681A301D701A181B781A301F1F
:108F2800901AC01A981AC81AB01AE01AB81AE81A89
:108F3800C01A801BC81A881BD01AC01BD81A701BED
:108F4800E01AA01BE81A701DF01AE01BF81A701F2F
:108F5800281B481D381BC81D481B601B581BB01B0D
:108F6800681BB01D701BC81B781BB01F901BC01B53
:108F7800981BC81BA81B581DB01BE01BB81BD81D8D
:108F8800D81BF01BE81BF01DF81BF01F081C201C49
:108F9800181C301C381C681C481C601C581C701C91
:108FA800781C381E801C001E881C201E901C001F68
:108FB800981C201FA01C081EA81C281EB01C081FD7
:108FC800B81C281FC01C101EC81C301ED01C101F27
:108FD800D81C301FE01C181EE81C381EF01C181F77
:108FE800F81C781E081D201D181D301D381DA81DD1
:108FF800481D601D581D701D681D281F781DB81E4E
:10900800801D401E881D601E901D401F981D601FFA
:10901800A01D481EA81D681EB01D481FB81D681F4A
:10902800C01D501EC81D701ED01D501FD81D701F9A
:10903800E01D581EE81D781EF01D581FF81DF81E6B
:10904800081E201E181E301E481E601E581E701E48
:10905800781E381F881EA01E901E801F981EA01FF5
:10906800B01E881FB81EA81FC01E801FC81E881FDC
:10907800D01E901FD81EB01FE01EA01FE81EA81FFC
:10908800F01E981FF81E781F081F201F181F301F7A
:10909800481F601F581F701F781FB81F881FA01F08
:1090A800901FC01F981FE01FB01FC81FB81FE81FE0
:1090B800C81FE01FD81FF01F080000021000400062
:1090C8001800400220008000280080023000C00004
:1090D8003800C00240000001480000035000400171
:1090E8005800400360008001680080037000C001E0
:1090F8007800C00380000002880008029000000386
:1091080098004802A0000802A8008802B000C80021
:10911800B800C802C0000801C8000803D000480110
:10912800D8004803E0008801E8008803F000C8017F
:10913800F800C8030801100210014001180150028C
:109148002001000328019002300148013801D002B3
:109158004801100358015003600190016801900311
:109168007001D0017801D003800140028801180203
:109178009001400398015802A0014802A8019802F2
:10918800B0014803B801D802C0015002C801180351
:10919800D0015003D8015803E0015802E8019803B0
:1091A800F0015803F801D803080220021002400217
:1091B800180260022802A002300260023802E002AF
:1091C8004002000348022003500240035802600393
:1091D800600220036802A003700260037802E003C3
:1091E8008802A002900280039802A003B0028803BC
:1091F800B802E802C0028003C8022803D002900324
:10920800D8026803E002A003E802A803F00298036A
:10921800F802E8030803200310034003180360035F
:109228002803880330036003380398034803600366
:10923800580370036803B0037803F0038803A0039E
:109248009003C0039803E003B003C803B803E8031E
:10925800C803E003D803F0030800400018004800E2
:10926800100040002800500020004000380058003E
:10927800300048005800680048006000680070002E
:109288000800001010000020180000302000000224
:10929800280000123000002238000032400000048C
:1092A80048000014500000245800003460000006F4
:1092B800680000167000002678000036800000085C
:1092C800880000189000002898000038A000000AC4
:1092D800A800001AB000002AB800003AC000000C2C
:1092E800C800001CD000002CD800003CE000000E94
:1092F800E800001EF000002EF800003E0001000407
:10930800080140101001402018014030200140029F
:109318002801401230014022380140324001400407
:10932800480140145001402458014034600140066F
:1093380068014016700140267801403680014008D7
:10934800880140189001402898014038A001400A3F
:10935800A801401AB001402AB801403AC001400CA7
:10936800C801401CD001402CD801403CE001400E0F
:10937800E801401EF001402EF801403E00020008BE
:10938800080280101002802018028030200280021B
:109398002802801230028022380280324002800483
:1093A80048028014500280245802803460028006EB
:1093B8006802801670028026780280368002800853
:1093C800880280189002802898028038A002800ABB
:1093D800A802801AB002802AB802803AC002800C23
:1093E800C802801CD002802CD802803CE002800E8B
:1093F800E802801EF002802EF802803E0003000C76
:109408000803C0101003C0201803C0302003800CCC
:109418002803C0123003C0223803C0324003C004FE
:109428004803C0145003C0245803C0346003C00666
:109438006803C0167003C0267803C0368003C008CE
:109448008803C0189003C0289803C038A003C00A36
:10945800A803C01AB003C02AB803C03AC003C00C9E
:10946800C803C01CD003C02CD803C03CE003C00E06
:10947800E803C01EF003C02EF803C03E0804001124
:1094880010040021180400312004000C28040013E3
:109498003004002338040033400400054804001554
:1094A80050040025580400356004000768040017BC
:1094B8007004002778040037800400098804001924
:1094C8009004002998040039A004000BA804001B8C
:1094D800B004002BB804003BC004000DC804001DF4
:1094E800D004002DD804003DE004000FE804001F5C
:1094F800F004002FF804003F080540111005402132
:10950800180540312005000D28054013300540237B
:109518003805403348054015500540255805403565
:1095280060054007680540177005402778054037F3
:10953800800540098805401990054029980540395B
:10954800A005400BA805401BB005402BB805403BC3
:10955800C005400DC805401DD005402DD805403D2B
:10956800E005400FE805401FF005402FF805403F93
:109578000006400808068011100680211806803170
:109588002006C0082806801330068023380680335A
:109598004006400948068015500680255806803543
:1095A800600680076806801770068027780680376F
:1095B80080068009880680199006802998068039D7
:1095C800A006800BA806801BB006802BB806803B3F
:1095D800C006800DC806801DD006802DD806803DA7
:1095E800E006800FE806801FF006802FF806803F0F
:1095F8000007400C0807C0111007C0211807C03128
:109608002007C00C2807C0133007C0233807C03311
:109618004007400D4807C0155007C0255807C035FA
:109628006007C0076807C0177007C0277807C037EA
:109638008007C0098807C0199007C0299807C03952
:10964800A007C00BA807C01BB007C02BB807C03BBA
:10965800C007C00DC807C01DD007C02DD807C03D22
:10966800E007C00FE807C01FF007C02FF807C03F8A
:10967800000800100808081010080820180808300A
:1096880020088010280808123008082238080832F4
:1096980040080011480808145008082458080834DD
:1096A80060088011680808167008082678080836C7
:1096B80080080810880808189008082898080838AA
:1096C800A008080AA808081AB008082AB808083A1A
:1096D800C008080CC808081CD008082CD808083C82
:1096E800E008080EE808081EF008082EF808083EEA
:1096F80000090014080948101009482018094830C2
:1097080020098014280948123009482238094832AB
:109718004009001548094814500948245809483494
:10972800600980156809481670094826780948367E
:109738008009081488094818900948289809483861
:10974800A009480AA809481AB009482AB809483A95
:10975800C009480CC809481CD009482CD809483CFD
:10976800E009480EE809481EF009482EF809483E65
:10977800000A0018080A8810100A8820180A883079
:10978800200A8018280A8812300A8822380A883263
:10979800400A0019480A8814500A8824580A88344C
:1097A800600A8019680A8816700A8826780A883636
:1097B800800A0818880A8818900A8828980A883819
:1097C800A00A8818A80A881AB00A882AB80A883A03
:1097D800C00A880CC80A881CD00A882CD80A883C79
:1097E800E00A880EE80A881EF00A882EF80A883EE1
:1097F800000B001C080BC810100BC820180BC83031
:10980800200B801C280BC812300BC822380BC8321A
:10981800400B001D480BC814500BC824580BC83403
:10982800600B801D680BC816700BC826780BC836ED
:10983800800B081C880BC818900BC828980BC838D0
:10984800A00B881CA80BC81AB00BC82AB80BC83ABA
:10985800C00BC80CC80BC81CD00BC82CD80BC83CF4
:10986800E00BC80EE80BC81EF00BC82EF80BC83E5C
:10987800000C4010080C0811100C0821180C0831B5
:10988800200CC010280C0813300C0823380C08339F
:10989800400C4011480C0815500C0825580C083588
:1098A800600CC011680C0817700C0827780C083772
:1098B800800C4810880C0819900C0829980C083955
:1098C800A00CC810A80C081BB00C082BB80C083B3F
:1098D800C00C080DC80C081DD00C082DD80C083D6C
:1098E800E00C080FE80C081FF00C082FF80C083FD4
:1098F800000D4014080D4811100D4821180D48316D
:10990800200DC014280D4813300D4823380D483356
:10991800400D4015480D4815500D4825580D48353F
:10992800600DC015680D4817700D4827780D483729
:10993800800D4814880D4819900D4829980D48390C
:10994800A00DC814A80D481BB00D482BB80D483BF6
:10995800C00D4815C80D481DD00D482DD80D483DDF
:10996800E00D480FE80D481FF00D482FF80D483F4F
:10997800000E4018080E8811100E8821180E883124
:10998800200EC018280E8813300E8823380E88330E
:10999800400E4019480E8815500E8825580E8835F7
:1099A800600EC019680E8817700E8827780E8837E1
:1099B800800E4818880E8819900E8829980E8839C4
:1099C800A00EC818A80E881BB00E882BB80E883BAE
:1099D800C00E4819C80E881DD00E882DD80E883D97
:1099E800E00E880FE80E881FF00E882FF80E883FCB
:1099F800000F401C080FC811100FC821180FC831DC
:109A0800200FC01C280FC813300FC823380FC833C5
:109A1800400F401D480FC815500FC825580FC835AE
:109A2800600FC01D680FC817700FC827780FC83798
:109A3800800F481C880FC819900FC829980FC8397B
:109A4800A00FC81CA80FC81BB00FC82BB80FC83B65
:109A5800C00F481DC80FC81DD00FC82DD80FC83D4E
:109A6800E00FC81DE80FC81FF00FC82FF80FC83F38
:109A780000100020081010101010102018101030BE
:109A880020108020281010123010102238101032A8
:109A98004010002148101014501010245810103491
:109AA800601080216810101670101026781010367B
:109AB800801008208810101890101028981010385E
:109AC800A0108820A810101AB010102AB810103A48
:109AD800C0100821C810101CD010102CD810103C31
:109AE800E0108821E810101EF010102EF810103E1B
:109AF80000110024081110241011502018115030A2
:109B0800201180242811501230115022381150325F
:109B18004011002548115014501150245811503448
:109B28006011802568115016701150267811503632
:109B38008011082488115018901150289811503815
:109B4800A0118824A811501AB011502AB811503AFF
:109B5800C0110825C811501CD011502CD811503CE8
:109B6800E0118825E811501EF011502EF811503ED2
:109B78000012002808121028101290201812903095
:109B88002012802828129012301290223812903217
:109B98004012002948129014501290245812903400
:109BA80060128029681290167012902678129036EA
:109BB80080120828881290189012902898129038CD
:109BC800A0128828A812901AB012902AB812903AB7
:109BD800C0120829C812901CD012902CD812903CA0
:109BE800E0128829E812901EF012902EF812903E8A
:109BF8000013002C0813102C1013D0201813D03089
:109C08002013802C2813902C3013D0223813D032F4
:109C18004013002D4813D0145013D0245813D034B7
:109C28006013802D6813D0167013D0267813D036A1
:109C38008013082C8813D0189013D0289813D03884
:109C4800A013882CA813D01AB013D02AB813D03A6E
:109C5800C013082DC813D01CD013D02CD813D03C57
:109C6800E013882DE813D01EF013D02EF813D03E41
:109C7800001440200814502010141021181410311A
:109C88002014C0202814D020301410233814103386
:109C9800401440214814101550141025581410353C
:109CA8006014C02168141017701410277814103726
:109CB8008014482088141019901410299814103909
:109CC800A014C820A814101BB014102BB814103BF3
:109CD800C0144821C814101DD014102DD814103DDC
:109CE800E014C821E814101FF014102FF814103FC6
:109CF800001540240815502410155021181550310E
:109D08002015C0242815D024301550233815503379
:109D180040154025481550155015502558155035F3
:109D28006015C025681550177015502778155037DD
:109D380080154824881550199015502998155039C0
:109D4800A015C824A815501BB015502BB815503BAA
:109D5800C0154825C815501DD015502DD815503D93
:109D6800E015C825E815501FF015502FF815503F7D
:109D78000016402808165028101690211816903101
:109D88002016C0282816D02830169023381690336D
:109D980040164029481650295016902558169035D7
:109DA8006016C02968169017701690277816903795
:109DB8008016482888169019901690299816903978
:109DC800A016C828A816901BB016902BB816903B62
:109DD800C0164829C816901DD016902DD816903D4B
:109DE800E016C829E816901FF016902FF816903F35
:109DF8000017402C0817502C1017D0211817D031F5
:109E08002017C02C2817D02C3017D0233817D03360
:109E18004017402D4817502D5017D0255817D035CA
:109E28006017C02D6817D0177017D0277817D0374C
:109E38008017482C8817D0199017D0299817D0392F
:109E4800A017C82CA817D01BB017D02BB817D03B19
:109E5800C017482DC817D01DD017D02DD817D03D02
:109E6800E017C82DE817D01FF017D02FF817D03FEC
:109E7800001800300818103010181820181818305A
:109E880020188030281890303018182238181832C6
:109E98004018003148181031501818245818183430
:109EA800601880316818903170181826781818369C
:109EB80080180830881818309018182898181838FA
:109EC800A0188830A818181AB018182AB818183AFC
:109ED800C0180831C818181CD018182CD818183CE5
:109EE800E0188831E818181EF018182EF818183ECF
:109EF800001900340819103410195820181958304E
:109F080020198034281990343019582238195832B9
:109F18004019003548191035501958245819583423
:109F2800601980356819903570195826781958368F
:109F380080190834881918349019582898195838ED
:109F4800A0198834A819581AB019582AB819583AB3
:109F5800C0190835C819581CD019582CD819583C9C
:109F6800E0198835E819581EF019582EF819583E86
:109F7800001A0038081A1038101A9820181A983041
:109F8800201A8038281A9038301A9822381A9832AD
:109F9800401A0039481A1039501A9824581A983417
:109FA800601A8039681A9039701A9826781A983683
:109FB800801A0838881A1838901A9828981A9838E1
:109FC800A01A8838A81A9838B01A982AB81A983A4D
:109FD800C01A0839C81A981CD01A982CD81A983C54
:109FE800E01A8839E81A981EF01A982EF81A983E3E
:109FF800001B003C081B103C101BD820181BD83035
:10A00800201B803C281B903C301BD822381BD832A0
:10A01800401B003D481B103D501BD824581BD8340A
:10A02800601B803D681B903D701BD826781BD83676
:10A03800801B083C881B183C901BD828981BD838D4
:10A04800A01B883CA81B983CB01BD82AB81BD83A40
:10A05800C01B083DC81BD81CD01BD82CD81BD83C0B
:10A06800E01B883DE81BD81EF01BD82EF81BD83EF5
:10A07800001C4030081C5030101C1821181C1831C6
:10A08800201CC030281CD030301C1823381C183332
:10A09800401C4031481C5031501C1825581C18359C
:10A0A800601CC031681CD031701C1827781C183708
:10A0B800801C4830881C5830901C1829981C183966
:10A0C800A01CC830A81CD830B01C182BB81C183BD2
:10A0D800C01C4831C81C181DD01C182DD81C183D90
:10A0E800E01CC831E81C181FF01C182FF81C183F7A
:10A0F800001D4034081D5034101D5821181D5831BA
:10A10800201DC034281DD034301D5823381D583325
:10A11800401D4035481D5035501D5825581D58358F
:10A12800601DC035681DD035701D5827781D5837FB
:10A13800801D4834881D5834901D5829981D583959
:10A14800A01DC834A81DD834B01D582BB81D583BC5
:10A15800C01D4835C81D5835D01D582DD81D583D2F
:10A16800E01DC835E81D581FF01D582FF81D583F31
:10A17800001E4038081E5038101E9821181E9831AD
:10A18800201EC038281ED038301E9823381E983319
:10A19800401E4039481E5039501E9825581E983583
:10A1A800601EC039681ED039701E9827781E9837EF
:10A1B800801E4838881E5838901E9829981E98394D
:10A1C800A01EC838A81ED838B01E982BB81E983BB9
:10A1D800C01E4839C81E5839D01E982DD81E983D23
:10A1E800E01EC839E81E981FF01E982FF81E983FE9
:10A1F800001F403C081F503C101FD821181FD831A1
:10A20800201FC03C281FD03C301FD823381FD8330C
:10A21800401F403D481F503D501FD825581FD83576
:10A22800601FC03D681FD03D701FD827781FD837E2
:10A23800801F483C881F583C901FD829981FD83940
:10A24800A01FC83CA81FD83CB01FD82BB81FD83BAC
:10A25800C01F483DC81F583DD01FD82DD81FD83D16
:10A26800E01FC83DE81FD83DF01FD82FF81FD83F82
:10A278000820802010202020182020302820802826
:10A288003020202238202032402000214820C020C1
:10A298005020202458202034602010246820C02812
:10A2A8007020202678202036882080309020202892
:10A2B80098202038A0200830A8208038B020202AF4
:10A2C800B820203AC0200821C820C030D020202C37
:10A2D800D820203CE0200831E820C038F020202E8B
:10A2E800F820203E0021002408218021102110247C
:10A2F8001821603020212024282180293021602243
:10A3080038216032402100254821C0215021602495
:10A3180058216034602150246821C02970216026AA
:10A328007821603680210824882180319021602896
:10A3380098216038A0210834A8218039B021602AEA
:10A34800B821603AC0210825C821C031D021602C2D
:10A35800D821603CE0210835E821C039F021602E81
:10A36800F821603E00220030082280301022083098
:10A378001822A03020221030282288283022A0223B
:10A388003822A032402240304822C0305022A02437
:10A398005822A034602250306822C8287022A02693
:10A3A8007822A03680222030882288309022A02867
:10A3B8009822A038A0221830A8228838B022A02AD3
:10A3C800B822A03AC0226030C822C830D022A02CBF
:10A3D800D822A03CE0221831E822C838F022A02E6A
:10A3E800F822A03E002300310823803110230831D1
:10A3F8001823E030202310312823882930231831EE
:10A408003823E032402340314823C0315023E02430
:10A418005823E034602350316823C8297023E0268C
:10A428007823E03680231824882388319023E02875
:10A438009823E038A0231834A8238839B023E02AC9
:10A44800B823E03AC0231825C823C831D023E02C0C
:10A45800D823E03CE0231835E823C839F023E02E60
:10A46800F823E03E082480241024202418242031D6
:10A478002824802C3024103138242033402400250F
:10A488004824C02450242025582420356024102531
:10A498006824C02C7024202778242037882480340E
:10A4A8009024202998242039A0244830A824803CCE
:10A4B800B024202BB824203BC0240825C824C0344D
:10A4C800D024202DD824203DE0244831E824C03C65
:10A4D800F024202FF824203F08258025102520254A
:10A4E800182560312825802D3025503138256033D6
:10A4F8004825C02550256025582560356825C02D7C
:10A508007025602778256037882580359025602953
:10A5180098256039A0254834A825803DB025602BB2
:10A52800B825603BC825C035D025602DD825603DAD
:10A53800E0254835E825C03DF025602FF825603F27
:10A548000026003408268034102608341826A03146
:10A55800202610342826882C302618343826A03394
:10A56800402640344826C034502648345826A03562
:10A57800602650346826C82C7026A0277826A03775
:10A5880080262034882688349026A0299826A03949
:10A59800A0265830A826883CB026A02BB826A03B79
:10A5A800C0266034C826C834D026A02DD826A03DA1
:10A5B800E0265831E826C83CF026A02FF826A03F10
:10A5C8000027003508278035102708351827E0317F
:10A5D800202710352827882D302718353827E033CD
:10A5E800402740354827C035502748355827E0359B
:10A5F800602750356827C82D7027E0277827E0376F
:10A6080080272035882788359027E0299827E03942
:10A61800A0275834A827883DB027E02BB827E03B6F
:10A62800C0276035C827C835D027E02DD827E03D9A
:10A63800E0275835E827C83DF027E02FF827E03F06
:10A64800082820281028802818282830282890280A
:10A6580030288828382828324028002C4828202CE0
:10A668005028802C582828346028082C6828D0289E
:10A678007028882C782828368828903098282838F8
:10A68800A0282830A8289038B028282AB828283A9E
:10A69800C028102CC828D030D028282CD828283CEE
:10A6A800E028182CE828D038F028282EF828283E4A
:10A6B8000029002C0829082C1029102C182968308A
:10A6C8002029202C282990293029D030382968328F
:10A6D8004029402C4829602C5029C02C582968341E
:10A6E8006029482C6829D0297029C82C782968360F
:10A6F8008029802C882990319029282C982968381D
:10A70800A0292834A8299039B029682AB829683A94
:10A71800C029502CC829D031D029682CD829683CA8
:10A72800E029582CE829D039F029682EF829683E04
:10A73800002A0038082A2038102A8038182AA83019
:10A74800202A0838282A2838302A8838382AA8326F
:10A75800402A003C482A203C502A803C582AA834E9
:10A76800602A083C682A283C702A883C782AA8363F
:10A77800802A1038882A9830902A9038982AA83841
:10A78800A02A1838A82A9838B02A9838B82AA83A97
:10A79800C02A103CC82AD830D02AA82CD82AA83CCD
:10A7A800E02A183CE82AD838F02AA82EF82AA83E29
:10A7B800002B4038082B6038102BC038182BE83095
:10A7C800202B4838282B6838302BC838382BE832EB
:10A7D800402B403C482B603C502BC03C582BE83465
:10A7E800602B483C682B683C702BC83C782BE836BB
:10A7F800802B5038882B9831902BD038982BE838FC
:10A80800A02B5838A82B9839B02BD838B82BE83A51
:10A81800C02B503CC82BD831D02BE82CD82BE83C87
:10A82800E02B583CE82BD839F02BE82EF82BE83EE3
:10A83800082C202C102C802C182C2831282C902CFB
:10A84800302C9031382C2833402C002D482C202DCA
:10A85800502C802D582C2835602C082D682CD02C95
:10A86800702C882D782C2837882C9034982C2839EF
:10A87800A02C6830A82C903CB02C6838B82C283B09
:10A88800C02C102DC82CD034D02C282DD82C283DE5
:10A89800E02C182DE82CD03CF02C282FF82C283F41
:10A8A800082D202D102D802D182D6831282D902D44
:10A8B800302DD031382D6833482D602D502DC02DC6
:10A8C800582D6835682DD02D702DC82D782D6837F6
:10A8D800882D9035982D6839A02D6834A82D903D85
:10A8E800B02D683CB82D683BC82DD035D82D683DB3
:10A8F800E02D6835E82DD03DF02D682FF82D683F04
:10A90800002E0039082E2039102E8039182EA83133
:10A91800202E0839282E2839302E8839382EA83389
:10A92800402E003D482E203D502E803D582EA83503
:10A93800602E083D682E283D702E883D782EA83759
:10A94800802E1039882E9834902E9039982EA83958
:10A95800A02E1839A82E983CB02E9839B82EA83BAE
:10A96800C02E103DC82ED834D02E903DD82EA83DEC
:10A97800E02E183DE82ED83CF02EA82FF82EA83F40
:10A98800002F4039082F6039102FC039182FE831AF
:10A99800202F4839282F6839302FC839382FE83305
:10A9A800402F403D482F603D502FC03D582FE8357F
:10A9B800602F483D682F683D702FC83D782FE837D5
:10A9C800802F5039882F9835902FD039982FE83913
:10A9D800A02F5839A82F983DB02FD839B82FE83B69
:10A9E800C02F503DC82FD835D02FD03DD82FE83DA7
:10A9F800E02F583DE82FD83DF02FD83DF82FE83FFD
:10AA0800183030303830303240300031483008317A
:10AA180050301031583030346030203168302831AF
:10AA280070301834783030368830A030983030386C
:10AA3800A830A038B0308838B830303AC0308031CB
:10AA4800C830E030D0309031D830303CE0308831F8
:10AA5800E830E038F0308839F830303E00310034E2
:10AA680008310834103110341831183420312034AA
:10AA780028312834303130343831703240310035A3
:10AA8800483108355031103558317034603120352F
:10AA980068312835703158347831703680318034D7
:10AAA8008831A0319031903498317038A031883491
:10AAB800A831A039B031883CB831703AC0318035FE
:10AAC800C831E031D0319035D831703CE03188352B
:10AAD800E831E039F031883DF831703E0032003815
:10AAE8000832803810320838183288382032103846
:10AAF80028329038303218383832B0324032403844
:10AB08004832C038503248385832B0346032503841
:10AB18006832D038703258387832B03680322038BF
:10AB28008832A038903228389832B038A03230387D
:10AB3800A832A838B0329838B832B03AC032603843
:10AB4800C832E038D0326838D832B03CE032703899
:10AB5800E832E838F0329839F832B03E003300393C
:10AB680008338039103308391833883920331039BD
:10AB780028339039303318393833983940334039CD
:10AB88004833C039503348395833F034603350397A
:10AB98006833D039703358397833F03680332039F8
:10ABA8008833A039903328399833F038A033983453
:10ABB800A833A839B033983CB833F03AC033603979
:10ABC800C833E039D0336839D833F03CE0339835AE
:10ABD800E833E839F033983DF833F03E1834303430
:10ABE8003834183940340035483408355034103575
:10ABF8005834303560342035683428357034183589
:10AC0800783430378834A03498343039A834A03CAC
:10AC1800B034C838B834303BC0348035C834E03438
:10AC2800D0349035D834303DE0348835E834E03CD1
:10AC3800F034C839F834303F18353035383558399C
:10AC480058357035783570378835A035983570396E
:10AC5800A835A03DB035C83CB835703BC835E0359F
:10AC6800D835703DE835E03DF035C83DF835703FE2
:10AC78000036003C0836803C1036083C1836883CC4
:10AC88002036103C2836903C3036183C3836983CF4
:10AC98004036403C4836C03C5036483C5836C83CA4
:10ACA8006036503C6836D03C7036583C7836B03701
:10ACB8008036203C8836A03C9036283C9836B039FF
:10ACC800A036303CA836A83CB036D838B836B03BA9
:10ACD800C036603CC836E03CD036683CD836B03D1B
:10ACE800E036703CE836E83CF036D839F836B03F04
:10ACF8000037003D0837803D1037083D1837883D3C
:10AD08002037103D2837903D3037183D3837983D6B
:10AD18004037403D4837C03D5037483D5837C83D1B
:10AD28006037503D6837D03D7037583D7837F03739
:10AD38008037203D8837A03D9037283D9837F03937
:10AD4800A037303DA837A83DB037D83CB837F03BDE
:10AD5800C037603DC837E03DD037683DD837F03D53
:10AD6800E037703DE837E83DF037D83DF837F03F39
:10AD78003838983840380039483808395038103948
:10AD880058381839603820396838283970383039D7
:10AD98007838983CA838B038B838383AC03880394C
:10ADA800C8388839D0389039D838383CE038A03994
:10ADB800E838F038F838383EF038A8390039003C1F
:10ADC8000839083C1039103C1839183C2039203C07
:10ADD8002839283C3039303C3839383C4039003D36
:10ADE8004839083D5039103D5839183D6039203DE3
:10ADF8006839283D7039303D7839D83C8039803CF5
:10AE08008839883C9039903C9839983CA039A03CC6
:10AE1800A839B039B839783AB039A83CC039803D3A
:10AE2800C839883DD039903DD839783CE039A03DC3
:10AE3800E839F039F839783EF039A83D083A103A3F
:10AE4800103A203A183A303A203A803A283A903A5A
:10AE5800303AA03A383AB03A403A003B483A103BC8
:10AE6800503A203B583A303B603A803B683A903B36
:10AE7800703AA03B783AB03B883AA03A983AB03A50
:10AE8800A83AB03AC03A083BC83A183BD03A283BEF
:10AE9800D83AB83CE03A883BE83A983BF03AA83BC5
:10AEA800F83AB83E003B003E083B103E103B203EBF
:10AEB800183B303E203B803E283B903E303BA03E36
:10AEC800383BB03E403B003F483B103F503B203FA3
:10AED800583B303F603B803F683B903F703BA03F12
:10AEE800783BB03F803B083E883B183E903B283E6D
:10AEF800983B383EA03B883EA83B983EB03BA83ED6
:10AF0800B83BB83EC03B083FC83B183FD03B283F42
:10AF1800D83BF83CE03B883FE83B983FF03BA83FF4
:10AF2800F83BF83E383C983C403C003D483C083DE6
:10AF3800503C103D583C183D603C203D683C283D45
:10AF4800703C303D783C983DA83CB03CB83CB03EA5
:10AF5800C03C803DC83C883DD03C903DD83C383D05
:10AF6800E03CA03DE83CF03CF03CA83DF83C383FD4
:10AF7800383D983D783DD83DA83DB03DB83DB03FFF
:10AF8800E83DF03D083E803EF83D783F103E803E6B
:10AF9800183E883E203E803E283E903E303E883E09
:10AFA800383E983E403E003F483E203F503E803F5E
:10AFB800583EA03F603E083F683E283F703E883FAD
:10AFC800783EA83F883EA03E983EA83EC03E103F2F
:10AFD800A83EB03EC83E303FD03E903FD83EB03F3E
:10AFE800E03E183FE83E383FF03E983F083F803F3C
:10AFF800F83EB83F103F803F183F883F203F803FD2
:10B00800283F903F303F883F383F983F483F503F68
:10B01800503F603F583F703F603FC03F683FD03F60
:10B02800703FE03F783FF03F883FA03F983FA83F00
:10B03800A83FB03FD83FF03FC83FE03FE83FF03F70
:10B04800080000021000000418000006200040005C
:10B0580028004002300040043800400640008000CC
:10B068004800800250008004580080066000C0003C
:10B078006800C0027000C0047800C00680000001AB
:10B08800880000039000000598000007A000400118
:10B09800A8004003B0004005B8004007C000800188
:10B0A800C8008003D0008005D8008007E000C001F8
:10B0B800E800C003F000C005F800C0070001000266
:10B0C800080108021001080418010806200180027E
:10B0D80028014802300148043801480640010003AD
:10B0E80048018802500188045801880660018003DD
:10B0F8006801C8027001C8047801C8068001080206
:10B10800880108039001080598010807A001880232
:10B11800A8014803B0014805B8014807C001080361
:10B12800C8018803D0018805D8018807E001880391
:10B13800E801C803F001C805F801C80708021002B1
:10B1480000020004100210041802100620028004F5
:10B15800280250023002500438025006400200050E
:10B16800480290025002900458029006600280053E
:10B178006802D0027002D0047802D0068002080467
:10B18800880210039002100598021007A002880494
:10B19800A8025003B0025005B8025007C0020805C3
:10B1A800C8029003D0029005D8029007E0028805F3
:10B1B800E802D003F002D005F802D0070003000629
:10B1C8000803100610031804180318062003800645
:10B1D8002803900630035804380358064003000734
:10B1E8004803100750039804580398066003800723
:10B1F800680390077003D8047803D806800308060C
:10B20800880318069003180598031807A0038806F2
:10B21800A8039806B0035805B8035807C0030807E1
:10B22800C8031807D0039805D8039807E0038807D0
:10B23800E8039807F003D805F803D8070804800442
:10B248001004200418042006280480053004600433
:10B258003804600640040006480488045004A0042A
:10B268005804A00660041006680488057004E00409
:10B278007804E006880480069004200598042007D6
:10B28800A0040806A8048007B0046005B804600795
:10B29800C0042006C8048806D004A005D804A00766
:10B2A800E0041806E8048807F004E005F804E0075D
:10B2B80008052005100580051805280628059005AD
:10B2C8003005880538056806400500074805200749
:10B2D800500580075805A806600508076805980501
:10B2E800700588077805E8068805900698052807F8
:10B2F800A0052806A8059007B0052807B80568071F
:10B30800C0051007C8059806D0059007D805A807F6
:10B31800E0051807E8059807F0059807F805E80715
:10B3280018063006380670064006000748068007EB
:10B33800500608075806B00660061007680690070A
:10B34800700618077806F0068806A00698063007E3
:10B35800A806A007B0068807B8067007C006200729
:10B36800C806A007D0062807D806B007E0063007A9
:10B37800E806A807F0069807F806F00748075007F8
:10B388003807980750076007580770076007C00715
:10B398006807D0077807F0077007E007B807F007D5
:10B3A800A807B007D807F007C807E007E807F007BD
:10B3B80008004000100080001800C0002000400075
:10B3C80028004800300088003800C800400080008D
:10B3D800480050005800D000500090006000C000A5
:10B3E8006800D000700098007800D8008800C0007D
:10B3F8009000A000A800D0009800E000B000D000A5
:10B40800B800E800D800F000C800E000E800F0004C
:10B4180008000002100000041800000620000008C0
:10B428002800000A3000000C3800000E48004002D6
:10B438005000400458004006600040086800400A78
:10B448007000400C7800400E880080029000800454
:10B4580098008006A0008008A800800AB000800C30
:10B46800B800800EC800C002D000C004D800C006D2
:10B47800E000C008E800C00AF000C00CF800C00EE8
:10B488000801000310010005180100072001000948
:10B498002801000B3001000D3801000F480140035E
:10B4A8005001400558014007600140096801400B00
:10B4B8007001400D7801400F8801800390018005DC
:10B4C80098018007A0018009A801800BB001800DB8
:10B4D800B801800FC801C003D001C005D801C0075A
:10B4E800E001C009E801C00BF001C00DF801C00F70
:10B4F8001002080418020806200208082802080A90
:10B508003002080C3802080E500248045802480657
:10B51800600248086802480A7002480C7802480E1F
:10B528009002880498028806A0028808A802880A5F
:10B53800B002880CB802880ED002C804D802C80627
:10B54800E002C808E802C80AF002C80CF802C80EEF
:10B558001003080518030807200308092803080B27
:10B568003003080D3803080F5003480558034807EF
:10B57800600348096803480B7003480D7803480FB7
:10B588009003880598038807A0038809A803880BF7
:10B59800B003880DB803880FD003C805D803C807BF
:10B5A800E003C809E803C80BF003C80DF803C80F87
:10B5B80018041006200410082804100A3004100C7F
:10B5C8003804100E58045006600450086804500AE5
:10B5D8007004500C7804500E98049006A00490084B
:10B5E800A804900AB004900CB804900ED804D006B1
:10B5F800E004D008E804D00AF004D00CF804D00E17
:10B6080018051007200510092805100B3005100D26
:10B618003805100F58055007600550096805500B8C
:10B628007005500D7805500F98059007A0059009F2
:10B63800A805900BB005900DB805900FD805D00758
:10B64800E005D009E805D00BF005D00DF805D00FBE
:10B65800200618082806180A3006180C3806180E8E
:10B66800600658086806580A7006580C7806580E7E
:10B67800A0069808A806980AB006980CB806980E6E
:10B68800E006D808E806D80AF006D80CF806D80E5E
:10B69800200718092807180B3007180D3807180F46
:10B6A800600758096807580B7007580D7807580F36
:10B6B800A0079809A807980BB007980DB807980F26
:10B6C800E007D809E807D80BF007D80DF807D80F16
:10B6D8002808200A3008200C3808200E6808600A5C
:10B6E8007008600C7808600EA808A00AB008A00CC2
:10B6F800B808A00EE808E00AF008E00CF808E00E28
:10B708002809200B3009200D3809200F6809600B23
:10B718007009600D7809600FA809A00BB009A00D89
:10B72800B809A00FE809E00BF009E00DF809E00FEF
:10B73800300A280C380A280E700A680C780A680E35
:10B74800B00AA80CB80AA80EF00AE80CF80AE80E25
:10B75800300B280D380B280F700B680D780B680F0D
:10B76800B00BA80DB80BA80FF00BE80DF80BE80FFD
:10B77800380C300E780C700EB80CB00EF80CF00EB9
:10B78800380D300F780D700FB80DB00FF80DF00FA1
:10B798000000803F00000000C4FE7F3F890FC93BC6
:10B7A80011FB7F3F900E493CE6F47F3FB6C9963CBB
:10B7B80043EC7F3FB00AC93C29E17F3FB949FB3CD4
:10B7C80098D37F3F2CC3163D8FC37F3F07E02F3DA3
:10B7D8000FB17F3F2FFB483D189C7F3F6814623DA7
:10B7E800AB847F3F742B7B3DC76A7F3F0A208A3D2D
:10B7F8006D4E7F3F05A9963D9D2F7F3F8C30A33D21
:10B80800580E7F3F80B6AF3D9DEA7E3FC33ABC3DB0
:10B818006DC47E3F36BDC83DC99B7E3FB93DD53D11
:10B82800B0707E3F2EBCE13D23437E3F7638EE3D2F
:10B8380024137E3F73B2FA3DB1E07D3F0295033E8B
:10B84800CCAB7D3F86CF093E74747D3FB708103E70
:10B85800AC3A7D3F8340163E73FE7C3FDE761C3E4D
:10B86800C9BF7C3FB6AB223EB07E7C3FFCDE283EA3
:10B87800283B7C3FA2102F3E31F57B3F9840353E58
:10B88800CDAC7B3FCF6E3B3EFC617B3F379B413E5F
:10B89800BE147B3FC2C5473E16C57A3F60EE4D3E9B
:10B8A80002737A3F0115543E841E7A3F97395A3EF7
:10B8B8009DC7793F135C603E4E6E793F667C663E5D
:10B8C8009812793F7F9A6C3E7BB4783F51B6723EAE
:10B8D800F853783FCCCF783E10F1773FE1E67E3ED3
:10B8E800C58B773FC07D823E1724773FCE86853E45
:10B8F80007BA763F938E883E974D763F07958B3EE5
:10B90800C6DE753F229A8E3E976D753FDD9D913E4E
:10B918000BFA743F31A0943E2284743F17A1973EDE
:10B92800DD0B743F86A09A3E3F91733F789E9D3E03
:10B938004714733FE59AA03EF894723FC595A33E1D
:10B948005213723F128FA63E578F713FC486A93E8D
:10B958000809713FD47CAC3E6680703F3A71AF3EB7
:10B9680073F56F3FEF63B23E30686F3FEC54B53EFE
:10B978009ED86E3F2A44B83EBE466E3FA031BB3EBD
:10B9880093B26D3F4A1DBE3E1D1C6D3F1E07C13E52
:10B998005E836C3F15EFC33E58E86B3F29D5C63E22
:10B9A8000C4B6B3F53B9C93E7BAB6A3F8B9BCC3E7C
:10B9B800A7096A3FCA7BCF3E9165693F095AD23EC3
:10B9C8003CBF683F4136D53EA816683F6B10D83E4D
:10B9D800D86B673F80E8DA3ECCBE663F79BEDD3E75
:10B9E800880F663F4F92E03E0B5E653FFA63E33E89
:10B9F80059AA643F7533E63E73F4633FB700E93EE6
:10BA08005A3C633FBBCBEB3E1082623F7994EE3EDB
:10BA180098C5613FEA5AF13EF206613F071FF43EBE
:10BA28002146603FCBE0F63E27835F3F2DA0F93EDD
:10BA380005BE5E3F275DFC3EBEF65D3FB217FF3E8A
:10BA4800532D5D3FE4E7003FC7615C3FB142023FD1
:10BA58001A945B3F3D9C033F50C45A3F84F4043F13
:10BA68006AF2593F824B063F6A1E593F36A1073F8B
:10BA78005348583F9BF5083F2670573FAD480A3F4B
:10BA8800E595563F6B9A0B3F93B9553FD0EA0C3F6B
:10BA980031DB543FDA390E3FC3FA533F84870F3FF7
:10BAA8004918533FCDD3103FC633523FB01E123F03
:10BAB8003D4D513F2A68133FAF64503F39B0143FA2
:10BAC8001F7A4F3FD9F6153F908D4E3F073C173FE1
:10BAD800029F4D3FC07F183F79AE4C3F00C2193FCF
:10BAE800F8BB4B3FC6021B3F7FC74A3F0C421C3F77
:10BAF80012D1493FD17F1D3FB3D8483F12BC1E3FEA
:10BB080065DE473FCBF61F3F2AE2463FF92F213F2C
:10BB180003E4453F9967223FF5E3443FA99D233F4E
:10BB280000E2433F25D2243F29DE423F0A05263F53
:10BB380070D8413F5636273FDAD0403F0566283F48
:10BB480067C73F3F1594293F1BBC3E3F82C02A3F31
:10BB5800F9AE3D3F4AEB2B3F03A03C3F69142D3F14
:10BB68003B8F3B3FDE3B2E3FA47C3A3FA5612F3FF6
:10BB78004268393FBB85303F1652383F1DA8313FD8
:10BB8800233A373FC9C8323F6C20363FBCE7333FC2
:10BB9800F304353FF304353FBCE7333F6C20363FB1
:10BBA800C9C8323F233A373F1DA8313F1652383FA4
:10BBB800BB85303F4268393FA5612F3FA47C3A3F9F
:10BBC800DE3B2E3F3B8F3B3F69142D3F03A03C3F9C
:10BBD8004AEB2B3FF9AE3D3F82C02A3F1BBC3E3F9C
:10BBE8001594293F67C73F3F0566283FDAD0403F95
:10BBF8005636273F70D8413F0A05263F29DE423F87
:10BC080025D2243F00E2433FA99D233FF5E3443F6B
:10BC18009967223F03E4453FF92F213F2AE2463F37
:10BC2800CBF61F3F65DE473F12BC1E3FB3D8483FE7
:10BC3800D17F1D3F12D1493F0C421C3F7FC74A3F6D
:10BC4800C6021B3FF8BB4B3F00C2193F79AE4C3FC1
:10BC5800C07F183F029F4D3F073C173F908D4E3FD6
:10BC6800D9F6153F1F7A4F3F39B0143FAF64503FA4
:10BC78002A68133F3D4D513FB01E123FC633523F15
:10BC8800CDD3103F4918533F84870F3FC3FA533F22
:10BC9800DA390E3F31DB543FD0EA0C3F93B9553FB8
:10BCA8006B9A0B3FE595563FAD480A3F2670573FC4
:10BCB8009BF5083F5348583F36A1073F6A1E593F36
:10BCC800824B063F6AF2593F84F4043F50C45A3FFE
:10BCD8003D9C033F1A945B3FB142023FC7615C3F02
:10BCE800E4E7003F532D5D3FB217FF3EBEF65D3FD0
:10BCF800275DFC3E05BE5E3F2DA0F93E27835F3FD2
:10BD0800CBE0F63E2146603F071FF43EF206613F56
:10BD1800EA5AF13E98C5613F7994EE3E1082623F3F
:10BD2800BBCBEB3E5A3C633FB700E93E73F4633F3D
:10BD38007533E63E59AA643FFA63E33E0B5E653FFE
:10BD48004F92E03E880F663F79BEDD3ECCBE663F2F
:10BD580080E8DA3ED86B673F6B10D83EA816683F7C
:10BD68004136D53E3CBF683F095AD23E9165693F8E
:10BD7800CA7BCF3EA7096A3F8B9BCC3E7BAB6A3F11
:10BD880053B9C93E0C4B6B3F29D5C63E58E86B3FAB
:10BD980015EFC33E5E836C3F1E07C13E1D1C6D3F01
:10BDA8004A1DBE3E93B26D3FA031BB3EBE466E3FBC
:10BDB8002A44B83E9ED86E3FEC54B53E30686F3F7B
:10BDC800EF63B23E73F56F3F3A71AF3E6680703FE6
:10BDD800D47CAC3E0809713FC486A93E578F713F99
:10BDE800128FA63E5213723FC595A33EF894723F38
:10BDF800E59AA03E4714733F789E9D3E3F91733F5E
:10BE080086A09A3EDD0B743F17A1973E2284743FAB
:10BE180031A0943E0BFA743FDD9D913E976D753FBE
:10BE2800229A8E3EC6DE753F07958B3E974D763F2C
:10BE3800938E883E07BA763FCE86853E1724773F95
:10BE4800C07D823EC58B773FE1E67E3E10F1773FAD
:10BE5800CCCF783EF853783F51B6723E7BB4783FEA
:10BE68007F9A6C3E9812793F667C663E4E6E793FAB
:10BE7800135C603E9DC7793F97395A3E841E7A3FCE
:10BE88000115543E02737A3F60EE4D3E16C57A3F67
:10BE9800C2C5473EBE147B3F379B413EFC617B3F9A
:10BEA800CF6E3B3ECDAC7B3F9840353E31F57B3F76
:10BEB800A2102F3E283B7C3FFCDE283EB07E7C3F14
:10BEC800B6AB223EC9BF7C3FDE761C3E73FE7C3F8C
:10BED8008340163EAC3A7D3FB708103E74747D3FF0
:10BEE80086CF093ECCAB7D3F0295033EB1E07D3F56
:10BEF80073B2FA3D24137E3F7638EE3D23437E3FEE
:10BF08002EBCE13DB0707E3FB93DD53DC99B7E3F1B
:10BF180036BDC83D6DC47E3FC33ABC3D9DEA7E3FF9
:10BF280080B6AF3D580E7F3F8C30A33D9D2F7F3F9D
:10BF380005A9963D6D4E7F3F0A208A3DC76A7F3F1F
:10BF4800742B7B3DAB847F3F6814623D189C7F3F18
:10BF58002FFB483D0FB17F3F07E02F3D8FC37F3F49
:10BF68002CC3163D98D37F3FB949FB3C29E17F3F5D
:10BF7800B00AC93C43EC7F3FB6C9963CE6F47F3F24
:10BF8800900E493C11FB7F3F890FC93BC4FE7F3FA0
:10BF9800000000000000803F890FC9BBC4FE7F3F3E
:10BFA800900E49BC11FB7F3FB6C996BCE6F47F3FB3
:10BFB800B00AC9BC43EC7F3FB949FBBC29E17F3FCC
:10BFC8002CC316BD98D37F3F07E02FBD8FC37F3F9B
:10BFD8002FFB48BD0FB17F3F681462BD189C7F3F9F
:10BFE800742B7BBDAB847F3F0A208ABDC76A7F3F25
:10BFF80005A996BD6D4E7F3F8C30A3BD9D2F7F3F19
:10C0080080B6AFBD580E7F3FC33ABCBD9DEA7E3FA8
:10C0180036BDC8BD6DC47E3FB93DD5BDC99B7E3F09
:10C028002EBCE1BDB0707E3F7638EEBD23437E3F27
:10C0380073B2FABD24137E3F029503BEB1E07D3F83
:10C0480086CF09BECCAB7D3FB70810BE74747D3F68
:10C05800834016BEAC3A7D3FDE761CBE73FE7C3F45
:10C06800B6AB22BEC9BF7C3FFCDE28BEB07E7C3F9B
:10C07800A2102FBE283B7C3F984035BE31F57B3F50
:10C08800CF6E3BBECDAC7B3F379B41BEFC617B3F57
:10C09800C2C547BEBE147B3F60EE4DBE16C57A3F93
:10C0A800011554BE02737A3F97395ABE841E7A3FEF
:10C0B800135C60BE9DC7793F667C66BE4E6E793F55
:10C0C8007F9A6CBE9812793F51B672BE7BB4783FA6
:10C0D800CCCF78BEF853783FE1E67EBE10F1773FCB
:10C0E800C07D82BEC58B773FCE8685BE1724773F3D
:10C0F800938E88BE07BA763F07958BBE974D763FDD
:10C10800229A8EBEC6DE753FDD9D91BE976D753F46
:10C1180031A094BE0BFA743F17A197BE2284743FD6
:10C1280086A09ABEDD0B743F789E9DBE3F91733FFB
:10C13800E59AA0BE4714733FC595A3BEF894723F15
:10C14800128FA6BE5213723FC486A9BE578F713F85
:10C15800D47CACBE0809713F3A71AFBE6680703FAF
:10C16800EF63B2BE73F56F3FEC54B5BE30686F3FF6
:10C178002A44B8BE9ED86E3FA031BBBEBE466E3FB5
:10C188004A1DBEBE93B26D3F1E07C1BE1D1C6D3F4A
:10C1980015EFC3BE5E836C3F29D5C6BE58E86B3F1A
:10C1A80053B9C9BE0C4B6B3F8B9BCCBE7BAB6A3F74
:10C1B800CA7BCFBEA7096A3F095AD2BE9165693FBB
:10C1C8004136D5BE3CBF683F6B10D8BEA816683F45
:10C1D80080E8DABED86B673F79BEDDBECCBE663F6D
:10C1E8004F92E0BE880F663FFA63E3BE0B5E653F81
:10C1F8007533E6BE59AA643FB700E9BE73F4633FDE
:10C20800BBCBEBBE5A3C633F7994EEBE1082623FD3
:10C21800EA5AF1BE98C5613F071FF4BEF206613FB6
:10C22800CBE0F6BE2146603F2DA0F9BE27835F3FD5
:10C23800275DFCBE05BE5E3FB217FFBEBEF65D3F82
:10C24800E4E700BF532D5D3FB14202BFC7615C3FC9
:10C258003D9C03BF1A945B3F84F404BF50C45A3F0B
:10C26800824B06BF6AF2593F36A107BF6A1E593F83
:10C278009BF508BF5348583FAD480ABF2670573F43
:10C288006B9A0BBFE595563FD0EA0CBF93B9553F63
:10C29800DA390EBF31DB543F84870FBFC3FA533FEF
:10C2A800CDD310BF4918533FB01E12BFC633523FFB
:10C2B8002A6813BF3D4D513F39B014BFAF64503F9A
:10C2C800D9F615BF1F7A4F3F073C17BF908D4E3FD9
:10C2D800C07F18BF029F4D3F00C219BF79AE4C3FC7
:10C2E800C6021BBFF8BB4B3F0C421CBF7FC74A3F6F
:10C2F800D17F1DBF12D1493F12BC1EBFB3D8483FE2
:10C30800CBF61FBF65DE473FF92F21BF2AE2463F24
:10C31800996722BF03E4453FA99D23BFF5E3443F46
:10C3280025D224BF00E2433F0A0526BF29DE423F4B
:10C33800563627BF70D8413F056628BFDAD0403F40
:10C34800159429BF67C73F3F82C02ABF1BBC3E3F29
:10C358004AEB2BBFF9AE3D3F69142DBF03A03C3F0C
:10C36800DE3B2EBF3B8F3B3FA5612FBFA47C3A3FEE
:10C37800BB8530BF4268393F1DA831BF1652383FD0
:10C38800C9C832BF233A373FBCE733BF6C20363FBA
:10C39800F30435BFF304353F6C2036BFBCE7333FA9
:10C3A800233A37BFC9C8323F165238BF1DA8313F9C
:10C3B800426839BFBB85303FA47C3ABFA5612F3F97
:10C3C8003B8F3BBFDE3B2E3F03A03CBF69142D3F94
:10C3D800F9AE3DBF4AEB2B3F1BBC3EBF82C02A3F94
:10C3E80067C73FBF1594293FDAD040BF0566283F8D
:10C3F80070D841BF5636273F29DE42BF0A05263F7F
:10C4080000E243BF25D2243FF5E344BFA99D233F63
:10C4180003E445BF9967223F2AE246BFF92F213F2F
:10C4280065DE47BFCBF61F3FB3D848BF12BC1E3FDF
:10C4380012D149BFD17F1D3F7FC74ABF0C421C3F65
:10C44800F8BB4BBFC6021B3F79AE4CBF00C2193FB9
:10C45800029F4DBFC07F183F908D4EBF073C173FCE
:10C468001F7A4FBFD9F6153FAF6450BF39B0143F9C
:10C478003D4D51BF2A68133FC63352BFB01E123F0D
:10C48800491853BFCDD3103FC3FA53BF84870F3F1A
:10C4980031DB54BFDA390E3F93B955BFD0EA0C3FB0
:10C4A800E59556BF6B9A0B3F267057BFAD480A3FBC
:10C4B800534858BF9BF5083F6A1E59BF36A1073F2E
:10C4C8006AF259BF824B063F50C45ABF84F4043FF6
:10C4D8001A945BBF3D9C033FC7615CBFB142023FFA
:10C4E800532D5DBFE4E7003FBEF65DBFB217FF3EC8
:10C4F80005BE5EBF275DFC3E27835FBF2DA0F93ECA
:10C50800214660BFCBE0F63EF20661BF071FF43E4E
:10C5180098C561BFEA5AF13E108262BF7994EE3E37
:10C528005A3C63BFBBCBEB3E73F463BFB700E93E35
:10C5380059AA64BF7533E63E0B5E65BFFA63E33EF6
:10C54800880F66BF4F92E03ECCBE66BF79BEDD3E27
:10C55800D86B67BF80E8DA3EA81668BF6B10D83E74
:10C568003CBF68BF4136D53E916569BF095AD23E86
:10C57800A7096ABFCA7BCF3E7BAB6ABF8B9BCC3E09
:10C588000C4B6BBF53B9C93E58E86BBF29D5C63EA3
:10C598005E836CBF15EFC33E1D1C6DBF1E07C13EF9
:10C5A80093B26DBF4A1DBE3EBE466EBFA031BB3EB4
:10C5B8009ED86EBF2A44B83E30686FBFEC54B53E73
:10C5C80073F56FBFEF63B23E668070BF3A71AF3EDE
:10C5D800080971BFD47CAC3E578F71BFC486A93E91
:10C5E800521372BF128FA63EF89472BFC595A33E30
:10C5F800471473BFE59AA03E3F9173BF789E9D3E56
:10C60800DD0B74BF86A09A3E228474BF17A1973EA3
:10C618000BFA74BF31A0943E976D75BFDD9D913EB6
:10C62800C6DE75BF229A8E3E974D76BF07958B3E24
:10C6380007BA76BF938E883E172477BFCE86853E8D
:10C64800C58B77BFC07D823E10F177BFE1E67E3EA5
:10C65800F85378BFCCCF783E7BB478BF51B6723EE2
:10C66800981279BF7F9A6C3E4E6E79BF667C663EA3
:10C678009DC779BF135C603E841E7ABF97395A3EC6
:10C6880002737ABF0115543E16C57ABF60EE4D3E5F
:10C69800BE147BBFC2C5473EFC617BBF379B413E92
:10C6A800CDAC7BBFCF6E3B3E31F57BBF9840353E6E
:10C6B800283B7CBFA2102F3EB07E7CBFFCDE283E0C
:10C6C800C9BF7CBFB6AB223E73FE7CBFDE761C3E84
:10C6D800AC3A7DBF8340163E74747DBFB708103EE8
:10C6E800CCAB7DBF86CF093EB1E07DBF0295033E4E
:10C6F80024137EBF73B2FA3D23437EBF7638EE3DE6
:10C70800B0707EBF2EBCE13DC99B7EBFB93DD53D13
:10C718006DC47EBF36BDC83D9DEA7EBFC33ABC3DF1
:10C72800580E7FBF80B6AF3D9D2F7FBF8C30A33D95
:10C738006D4E7FBF05A9963DC76A7FBF0A208A3D17
:10C74800AB847FBF742B7B3D189C7FBF6814623D10
:10C758000FB17FBF2FFB483D8FC37FBF07E02F3D41
:10C7680098D37FBF2CC3163D29E17FBFB949FB3C55
:10C7780043EC7FBFB00AC93CE6F47FBFB6C9963C1C
:10C7880011FB7FBF900E493CC4FE7FBF890FC93B98
:10C79800000080BF00000000C4FE7FBF890FC9BB36
:10C7A80011FB7FBF900E49BCE6F47FBFB6C996BCAB
:10C7B80043EC7FBFB00AC9BC29E17FBFB949FBBCC4
:10C7C80098D37FBF2CC316BD8FC37FBF07E02FBD93
:10C7D8000FB17FBF2FFB48BD189C7FBF681462BD97
:10C7E800AB847FBF742B7BBDC76A7FBF0A208ABD1D
:10C7F8006D4E7FBF05A996BD9D2F7FBF8C30A3BD11
:10C80800580E7FBF80B6AFBD9DEA7EBFC33ABCBDA0
:10C818006DC47EBF36BDC8BDC99B7EBFB93DD5BD01
:10C82800B0707EBF2EBCE1BD23437EBF7638EEBD1F
:10C8380024137EBF73B2FABDB1E07DBF029503BE7B
:10C84800CCAB7DBF86CF09BE74747DBFB70810BE60
:10C85800AC3A7DBF834016BE73FE7CBFDE761CBE3D
:10C86800C9BF7CBFB6AB22BEB07E7CBFFCDE28BE93
:10C87800283B7CBFA2102FBE31F57BBF984035BE48
:10C88800CDAC7BBFCF6E3BBEFC617BBF379B41BE4F
:10C89800BE147BBFC2C547BE16C57ABF60EE4DBE8B
:10C8A80002737ABF011554BE841E7ABF97395ABEE7
:10C8B8009DC779BF135C60BE4E6E79BF667C66BE4D
:10C8C800981279BF7F9A6CBE7BB478BF51B672BE9E
:10C8D800F85378BFCCCF78BE10F177BFE1E67EBEC3
:10C8E800C58B77BFC07D82BE172477BFCE8685BE35
:10C8F80007BA76BF938E88BE974D76BF07958BBED5
:10C90800C6DE75BF229A8EBE976D75BFDD9D91BE3E
:10C918000BFA74BF31A094BE228474BF17A197BECE
:10C92800DD0B74BF86A09ABE3F9173BF789E9DBEF3
:10C93800471473BFE59AA0BEF89472BFC595A3BE0D
:10C94800521372BF128FA6BE578F71BFC486A9BE7D
:10C95800080971BFD47CACBE668070BF3A71AFBEA7
:10C9680073F56FBFEF63B2BE30686FBFEC54B5BEEE
:10C978009ED86EBF2A44B8BEBE466EBFA031BBBEAD
:10C9880093B26DBF4A1DBEBE1D1C6DBF1E07C1BE42
:10C998005E836CBF15EFC3BE58E86BBF29D5C6BE12
:10C9A8000C4B6BBF53B9C9BE7BAB6ABF8B9BCCBE6C
:10C9B800A7096ABFCA7BCFBE916569BF095AD2BEB3
:10C9C8003CBF68BF4136D5BEA81668BF6B10D8BE3D
:10C9D800D86B67BF80E8DABECCBE66BF79BEDDBE65
:10C9E800880F66BF4F92E0BE0B5E65BFFA63E3BE79
:10C9F80059AA64BF7533E6BE73F463BFB700E9BED6
:10CA08005A3C63BFBBCBEBBE108262BF7994EEBECB
:10CA180098C561BFEA5AF1BEF20661BF071FF4BEAE
:10CA2800214660BFCBE0F6BE27835FBF2DA0F9BECD
:10CA380005BE5EBF275DFCBEBEF65DBFB217FFBE7A
:10CA4800532D5DBFE4E700BFC7615CBFB14202BFC1
:10CA58001A945BBF3D9C03BF50C45ABF84F404BF03
:10CA68006AF259BF824B06BF6A1E59BF36A107BF7B
:10CA7800534858BF9BF508BF267057BFAD480ABF3B
:10CA8800E59556BF6B9A0BBF93B955BFD0EA0CBF5B
:10CA980031DB54BFDA390EBFC3FA53BF84870FBFE7
:10CAA800491853BFCDD310BFC63352BFB01E12BFF3
:10CAB8003D4D51BF2A6813BFAF6450BF39B014BF92
:10CAC8001F7A4FBFD9F615BF908D4EBF073C17BFD1
:10CAD800029F4DBFC07F18BF79AE4CBF00C219BFBF
:10CAE800F8BB4BBFC6021BBF7FC74ABF0C421CBF67
:10CAF80012D149BFD17F1DBFB3D848BF12BC1EBFDA
:10CB080065DE47BFCBF61FBF2AE246BFF92F21BF1C
:10CB180003E445BF996722BFF5E344BFA99D23BF3E
:10CB280000E243BF25D224BF29DE42BF0A0526BF43
:10CB380070D841BF563627BFDAD040BF056628BF38
:10CB480067C73FBF159429BF1BBC3EBF82C02ABF21
:10CB5800F9AE3DBF4AEB2BBF03A03CBF69142DBF04
:10CB68003B8F3BBFDE3B2EBFA47C3ABFA5612FBFE6
:10CB7800426839BFBB8530BF165238BF1DA831BFC8
:10CB8800233A37BFC9C832BF6C2036BFBCE733BFB2
:10CB9800F30435BFF30435BFBCE733BF6C2036BFA1
:10CBA800C9C832BF233A37BF1DA831BF165238BF94
:10CBB800BB8530BF426839BFA5612FBFA47C3ABF8F
:10CBC800DE3B2EBF3B8F3BBF69142DBF03A03CBF8C
:10CBD8004AEB2BBFF9AE3DBF82C02ABF1BBC3EBF8C
:10CBE800159429BF67C73FBF056628BFDAD040BF85
:10CBF800563627BF70D841BF0A0526BF29DE42BF77
:10CC080025D224BF00E243BFA99D23BFF5E344BF5B
:10CC1800996722BF03E445BFF92F21BF2AE246BF27
:10CC2800CBF61FBF65DE47BF12BC1EBFB3D848BFD7
:10CC3800D17F1DBF12D149BF0C421CBF7FC74ABF5D
:10CC4800C6021BBFF8BB4BBF00C219BF79AE4CBFB1
:10CC5800C07F18BF029F4DBF073C17BF908D4EBFC6
:10CC6800D9F615BF1F7A4FBF39B014BFAF6450BF94
:10CC78002A6813BF3D4D51BFB01E12BFC63352BF05
:10CC8800CDD310BF491853BF84870FBFC3FA53BF12
:10CC9800DA390EBF31DB54BFD0EA0CBF93B955BFA8
:10CCA8006B9A0BBFE59556BFAD480ABF267057BFB4
:10CCB8009BF508BF534858BF36A107BF6A1E59BF26
:10CCC800824B06BF6AF259BF84F404BF50C45ABFEE
:10CCD8003D9C03BF1A945BBFB14202BFC7615CBFF2
:10CCE800E4E700BF532D5DBFB217FFBEBEF65DBFC0
:10CCF800275DFCBE05BE5EBF2DA0F9BE27835FBFC2
:10CD0800CBE0F6BE214660BF071FF4BEF20661BF46
:10CD1800EA5AF1BE98C561BF7994EEBE108262BF2F
:10CD2800BBCBEBBE5A3C63BFB700E9BE73F463BF2D
:10CD38007533E6BE59AA64BFFA63E3BE0B5E65BFEE
:10CD48004F92E0BE880F66BF79BEDDBECCBE66BF1F
:10CD580080E8DABED86B67BF6B10D8BEA81668BF6C
:10CD68004136D5BE3CBF68BF095AD2BE916569BF7E
:10CD7800CA7BCFBEA7096ABF8B9BCCBE7BAB6ABF01
:10CD880053B9C9BE0C4B6BBF29D5C6BE58E86BBF9B
:10CD980015EFC3BE5E836CBF1E07C1BE1D1C6DBFF1
:10CDA8004A1DBEBE93B26DBFA031BBBEBE466EBFAC
:10CDB8002A44B8BE9ED86EBFEC54B5BE30686FBF6B
:10CDC800EF63B2BE73F56FBF3A71AFBE668070BFD6
:10CDD800D47CACBE080971BFC486A9BE578F71BF89
:10CDE800128FA6BE521372BFC595A3BEF89472BF28
:10CDF800E59AA0BE471473BF789E9DBE3F9173BF4E
:10CE080086A09ABEDD0B74BF17A197BE228474BF9B
:10CE180031A094BE0BFA74BFDD9D91BE976D75BFAE
:10CE2800229A8EBEC6DE75BF07958BBE974D76BF1C
:10CE3800938E88BE07BA76BFCE8685BE172477BF85
:10CE4800C07D82BEC58B77BFE1E67EBE10F177BF9D
:10CE5800CCCF78BEF85378BF51B672BE7BB478BFDA
:10CE68007F9A6CBE981279BF667C66BE4E6E79BF9B
:10CE7800135C60BE9DC779BF97395ABE841E7ABFBE
:10CE8800011554BE02737ABF60EE4DBE16C57ABF57
:10CE9800C2C547BEBE147BBF379B41BEFC617BBF8A
:10CEA800CF6E3BBECDAC7BBF984035BE31F57BBF66
:10CEB800A2102FBE283B7CBFFCDE28BEB07E7CBF04
:10CEC800B6AB22BEC9BF7CBFDE761CBE73FE7CBF7C
:10CED800834016BEAC3A7DBFB70810BE74747DBFE0
:10CEE80086CF09BECCAB7DBF029503BEB1E07DBF46
:10CEF80073B2FABD24137EBF7638EEBD23437EBFDE
:10CF08002EBCE1BDB0707EBFB93DD5BDC99B7EBF0B
:10CF180036BDC8BD6DC47EBFC33ABCBD9DEA7EBFE9
:10CF280080B6AFBD580E7FBF8C30A3BD9D2F7FBF8D
:10CF380005A996BD6D4E7FBF0A208ABDC76A7FBF0F
:10CF4800742B7BBDAB847FBF681462BD189C7FBF08
:10CF58002FFB48BD0FB17FBF07E02FBD8FC37FBF39
:10CF68002CC316BD98D37FBFB949FBBC29E17FBF4D
:10CF7800B00AC9BC43EC7FBFB6C996BCE6F47FBF14
:10CF8800900E49BC11FB7FBF890FC9BBC4FE7FBF90
:10CF980000000080000080BF890FC93BC4FE7FBF2E
:10CFA800900E493C11FB7FBFB6C9963CE6F47FBFA3
:10CFB800B00AC93C43EC7FBFB949FB3C29E17FBFBC
:10CFC8002CC3163D98D37FBF07E02F3D8FC37FBF8B
:10CFD8002FFB483D0FB17FBF6814623D189C7FBF8F
:10CFE800742B7B3DAB847FBF0A208A3DC76A7FBF15
:10CFF80005A9963D6D4E7FBF8C30A33D9D2F7FBF09
:10D0080080B6AF3D580E7FBFC33ABC3D9DEA7EBF98
:10D0180036BDC83D6DC47EBFB93DD53DC99B7EBFF9
:10D028002EBCE13DB0707EBF7638EE3D23437EBF17
:10D0380073B2FA3D24137EBF0295033EB1E07DBF73
:10D0480086CF093ECCAB7DBFB708103E74747DBF58
:10D058008340163EAC3A7DBFDE761C3E73FE7CBF35
:10D06800B6AB223EC9BF7CBFFCDE283EB07E7CBF8B
:10D07800A2102F3E283B7CBF9840353E31F57BBF40
:10D08800CF6E3B3ECDAC7BBF379B413EFC617BBF47
:10D09800C2C5473EBE147BBF60EE4D3E16C57ABF83
:10D0A8000115543E02737ABF97395A3E841E7ABFDF
:10D0B800135C603E9DC779BF667C663E4E6E79BF45
:10D0C8007F9A6C3E981279BF51B6723E7BB478BF96
:10D0D800CCCF783EF85378BFE1E67E3E10F177BFBB
:10D0E800C07D823EC58B77BFCE86853E172477BF2D
:10D0F800938E883E07BA76BF07958B3E974D76BFCD
:10D10800229A8E3EC6DE75BFDD9D913E976D75BF36
:10D1180031A0943E0BFA74BF17A1973E228474BFC6
:10D1280086A09A3EDD0B74BF789E9D3E3F9173BFEB
:10D13800E59AA03E471473BFC595A33EF89472BF05
:10D14800128FA63E521372BFC486A93E578F71BF75
:10D15800D47CAC3E080971BF3A71AF3E668070BF9F
:10D16800EF63B23E73F56FBFEC54B53E30686FBFE6
:10D178002A44B83E9ED86EBFA031BB3EBE466EBFA5
:10D188004A1DBE3E93B26DBF1E07C13E1D1C6DBF3A
:10D1980015EFC33E5E836CBF29D5C63E58E86BBF0A
:10D1A80053B9C93E0C4B6BBF8B9BCC3E7BAB6ABF64
:10D1B800CA7BCF3EA7096ABF095AD23E916569BFAB
:10D1C8004136D53E3CBF68BF6B10D83EA81668BF35
:10D1D80080E8DA3ED86B67BF79BEDD3ECCBE66BF5D
:10D1E8004F92E03E880F66BFFA63E33E0B5E65BF71
:10D1F8007533E63E59AA64BFB700E93E73F463BFCE
:10D20800BBCBEB3E5A3C63BF7994EE3E108262BFC3
:10D21800EA5AF13E98C561BF071FF43EF20661BFA6
:10D22800CBE0F63E214660BF2DA0F93E27835FBFC5
:10D23800275DFC3E05BE5EBFB217FF3EBEF65DBF72
:10D24800E4E7003F532D5DBFB142023FC7615CBFB9
:10D258003D9C033F1A945BBF84F4043F50C45ABFFB
:10D26800824B063F6AF259BF36A1073F6A1E59BF73
:10D278009BF5083F534858BFAD480A3F267057BF33
:10D288006B9A0B3FE59556BFD0EA0C3F93B955BF53
:10D29800DA390E3F31DB54BF84870F3FC3FA53BFDF
:10D2A800CDD3103F491853BFB01E123FC63352BFEB
:10D2B8002A68133F3D4D51BF39B0143FAF6450BF8A
:10D2C800D9F6153F1F7A4FBF073C173F908D4EBFC9
:10D2D800C07F183F029F4DBF00C2193F79AE4CBFB7
:10D2E800C6021B3FF8BB4BBF0C421C3F7FC74ABF5F
:10D2F800D17F1D3F12D149BF12BC1E3FB3D848BFD2
:10D30800CBF61F3F65DE47BFF92F213F2AE246BF14
:10D318009967223F03E445BFA99D233FF5E344BF36
:10D3280025D2243F00E243BF0A05263F29DE42BF3B
:10D338005636273F70D841BF0566283FDAD040BF30
:10D348001594293F67C73FBF82C02A3F1BBC3EBF19
:10D358004AEB2B3FF9AE3DBF69142D3F03A03CBFFC
:10D36800DE3B2E3F3B8F3BBFA5612F3FA47C3ABFDE
:10D37800BB85303F426839BF1DA8313F165238BFC0
:10D38800C9C8323F233A37BFBCE7333F6C2036BFAA
:10D39800F304353FF30435BF6C20363FBCE733BF99
:10D3A800233A373FC9C832BF1652383F1DA831BF8C
:10D3B8004268393FBB8530BFA47C3A3FA5612FBF87
:10D3C8003B8F3B3FDE3B2EBF03A03C3F69142DBF84
:10D3D800F9AE3D3F4AEB2BBF1BBC3E3F82C02ABF84
:10D3E80067C73F3F159429BFDAD0403F056628BF7D
:10D3F80070D8413F563627BF29DE423F0A0526BF6F
:10D4080000E2433F25D224BFF5E3443FA99D23BF53
:10D4180003E4453F996722BF2AE2463FF92F21BF1F
:10D4280065DE473FCBF61FBFB3D8483F12BC1EBFCF
:10D4380012D1493FD17F1DBF7FC74A3F0C421CBF55
:10D44800F8BB4B3FC6021BBF79AE4C3F00C219BFA9
:10D45800029F4D3FC07F18BF908D4E3F073C17BFBE
:10D468001F7A4F3FD9F615BFAF64503F39B014BF8C
:10D478003D4D513F2A6813BFC633523FB01E12BFFD
:10D488004918533FCDD310BFC3FA533F84870FBF0A
:10D4980031DB543FDA390EBF93B9553FD0EA0CBFA0
:10D4A800E595563F6B9A0BBF2670573FAD480ABFAC
:10D4B8005348583F9BF508BF6A1E593F36A107BF1E
:10D4C8006AF2593F824B06BF50C45A3F84F404BFE6
:10D4D8001A945B3F3D9C03BFC7615C3FB14202BFEA
:10D4E800532D5D3FE4E700BFBEF65D3FB217FFBEB8
:10D4F80005BE5E3F275DFCBE27835F3F2DA0F9BEBA
:10D508002146603FCBE0F6BEF206613F071FF4BE3E
:10D5180098C5613FEA5AF1BE1082623F7994EEBE27
:10D528005A3C633FBBCBEBBE73F4633FB700E9BE25
:10D5380059AA643F7533E6BE0B5E653FFA63E3BEE6
:10D54800880F663F4F92E0BECCBE663F79BEDDBE17
:10D55800D86B673F80E8DABEA816683F6B10D8BE64
:10D568003CBF683F4136D5BE9165693F095AD2BE76
:10D57800A7096A3FCA7BCFBE7BAB6A3F8B9BCCBEF9
:10D588000C4B6B3F53B9C9BE58E86B3F29D5C6BE93
:10D598005E836C3F15EFC3BE1D1C6D3F1E07C1BEE9
:10D5A80093B26D3F4A1DBEBEBE466E3FA031BBBEA4
:10D5B8009ED86E3F2A44B8BE30686F3FEC54B5BE63
:10D5C80073F56F3FEF63B2BE6680703F3A71AFBECE
:10D5D8000809713FD47CACBE578F713FC486A9BE81
:10D5E8005213723F128FA6BEF894723FC595A3BE20
:10D5F8004714733FE59AA0BE3F91733F789E9DBE46
:10D60800DD0B743F86A09ABE2284743F17A197BE93
:10D618000BFA743F31A094BE976D753FDD9D91BEA6
:10D62800C6DE753F229A8EBE974D763F07958BBE14
:10D6380007BA763F938E88BE1724773FCE8685BE7D
:10D64800C58B773FC07D82BE10F1773FE1E67EBE95
:10D65800F853783FCCCF78BE7BB4783F51B672BED2
:10D668009812793F7F9A6CBE4E6E793F667C66BE93
:10D678009DC7793F135C60BE841E7A3F97395ABEB6
:10D6880002737A3F011554BE16C57A3F60EE4DBE4F
:10D69800BE147B3FC2C547BEFC617B3F379B41BE82
:10D6A800CDAC7B3FCF6E3BBE31F57B3F984035BE5E
:10D6B800283B7C3FA2102FBEB07E7C3FFCDE28BEFC
:10D6C800C9BF7C3FB6AB22BE73FE7C3FDE761CBE74
:10D6D800AC3A7D3F834016BE74747D3FB70810BED8
:10D6E800CCAB7D3F86CF09BEB1E07D3F029503BE3E
:10D6F80024137E3F73B2FABD23437E3F7638EEBDD6
:10D70800B0707E3F2EBCE1BDC99B7E3FB93DD5BD03
:10D718006DC47E3F36BDC8BD9DEA7E3FC33ABCBDE1
:10D72800580E7F3F80B6AFBD9D2F7F3F8C30A3BD85
:10D738006D4E7F3F05A996BDC76A7F3F0A208ABD07
:10D74800AB847F3F742B7BBD189C7F3F681462BD00
:10D758000FB17F3F2FFB48BD8FC37F3F07E02FBD31
:10D7680098D37F3F2CC316BD29E17F3FB949FBBC45
:10D7780043EC7F3FB00AC9BCE6F47F3FB6C996BC0C
:10D7880011FB7F3F900E49BCC4FE7F3F890FC9BB88
:10D798000000803F000000000FB17F3F2FFB483D95
:10D7A8006DC47E3F36BDC83DAC3A7D3F8340163ED2
:10D7B800BE147B3FC2C5473EF853783FCCCF783E76
:10D7C8000BFA743F31A0943E0809713FD47CAC3EFB
:10D7D8005E836C3F15EFC33ED86B673F80E8DA3E47
:10D7E80098C5613FEA5AF13E1A945B3F3D9C033F5E
:10D7F80031DB543FDA390E3F029F4D3FC07F183F5F
:10D8080003E4453F9967223FF9AE3D3F4AEB2B3F82
:10D81800F304353FF304353F4AEB2B3FF9AE3D3F68
:10D828009967223F03E4453FC07F183F029F4D3F61
:10D83800DA390E3F31DB543F3D9C033F1A945B3F7E
:10D84800EA5AF13E98C5613F80E8DA3ED86B673FF7
:10D8580015EFC33E5E836C3FD47CAC3E0809713F34
:10D8680031A0943E0BFA743FCCCF783EF853783F02
:10D87800C2C5473EBE147B3F8340163EAC3A7D3F4F
:10D8880036BDC83D6DC47E3F2FFB483D0FB17F3F7D
:10D89800000000000000803F2FFB48BD0FB17F3F14
:10D8A80036BDC8BD6DC47E3F834016BEAC3A7D3FD1
:10D8B800C2C547BEBE147B3FCCCF78BEF853783F75
:10D8C80031A094BE0BFA743FD47CACBE0809713FFA
:10D8D80015EFC3BE5E836C3F80E8DABED86B673F46
:10D8E800EA5AF1BE98C5613F3D9C03BF1A945B3F5D
:10D8F800DA390EBF31DB543FC07F18BF029F4D3F5E
:10D90800996722BF03E4453F4AEB2BBFF9AE3D3F81
:10D91800F30435BFF304353FF9AE3DBF4AEB2B3F67
:10D9280003E445BF9967223F029F4DBFC07F183F60
:10D9380031DB54BFDA390E3F1A945BBF3D9C033F7D
:10D9480098C561BFEA5AF13ED86B67BF80E8DA3EF6
:10D958005E836CBF15EFC33E080971BFD47CAC3E33
:10D968000BFA74BF31A0943EF85378BFCCCF783E01
:10D97800BE147BBFC2C5473EAC3A7DBF8340163E4E
:10D988006DC47EBF36BDC83D0FB17FBF2FFB483D7C
:10D99800000080BF000000000FB17FBF2FFB48BD13
:10D9A8006DC47EBF36BDC8BDAC3A7DBF834016BED0
:10D9B800BE147BBFC2C547BEF85378BFCCCF78BE74
:10D9C8000BFA74BF31A094BE080971BFD47CACBEF9
:10D9D8005E836CBF15EFC3BED86B67BF80E8DABE45
:10D9E80098C561BFEA5AF1BE1A945BBF3D9C03BF5C
:10D9F80031DB54BFDA390EBF029F4DBFC07F18BF5D
:10DA080003E445BF996722BFF9AE3DBF4AEB2BBF80
:10DA1800F30435BFF30435BF4AEB2BBFF9AE3DBF66
:10DA2800996722BF03E445BFC07F18BF029F4DBF5F
:10DA3800DA390EBF31DB54BF3D9C03BF1A945BBF7C
:10DA4800EA5AF1BE98C561BF80E8DABED86B67BFF5
:10DA580015EFC3BE5E836CBFD47CACBE080971BF32
:10DA680031A094BE0BFA74BFCCCF78BEF85378BF00
:10DA7800C2C547BEBE147BBF834016BEAC3A7DBF4D
:10DA880036BDC8BD6DC47EBF2FFB48BD0FB17FBF7B
:10DA980000000080000080BF2FFB483D0FB17FBF12
:10DAA80036BDC83D6DC47EBF8340163EAC3A7DBFCF
:10DAB800C2C5473EBE147BBFCCCF783EF85378BF73
:10DAC80031A0943E0BFA74BFD47CAC3E080971BFF8
:10DAD80015EFC33E5E836CBF80E8DA3ED86B67BF44
:10DAE800EA5AF13E98C561BF3D9C033F1A945BBF5B
:10DAF800DA390E3F31DB54BFC07F183F029F4DBF5C
:10DB08009967223F03E445BF4AEB2B3FF9AE3DBF7F
:10DB1800F304353FF30435BFF9AE3D3F4AEB2BBF65
:10DB280003E4453F996722BF029F4D3FC07F18BF5E
:10DB380031DB543FDA390EBF1A945B3F3D9C03BF7B
:10DB480098C5613FEA5AF1BED86B673F80E8DABEF4
:10DB58005E836C3F15EFC3BE0809713FD47CACBE31
:10DB68000BFA743F31A094BEF853783FCCCF78BEFF
:10DB7800BE147B3FC2C547BEAC3A7D3F834016BE4C
:10DB88006DC47E3F36BDC8BD0FB17F3F2FFB48BD7A
:10DB98000000803F000000005E836C3F15EFC33E2D
:10DBA800F304353FF304353F15EFC33E5E836C3F06
:10DBB800000000000000803F15EFC3BE5E836C3F8D
:10DBC800F30435BFF304353F5E836CBF15EFC33EE6
:10DBD800000080BF000000005E836CBF15EFC3BE6D
:10DBE800F30435BFF30435BF15EFC3BE5E836CBFC6
:10DBF80000000080000080BF15EFC33E5E836CBF4D
:10DC0800F304353FF30435BF5E836C3F15EFC3BEA5
:10DC18000000803F00000000B1FF7F3FC70F493B75
:10DC2800C4FE7F3F890FC93B39FD7F3F59CB163C66
:10DC380011FB7F3F900E493C4AF87F3F4B517B3C9C
:10DC4800E6F47F3FB6C9963CE3F07F3F69EAAF3C14
:10DC580043EC7F3FB00AC93C05E77F3F7B2AE23CA3
:10DC680029E17F3FB949FB3CAFDA7F3F2F340A3DBA
:10DC780098D37F3F2CC3163DE2CB7F3FCC51233D49
:10DC88008FC37F3F07E02F3D9EBA7F3FD56D3C3D58
:10DC98000FB17F3F2FFB483DE3A67F3F0E88553DE0
:10DCA800189C7F3F6814623DB1907F3F38A06E3D5D
:10DCB800AB847F3F742B7B3D08787F3F0ADB833D35
:10DCC800C76A7F3F0A208A3DE95C7F3FB464903D84
:10DCD8006D4E7F3F05A9963D543F7F3FF9EC9C3D33
:10DCE8009D2F7F3F8C30A33D491F7F3FBA73A93DCD
:10DCF800580E7F3F80B6AF3DC9FC7E3FDAF8B53D90
:10DD08009DEA7E3FC33ABC3DD4D77E3F397CC23DB5
:10DD18006DC47E3F36BDC83D69B07E3FB7FDCE3D80
:10DD2800C99B7E3FB93DD53D8B867E3F377DDB3D28
:10DD3800B0707E3F2EBCE13D385A7E3F9AFAE73DEF
:10DD480023437E3F7638EE3D722B7E3FC075F43D0F
:10DD580024137E3F73B2FA3D38FA7D3F4577003E83
:10DD6800B1E07D3F0295033E8CC67D3F6EB2063E14
:10DD7800CCAB7D3F86CF093E6E907D3F4AEC0C3E92
:10DD880074747D3FB708103EDE577D3FCA24133EAA
:10DD9800AC3A7D3F8340163EDD1C7D3FE05B193E7B
:10DDA80073FE7C3FDE761C3E6CDF7C3F7B911F3E22
:10DDB800C9BF7C3FB6AB223E8A9F7C3F8CC5253EBF
:10DDC800B07E7C3FFCDE283E3A5D7C3F04F82B3E6B
:10DDD800283B7C3FA2102F3E7A187C3FD428323E45
:10DDE80031F57B3F9840353E4DD17B3FEC57383E6F
:10DDF800CDAC7B3FCF6E3B3EB2877B3F3E853E3E00
:10DE0800FC617B3F379B413EAB3B7B3FB9B0443E17
:10DE1800BE147B3FC2C5473E37ED7A3F4FDA4A3ED4
:10DE280016C57A3F60EE4D3E599C7A3FF101513E4E
:10DE380002737A3F0115543E10497A3F8F27573EA7
:10DE4800841E7A3F97395A3E5EF3793F1A4B5D3EFE
:10DE58009DC7793F135C603E439B793F836C633E6B
:10DE68004E6E793F667C663EC040793FBA8B693E0C
:10DE78009812793F7F9A6C3ED6E3783FB2A86F3EFE
:10DE88007BB4783F51B6723E8684783F5AC3753E5C
:10DE9800F853783FCCCF783ED122783FA4DB7B3E45
:10DEA80010F1773FE1E67E3EB7BE773FC0F8803E8F
:10DEB800C58B773FC07D823E3A58773F7002843EDB
:10DEC8001724773FCE86853E5BEF763FDA0A873E9A
:10DED80007BA763F938E883E1B84763FF8118A3EB8
:10DEE800974D763F07958B3E7A16763FC0178D3E45
:10DEF800C6DE753F229A8E3E7BA6753F2C1C903E4F
:10DF0800976D753FDD9D913E1D34753F351F933EDE
:10DF18000BFA743F31A0943E62BF743FD220963E04
:10DF28002284743F17A1973E4B48743FFE20993EC8
:10DF3800DD0B743F86A09A3ED9CE733FAF1F9C3E3F
:10DF48003F91733F789E9D3E0E53733FDF1C9F3E6B
:10DF58004714733FE59AA03EEBD4723F8718A23E60
:10DF6800F894723FC595A33E7054723F9F12A53E28
:10DF78005213723F128FA63E9FD1713F1F0BA83ECE
:10DF8800578F713FC486A93E7A4C713F0102AB3E60
:10DF98000809713FD47CAC3E02C5703F3CF7AD3EEA
:10DFA8006680703F3A71AF3E373B703FCBEAB03E78
:10DFB80073F56F3FEF63B23E1BAF6F3FA5DCB33E17
:10DFC80030686F3FEC54B53EB0206F3FC3CCB63ECF
:10DFD8009ED86E3F2A44B83EF88F6E3F1EBBB93EAE
:10DFE800BE466E3FA031BB3EF2FC6D3FAFA7BC3EC4
:10DFF80093B26D3F4A1DBE3EA1676D3F6F92BF3E13
:10E008001D1C6D3F1E07C13E07D06C3F557BC23EAD
:10E018005E836C3F15EFC33E24366C3F5C62C53EA1
:10E0280058E86B3F29D5C63EFB996B3F7C47C83EF5
:10E038000C4B6B3F53B9C93E8CFB6A3FAE2ACB3EB3
:10E048007BAB6A3F8B9BCC3ED95A6A3FEA0BCE3EEC
:10E05800A7096A3FCA7BCF3EE4B7693F2AEBD03EA7
:10E068009165693F095AD23EAE12693F67C8D33EEF
:10E078003CBF683F4136D53E396B683F99A3D63ED1
:10E08800A816683F6B10D83E87C1673FB97CD93E58
:10E09800D86B673F80E8DA3E9915673FC153DC3E8D
:10E0A800CCBE663F79BEDD3E7167663FA928DF3E7C
:10E0B800880F663F4F92E03E10B7653F6AFBE13E2E
:10E0C8000B5E653FFA63E33E7904653FFECBE43EB1
:10E0D80059AA643F7533E63EAC4F643F5D9AE73E0C
:10E0E80073F4633FB700E93EAC98633F8166EA3E4C
:10E0F8005A3C633FBBCBEB3E7BDF623F6330ED3E78
:10E108001082623F7994EE3E1A24623FFBF7EF3E9D
:10E1180098C5613FEA5AF13E8A66613F43BDF23EC7
:10E12800F206613F071FF43ECFA6603F3580F53EFB
:10E138002146603FCBE0F63EE9E45F3FC840F83E49
:10E1480027835F3F2DA0F93EDB205F3FF7FEFA3EB5
:10E1580005BE5E3F275DFC3EA65A5E3FBBBAFD3E4C
:10E16800BEF65D3FB217FF3E4D925D3F063A003F57
:10E17800532D5D3FE4E7003FD1C75C3F7395013FF6
:10E18800C7615C3FB142023F34FB5B3F9FEF023FF8
:10E198001A945B3F3D9C033F792C5B3F8948043FC1
:10E1A80050C45A3F84F4043FA05B5A3F2CA0053F5B
:10E1B8006AF2593F824B063FAD88593F86F6063FC3
:10E1C8006A1E593F36A1073FA1B3583F924B083FFB
:10E1D8005348583F9BF5083F7FDC573F4E9F093F08
:10E1E8002670573FAD480A3F4803573FB7F10A3FEB
:10E1F800E595563F6B9A0B3FFE27563FC9420C3FA9
:10E2080093B9553FD0EA0C3FA44A553F81920D3F40
:10E2180031DB543FDA390E3F3B6B543FDBE00E3FB6
:10E22800C3FA533F84870F3FC789533FD52D103F0B
:10E238004918533FCDD3103F49A6523F6B79113F40
:10E24800C633523FB01E123FC2C0513F9AC3123F5D
:10E258003D4D513F2A68133F37D9503F5F0C143F5B
:10E26800AF64503F39B0143FA8EF4F3FB753153F45
:10E278001F7A4F3FD9F6153F17044F3F9F99163F16
:10E28800908D4E3F073C173F89164E3F12DE173FD1
:10E29800029F4D3FC07F183FFD264D3F0F21193F7C
:10E2A80079AE4C3F00C2193F78354C3F93621A3F14
:10E2B800F8BB4B3FC6021B3FFA414B3F99A21B3F9D
:10E2C8007FC74A3F0C421C3F874C4A3F1FE11C3F17
:10E2D80012D1493FD17F1D3F2155493F221E1E3F84
:10E2E800B3D8483F12BC1E3FCA5B483F9F591F3FE7
:10E2F80065DE473FCBF61F3F8560473F9393203F3E
:10E308002AE2463FF92F213F5463463FFBCB213F8A
:10E3180003E4453F9967223F3964453FD302233FD1
:10E32800F5E3443FA99D233F3763443F1A38243F10
:10E3380000E2433F25D2243F5160433FCB6B253F4A
:10E3480029DE423F0A05263F895B423FE39D263F7F
:10E3580070D8413F5636273FE154413F61CE273FB1
:10E36800DAD0403F0566283F5C4C403F41FD283FDE
:10E3780067C73F3F1594293FFC413F3F802A2A3F0A
:10E388001BBC3E3F82C02A3FC5353E3F1B562B3F34
:10E39800F9AE3D3F4AEB2B3FB8273D3F0F802C3F5E
:10E3A80003A03C3F69142D3FD9173C3F59A82D3F86
:10E3B8003B8F3B3FDE3B2E3F29063B3FF7CE2E3FB0
:10E3C800A47C3A3FA5612F3FACF2393FE6F32F3FDB
:10E3D8004268393FBB85303F65DD383F2217313F02
:10E3E8001652383F1DA8313F55C6373FAA38323F2D
:10E3F800233A373FC9C8323F7FAD363F7A58333F5B
:10E408006C20363FBCE7333FE792353F8F76343F89
:10E41800F304353FF304353F8F76343FE792353FB9
:10E42800BCE7333F6C20363F7A58333F7FAD363FE9
:10E43800C9C8323F233A373FAA38323F55C6373F1B
:10E448001DA8313F1652383F2217313F65DD383F4E
:10E45800BB85303F4268393FE6F32F3FACF2393F86
:10E46800A5612F3FA47C3A3FF7CE2E3F29063B3FBC
:10E47800DE3B2E3F3B8F3B3F59A82D3FD9173C3FF2
:10E4880069142D3F03A03C3F0F802C3FB8273D3F28
:10E498004AEB2B3FF9AE3D3F1B562B3FC5353E3F60
:10E4A80082C02A3F1BBC3E3F802A2A3FFC413F3F97
:10E4B8001594293F67C73F3F41FD283F5C4C403FCB
:10E4C8000566283FDAD0403F61CE273FE154413FFF
:10E4D8005636273F70D8413FE39D263F895B423F30
:10E4E8000A05263F29DE423FCB6B253F5160433F5B
:10E4F80025D2243F00E2433F1A38243F3763443F84
:10E50800A99D233FF5E3443FD302233F3964453FA8
:10E518009967223F03E4453FFBCB213F5463463FC5
:10E52800F92F213F2AE2463F9393203F8560473FDA
:10E53800CBF61F3F65DE473F9F591F3FCA5B483FE9
:10E5480012BC1E3FB3D8483F221E1E3F2155493FEB
:10E55800D17F1D3F12D1493F1FE11C3F874C4A3FE5
:10E568000C421C3F7FC74A3F99A21B3FFA414B3FD1
:10E57800C6021B3FF8BB4B3F93621A3F78354C3FAE
:10E5880000C2193F79AE4C3F0F21193FFD264D3F80
:10E59800C07F183F029F4D3F12DE173F89164E3F3E
:10E5A800073C173F908D4E3F9F99163F17044F3FEA
:10E5B800D9F6153F1F7A4F3FB753153FA8EF4F3F86
:10E5C80039B0143FAF64503F5F0C143F37D9503F08
:10E5D8002A68133F3D4D513F9AC3123FC2C0513F75
:10E5E800B01E123FC633523F6B79113F49A6523FC6
:10E5F800CDD3103F4918533FD52D103FC789533FFE
:10E6080084870F3FC3FA533FDBE00E3F3B6B543F19
:10E61800DA390E3F31DB543F81920D3FA44A553F12
:10E62800D0EA0C3F93B9553FC9420C3FFE27563FED
:10E638006B9A0B3FE595563FB7F10A3F4803573FA2
:10E64800AD480A3F2670573F4E9F093F7FDC573F32
:10E658009BF5083F5348583F924B083FA1B3583F9A
:10E6680036A1073F6A1E593F86F6063FAD88593FD7
:10E67800824B063F6AF2593F2CA0053FA05B5A3FE8
:10E6880084F4043F50C45A3F8948043F792C5B3FC7
:10E698003D9C033F1A945B3F9FEF023F34FB5B3F77
:10E6A800B142023FC7615C3F7395013FD1C75C3FF0
:10E6B800E4E7003F532D5D3F063A003F4D925D3F32
:10E6C800B217FF3EBEF65D3FBBBAFD3EA65A5E3F9F
:10E6D800275DFC3E05BE5E3FF7FEFA3EDB205F3F4E
:10E6E8002DA0F93E27835F3FC840F83EE9E45F3F2D
:10E6F800CBE0F63E2146603F3580F53ECFA6603F31
:10E70800071FF43EF206613F43BDF23E8A66613F51
:10E71800EA5AF13E98C5613FFBF7EF3E1A24623F83
:10E728007994EE3E1082623F6330ED3E7BDF623FBC
:10E73800BBCBEB3E5A3C633F8166EA3EAC98633FF5
:10E74800B700E93E73F4633F5D9AE73EAC4F643F20
:10E758007533E63E59AA643FFECBE43E7904653F33
:10E76800FA63E33E0B5E653F6AFBE13E10B7653F27
:10E778004F92E03E880F663FA928DF3E7167663FEB
:10E7880079BEDD3ECCBE663FC153DC3E9915673F7E
:10E7980080E8DA3ED86B673FB97CD93E87C1673FCE
:10E7A8006B10D83EA816683F99A3D63E396B683FD0
:10E7B8004136D53E3CBF683F67C8D33EAE12693F7D
:10E7C800095AD23E9165693F2AEBD03EE4B7693FCA
:10E7D800CA7BCF3EA7096A3FEA0BCE3ED95A6A3FA9
:10E7E8008B9BCC3E7BAB6A3FAE2ACB3E8CFB6A3F11
:10E7F80053B9C93E0C4B6B3F7C47C83EFB996B3FF6
:10E8080029D5C63E58E86B3F5C62C53E24366C3F4E
:10E8180015EFC33E5E836C3F557BC23E07D06C3F0D
:10E828001E07C13E1D1C6D3F6F92BF3EA1676D3F25
:10E838004A1DBE3E93B26D3FAFA7BC3EF2FC6D3F92
:10E84800A031BB3EBE466E3F1EBBB93EF88F6E3F41
:10E858002A44B83E9ED86E3FC3CCB63EB0206F3F28
:10E86800EC54B53E30686F3FA5DCB33E1BAF6F3F3D
:10E87800EF63B23E73F56F3FCBEAB03E373B703F74
:10E888003A71AF3E6680703F3CF7AD3E02C5703FBF
:10E89800D47CAC3E0809713F0102AB3E7A4C713F13
:10E8A800C486A93E578F713F1F0BA83E9FD1713F69
:10E8B800128FA63E5213723F9F12A53E7054723FAC
:10E8C800C595A33EF894723F8718A23EEBD4723FD9
:10E8D800E59AA03E4714733FDF1C9F3E0E53733FDB
:10E8E800789E9D3E3F91733FAF1F9C3ED9CE733FAC
:10E8F80086A09A3EDD0B743FFE20993E4B48743F3C
:10E9080017A1973E2284743FD220963E62BF743F7F
:10E9180031A0943E0BFA743F351F933E1D34753F6A
:10E92800DD9D913E976D753F2C1C903E7BA6753FF3
:10E93800229A8E3EC6DE753FC0178D3E7A16763F08
:10E9480007958B3E974D763FF8118A3E1B84763F9C
:10E95800938E883E07BA763FDA0A873E5BEF763FAA
:10E96800CE86853E1724773F7002843E3A58773F1B
:10E97800C07D823EC58B773FC0F8803EB7BE773FEB
:10E98800E1E67E3E10F1773FA4DB7B3ED122783F63
:10E99800CCCF783EF853783F5AC3753E8684783F8B
:10E9A80051B6723E7BB4783FB2A86F3ED6E3783F4B
:10E9B8007F9A6C3E9812793FBA8B693EC040793F86
:10E9C800667C663E4E6E793F836C633E439B793F1F
:10E9D800135C603E9DC7793F1A4B5D3E5EF3793FFD
:10E9E80097395A3E841E7A3F8F27573E10497A3FFF
:10E9F8000115543E02737A3FF101513E599C7A3F0A
:10EA080060EE4D3E16C57A3F4FDA4A3E37ED7A3F03
:10EA1800C2C5473EBE147B3FB9B0443EAB3B7B3FCB
:10EA2800379B413EFC617B3F3E853E3EB2877B3F44
:10EA3800CF6E3B3ECDAC7B3FEC57383E4DD17B3F54
:10EA48009840353E31F57B3FD428323E7A187C3FDA
:10EA5800A2102F3E283B7C3F04F82B3E3A5D7C3FBA
:10EA6800FCDE283EB07E7C3F8CC5253E8A9F7C3FDD
:10EA7800B6AB223EC9BF7C3F7B911F3E6CDF7C3F1B
:10EA8800DE761C3E73FE7C3FE05B193EDD1C7D3F5D
:10EA98008340163EAC3A7D3FCA24133EDE577D3F85
:10EAA800B708103E74747D3F4AEC0C3E6E907D3F73
:10EAB80086CF093ECCAB7D3F6EB2063E8CC67D3F0D
:10EAC8000295033EB1E07D3F4577003E38FA7D3F31
:10EAD80073B2FA3D24137E3FC075F43D722B7E3F1E
:10EAE8007638EE3D23437E3F9AFAE73D385A7E3F1B
:10EAF8002EBCE13DB0707E3F377DDB3D8B867E3F8F
:10EB0800B93DD53DC99B7E3FB7FDCE3D69B07E3F3F
:10EB180036BDC83D6DC47E3F397CC23DD4D77E3FEB
:10EB2800C33ABC3D9DEA7E3FDAF8B53DC9FC7E3F5D
:10EB380080B6AF3D580E7F3FBA73A93D491F7F3F4E
:10EB48008C30A33D9D2F7F3FF9EC9C3D543F7F3F88
:10EB580005A9963D6D4E7F3FB464903DE95C7F3FCB
:10EB68000A208A3DC76A7F3F0ADB833D08787F3FDA
:10EB7800742B7B3DAB847F3F38A06E3DB1907F3FC7
:10EB88006814623D189C7F3F0E88553DE3A67F3F81
:10EB98002FFB483D0FB17F3FD56D3C3D9EBA7F3F6F
:10EBA80007E02F3D8FC37F3FCC51233DE2CB7F3F12
:10EBB8002CC3163D98D37F3F2F340A3DAFDA7F3FF1
:10EBC800B949FB3C29E17F3F7B2AE23C05E77F3FCF
:10EBD800B00AC93C43EC7F3F69EAAF3CE3F07F3FB2
:10EBE800B6C9963CE6F47F3F4B517B3C4AF87F3FE1
:10EBF800900E493C11FB7F3F59CB163C39FD7F3FB6
:10EC0800890FC93BC4FE7F3FC70F493BB1FF7F3F18
:10EC1800000000000000803FC70F49BBB1FF7F3FE5
:10EC2800890FC9BBC4FE7F3F59CB16BC39FD7F3F56
:10EC3800900E49BC11FB7F3F4B517BBC4AF87F3F8C
:10EC4800B6C996BCE6F47F3F69EAAFBCE3F07F3F04
:10EC5800B00AC9BC43EC7F3F7B2AE2BC05E77F3F93
:10EC6800B949FBBC29E17F3F2F340ABDAFDA7F3FAA
:10EC78002CC316BD98D37F3FCC5123BDE2CB7F3F39
:10EC880007E02FBD8FC37F3FD56D3CBD9EBA7F3F48
:10EC98002FFB48BD0FB17F3F0E8855BDE3A67F3FD0
:10ECA800681462BD189C7F3F38A06EBDB1907F3F4D
:10ECB800742B7BBDAB847F3F0ADB83BD08787F3F25
:10ECC8000A208ABDC76A7F3FB46490BDE95C7F3F74
:10ECD80005A996BD6D4E7F3FF9EC9CBD543F7F3F23
:10ECE8008C30A3BD9D2F7F3FBA73A9BD491F7F3FBD
:10ECF80080B6AFBD580E7F3FDAF8B5BDC9FC7E3F80
:10ED0800C33ABCBD9DEA7E3F397CC2BDD4D77E3FA5
:10ED180036BDC8BD6DC47E3FB7FDCEBD69B07E3F70
:10ED2800B93DD5BDC99B7E3F377DDBBD8B867E3F18
:10ED38002EBCE1BDB0707E3F9AFAE7BD385A7E3FDF
:10ED48007638EEBD23437E3FC075F4BD722B7E3FFF
:10ED580073B2FABD24137E3F457700BE38FA7D3F73
:10ED6800029503BEB1E07D3F6EB206BE8CC67D3F04
:10ED780086CF09BECCAB7D3F4AEC0CBE6E907D3F82
:10ED8800B70810BE74747D3FCA2413BEDE577D3F9A
:10ED9800834016BEAC3A7D3FE05B19BEDD1C7D3F6B
:10EDA800DE761CBE73FE7C3F7B911FBE6CDF7C3F12
:10EDB800B6AB22BEC9BF7C3F8CC525BE8A9F7C3FAF
:10EDC800FCDE28BEB07E7C3F04F82BBE3A5D7C3F5B
:10EDD800A2102FBE283B7C3FD42832BE7A187C3F35
:10EDE800984035BE31F57B3FEC5738BE4DD17B3F5F
:10EDF800CF6E3BBECDAC7B3F3E853EBEB2877B3FF0
:10EE0800379B41BEFC617B3FB9B044BEAB3B7B3F07
:10EE1800C2C547BEBE147B3F4FDA4ABE37ED7A3FC4
:10EE280060EE4DBE16C57A3FF10151BE599C7A3F3E
:10EE3800011554BE02737A3F8F2757BE10497A3F97
:10EE480097395ABE841E7A3F1A4B5DBE5EF3793FEE
:10EE5800135C60BE9DC7793F836C63BE439B793F5B
:10EE6800667C66BE4E6E793FBA8B69BEC040793FFC
:10EE78007F9A6CBE9812793FB2A86FBED6E3783FEE
:10EE880051B672BE7BB4783F5AC375BE8684783F4C
:10EE9800CCCF78BEF853783FA4DB7BBED122783F35
:10EEA800E1E67EBE10F1773FC0F880BEB7BE773F7F
:10EEB800C07D82BEC58B773F700284BE3A58773FCB
:10EEC800CE8685BE1724773FDA0A87BE5BEF763F8A
:10EED800938E88BE07BA763FF8118ABE1B84763FA8
:10EEE80007958BBE974D763FC0178DBE7A16763F35
:10EEF800229A8EBEC6DE753F2C1C90BE7BA6753F3F
:10EF0800DD9D91BE976D753F351F93BE1D34753FCE
:10EF180031A094BE0BFA743FD22096BE62BF743FF4
:10EF280017A197BE2284743FFE2099BE4B48743FB8
:10EF380086A09ABEDD0B743FAF1F9CBED9CE733F2F
:10EF4800789E9DBE3F91733FDF1C9FBE0E53733F5B
:10EF5800E59AA0BE4714733F8718A2BEEBD4723F50
:10EF6800C595A3BEF894723F9F12A5BE7054723F18
:10EF7800128FA6BE5213723F1F0BA8BE9FD1713FBE
:10EF8800C486A9BE578F713F0102ABBE7A4C713F50
:10EF9800D47CACBE0809713F3CF7ADBE02C5703FDA
:10EFA8003A71AFBE6680703FCBEAB0BE373B703F68
:10EFB800EF63B2BE73F56F3FA5DCB3BE1BAF6F3F07
:10EFC800EC54B5BE30686F3FC3CCB6BEB0206F3FBF
:10EFD8002A44B8BE9ED86E3F1EBBB9BEF88F6E3F9E
:10EFE800A031BBBEBE466E3FAFA7BCBEF2FC6D3FB4
:10EFF8004A1DBEBE93B26D3F6F92BFBEA1676D3F03
:10F008001E07C1BE1D1C6D3F557BC2BE07D06C3F9D
:10F0180015EFC3BE5E836C3F5C62C5BE24366C3F91
:10F0280029D5C6BE58E86B3F7C47C8BEFB996B3FE5
:10F0380053B9C9BE0C4B6B3FAE2ACBBE8CFB6A3FA3
:10F048008B9BCCBE7BAB6A3FEA0BCEBED95A6A3FDC
:10F05800CA7BCFBEA7096A3F2AEBD0BEE4B7693F97
:10F06800095AD2BE9165693F67C8D3BEAE12693FDF
:10F078004136D5BE3CBF683F99A3D6BE396B683FC1
:10F088006B10D8BEA816683FB97CD9BE87C1673F48
:10F0980080E8DABED86B673FC153DCBE9915673F7D
:10F0A80079BEDDBECCBE663FA928DFBE7167663F6C
:10F0B8004F92E0BE880F663F6AFBE1BE10B7653F1E
:10F0C800FA63E3BE0B5E653FFECBE4BE7904653FA1
:10F0D8007533E6BE59AA643F5D9AE7BEAC4F643FFC
:10F0E800B700E9BE73F4633F8166EABEAC98633F3C
:10F0F800BBCBEBBE5A3C633F6330EDBE7BDF623F68
:10F108007994EEBE1082623FFBF7EFBE1A24623F8D
:10F11800EA5AF1BE98C5613F43BDF2BE8A66613FB7
:10F12800071FF4BEF206613F3580F5BECFA6603FEB
:10F13800CBE0F6BE2146603FC840F8BEE9E45F3F39
:10F148002DA0F9BE27835F3FF7FEFABEDB205F3FA5
:10F15800275DFCBE05BE5E3FBBBAFDBEA65A5E3F3C
:10F16800B217FFBEBEF65D3F063A00BF4D925D3F47
:10F17800E4E700BF532D5D3F739501BFD1C75C3FE6
:10F18800B14202BFC7615C3F9FEF02BF34FB5B3FE8
:10F198003D9C03BF1A945B3F894804BF792C5B3FB1
:10F1A80084F404BF50C45A3F2CA005BFA05B5A3F4B
:10F1B800824B06BF6AF2593F86F606BFAD88593FB3
:10F1C80036A107BF6A1E593F924B08BFA1B3583FEB
:10F1D8009BF508BF5348583F4E9F09BF7FDC573FF8
:10F1E800AD480ABF2670573FB7F10ABF4803573FDB
:10F1F8006B9A0BBFE595563FC9420CBFFE27563F99
:10F20800D0EA0CBF93B9553F81920DBFA44A553F30
:10F21800DA390EBF31DB543FDBE00EBF3B6B543FA6
:10F2280084870FBFC3FA533FD52D10BFC789533FFB
:10F23800CDD310BF4918533F6B7911BF49A6523F30
:10F24800B01E12BFC633523F9AC312BFC2C0513F4D
:10F258002A6813BF3D4D513F5F0C14BF37D9503F4B
:10F2680039B014BFAF64503FB75315BFA8EF4F3F35
:10F27800D9F615BF1F7A4F3F9F9916BF17044F3F06
:10F28800073C17BF908D4E3F12DE17BF89164E3FC1
:10F29800C07F18BF029F4D3F0F2119BFFD264D3F6C
:10F2A80000C219BF79AE4C3F93621ABF78354C3F04
:10F2B800C6021BBFF8BB4B3F99A21BBFFA414B3F8D
:10F2C8000C421CBF7FC74A3F1FE11CBF874C4A3F07
:10F2D800D17F1DBF12D1493F221E1EBF2155493F74
:10F2E80012BC1EBFB3D8483F9F591FBFCA5B483FD7
:10F2F800CBF61FBF65DE473F939320BF8560473F2E
:10F30800F92F21BF2AE2463FFBCB21BF5463463F7A
:10F31800996722BF03E4453FD30223BF3964453FC1
:10F32800A99D23BFF5E3443F1A3824BF3763443F00
:10F3380025D224BF00E2433FCB6B25BF5160433F3A
:10F348000A0526BF29DE423FE39D26BF895B423F6F
:10F35800563627BF70D8413F61CE27BFE154413FA1
:10F36800056628BFDAD0403F41FD28BF5C4C403FCE
:10F37800159429BF67C73F3F802A2ABFFC413F3FFA
:10F3880082C02ABF1BBC3E3F1B562BBFC5353E3F24
:10F398004AEB2BBFF9AE3D3F0F802CBFB8273D3F4E
:10F3A80069142DBF03A03C3F59A82DBFD9173C3F76
:10F3B800DE3B2EBF3B8F3B3FF7CE2EBF29063B3FA0
:10F3C800A5612FBFA47C3A3FE6F32FBFACF2393FCB
:10F3D800BB8530BF4268393F221731BF65DD383FF2
:10F3E8001DA831BF1652383FAA3832BF55C6373F1D
:10F3F800C9C832BF233A373F7A5833BF7FAD363F4B
:10F40800BCE733BF6C20363F8F7634BFE792353F79
:10F41800F30435BFF304353FE79235BF8F76343FA9
:10F428006C2036BFBCE7333F7FAD36BF7A58333FD9
:10F43800233A37BFC9C8323F55C637BFAA38323F0B
:10F44800165238BF1DA8313F65DD38BF2217313F3E
:10F45800426839BFBB85303FACF239BFE6F32F3F76
:10F46800A47C3ABFA5612F3F29063BBFF7CE2E3FAC
:10F478003B8F3BBFDE3B2E3FD9173CBF59A82D3FE2
:10F4880003A03CBF69142D3FB8273DBF0F802C3F18
:10F49800F9AE3DBF4AEB2B3FC5353EBF1B562B3F50
:10F4A8001BBC3EBF82C02A3FFC413FBF802A2A3F87
:10F4B80067C73FBF1594293F5C4C40BF41FD283FBB
:10F4C800DAD040BF0566283FE15441BF61CE273FEF
:10F4D80070D841BF5636273F895B42BFE39D263F20
:10F4E80029DE42BF0A05263F516043BFCB6B253F4B
:10F4F80000E243BF25D2243F376344BF1A38243F74
:10F50800F5E344BFA99D233F396445BFD302233F98
:10F5180003E445BF9967223F546346BFFBCB213FB5
:10F528002AE246BFF92F213F856047BF9393203FCA
:10F5380065DE47BFCBF61F3FCA5B48BF9F591F3FD9
:10F54800B3D848BF12BC1E3F215549BF221E1E3FDB
:10F5580012D149BFD17F1D3F874C4ABF1FE11C3FD5
:10F568007FC74ABF0C421C3FFA414BBF99A21B3FC1
:10F57800F8BB4BBFC6021B3F78354CBF93621A3F9E
:10F5880079AE4CBF00C2193FFD264DBF0F21193F70
:10F59800029F4DBFC07F183F89164EBF12DE173F2E
:10F5A800908D4EBF073C173F17044FBF9F99163FDA
:10F5B8001F7A4FBFD9F6153FA8EF4FBFB753153F76
:10F5C800AF6450BF39B0143F37D950BF5F0C143FF8
:10F5D8003D4D51BF2A68133FC2C051BF9AC3123F65
:10F5E800C63352BFB01E123F49A652BF6B79113FB6
:10F5F800491853BFCDD3103FC78953BFD52D103FEE
:10F60800C3FA53BF84870F3F3B6B54BFDBE00E3F09
:10F6180031DB54BFDA390E3FA44A55BF81920D3F02
:10F6280093B955BFD0EA0C3FFE2756BFC9420C3FDD
:10F63800E59556BF6B9A0B3F480357BFB7F10A3F92
:10F64800267057BFAD480A3F7FDC57BF4E9F093F22
:10F65800534858BF9BF5083FA1B358BF924B083F8A
:10F668006A1E59BF36A1073FAD8859BF86F6063FC7
:10F678006AF259BF824B063FA05B5ABF2CA0053FD8
:10F6880050C45ABF84F4043F792C5BBF8948043FB7
:10F698001A945BBF3D9C033F34FB5BBF9FEF023F67
:10F6A800C7615CBFB142023FD1C75CBF7395013FE0
:10F6B800532D5DBFE4E7003F4D925DBF063A003F22
:10F6C800BEF65DBFB217FF3EA65A5EBFBBBAFD3E8F
:10F6D80005BE5EBF275DFC3EDB205FBFF7FEFA3E3E
:10F6E80027835FBF2DA0F93EE9E45FBFC840F83E1D
:10F6F800214660BFCBE0F63ECFA660BF3580F53E21
:10F70800F20661BF071FF43E8A6661BF43BDF23E41
:10F7180098C561BFEA5AF13E1A2462BFFBF7EF3E73
:10F72800108262BF7994EE3E7BDF62BF6330ED3EAC
:10F738005A3C63BFBBCBEB3EAC9863BF8166EA3EE5
:10F7480073F463BFB700E93EAC4F64BF5D9AE73E10
:10F7580059AA64BF7533E63E790465BFFECBE43E23
:10F768000B5E65BFFA63E33E10B765BF6AFBE13E17
:10F77800880F66BF4F92E03E716766BFA928DF3EDB
:10F78800CCBE66BF79BEDD3E991567BFC153DC3E6E
:10F79800D86B67BF80E8DA3E87C167BFB97CD93EBE
:10F7A800A81668BF6B10D83E396B68BF99A3D63EC0
:10F7B8003CBF68BF4136D53EAE1269BF67C8D33E6D
:10F7C800916569BF095AD23EE4B769BF2AEBD03EBA
:10F7D800A7096ABFCA7BCF3ED95A6ABFEA0BCE3E99
:10F7E8007BAB6ABF8B9BCC3E8CFB6ABFAE2ACB3E01
:10F7F8000C4B6BBF53B9C93EFB996BBF7C47C83EE6
:10F8080058E86BBF29D5C63E24366CBF5C62C53E3E
:10F818005E836CBF15EFC33E07D06CBF557BC23EFD
:10F828001D1C6DBF1E07C13EA1676DBF6F92BF3E15
:10F8380093B26DBF4A1DBE3EF2FC6DBFAFA7BC3E82
:10F84800BE466EBFA031BB3EF88F6EBF1EBBB93E31
:10F858009ED86EBF2A44B83EB0206FBFC3CCB63E18
:10F8680030686FBFEC54B53E1BAF6FBFA5DCB33E2D
:10F8780073F56FBFEF63B23E373B70BFCBEAB03E64
:10F88800668070BF3A71AF3E02C570BF3CF7AD3EAF
:10F89800080971BFD47CAC3E7A4C71BF0102AB3E03
:10F8A800578F71BFC486A93E9FD171BF1F0BA83E59
:10F8B800521372BF128FA63E705472BF9F12A53E9C
:10F8C800F89472BFC595A33EEBD472BF8718A23EC9
:10F8D800471473BFE59AA03E0E5373BFDF1C9F3ECB
:10F8E8003F9173BF789E9D3ED9CE73BFAF1F9C3E9C
:10F8F800DD0B74BF86A09A3E4B4874BFFE20993E2C
:10F90800228474BF17A1973E62BF74BFD220963E6F
:10F918000BFA74BF31A0943E1D3475BF351F933E5A
:10F92800976D75BFDD9D913E7BA675BF2C1C903EE3
:10F93800C6DE75BF229A8E3E7A1676BFC0178D3EF8
:10F94800974D76BF07958B3E1B8476BFF8118A3E8C
:10F9580007BA76BF938E883E5BEF76BFDA0A873E9A
:10F96800172477BFCE86853E3A5877BF7002843E0B
:10F97800C58B77BFC07D823EB7BE77BFC0F8803EDB
:10F9880010F177BFE1E67E3ED12278BFA4DB7B3E53
:10F99800F85378BFCCCF783E868478BF5AC3753E7B
:10F9A8007BB478BF51B6723ED6E378BFB2A86F3E3B
:10F9B800981279BF7F9A6C3EC04079BFBA8B693E76
:10F9C8004E6E79BF667C663E439B79BF836C633E0F
:10F9D8009DC779BF135C603E5EF379BF1A4B5D3EED
:10F9E800841E7ABF97395A3E10497ABF8F27573EEF
:10F9F80002737ABF0115543E599C7ABFF101513EFA
:10FA080016C57ABF60EE4D3E37ED7ABF4FDA4A3EF3
:10FA1800BE147BBFC2C5473EAB3B7BBFB9B0443EBB
:10FA2800FC617BBF379B413EB2877BBF3E853E3E34
:10FA3800CDAC7BBFCF6E3B3E4DD17BBFEC57383E44
:10FA480031F57BBF9840353E7A187CBFD428323ECA
:10FA5800283B7CBFA2102F3E3A5D7CBF04F82B3EAA
:10FA6800B07E7CBFFCDE283E8A9F7CBF8CC5253ECD
:10FA7800C9BF7CBFB6AB223E6CDF7CBF7B911F3E0B
:10FA880073FE7CBFDE761C3EDD1C7DBFE05B193E4D
:10FA9800AC3A7DBF8340163EDE577DBFCA24133E75
:10FAA80074747DBFB708103E6E907DBF4AEC0C3E63
:10FAB800CCAB7DBF86CF093E8CC67DBF6EB2063EFD
:10FAC800B1E07DBF0295033E38FA7DBF4577003E21
:10FAD80024137EBF73B2FA3D722B7EBFC075F43D0E
:10FAE80023437EBF7638EE3D385A7EBF9AFAE73D0B
:10FAF800B0707EBF2EBCE13D8B867EBF377DDB3D7F
:10FB0800C99B7EBFB93DD53D69B07EBFB7FDCE3D2F
:10FB18006DC47EBF36BDC83DD4D77EBF397CC23DDB
:10FB28009DEA7EBFC33ABC3DC9FC7EBFDAF8B53D4D
:10FB3800580E7FBF80B6AF3D491F7FBFBA73A93D3E
:10FB48009D2F7FBF8C30A33D543F7FBFF9EC9C3D78
:10FB58006D4E7FBF05A9963DE95C7FBFB464903DBB
:10FB6800C76A7FBF0A208A3D08787FBF0ADB833DCA
:10FB7800AB847FBF742B7B3DB1907FBF38A06E3DB7
:10FB8800189C7FBF6814623DE3A67FBF0E88553D71
:10FB98000FB17FBF2FFB483D9EBA7FBFD56D3C3D5F
:10FBA8008FC37FBF07E02F3DE2CB7FBFCC51233D02
:10FBB80098D37FBF2CC3163DAFDA7FBF2F340A3DE1
:10FBC80029E17FBFB949FB3C05E77FBF7B2AE23CBF
:10FBD80043EC7FBFB00AC93CE3F07FBF69EAAF3CA2
:10FBE800E6F47FBFB6C9963C4AF87FBF4B517B3CD1
:10FBF80011FB7FBF900E493C39FD7FBF59CB163CA6
:10FC0800C4FE7FBF890FC93BB1FF7FBFC70F493B08
:10FC1800000080BF00000000B1FF7FBFC70F49BBD5
:10FC2800C4FE7FBF890FC9BB39FD7FBF59CB16BC46
:10FC380011FB7FBF900E49BC4AF87FBF4B517BBC7C
:10FC4800E6F47FBFB6C996BCE3F07FBF69EAAFBCF4
:10FC580043EC7FBFB00AC9BC05E77FBF7B2AE2BC83
:10FC680029E17FBFB949FBBCAFDA7FBF2F340ABD9A
:10FC780098D37FBF2CC316BDE2CB7FBFCC5123BD29
:10FC88008FC37FBF07E02FBD9EBA7FBFD56D3CBD38
:10FC98000FB17FBF2FFB48BDE3A67FBF0E8855BDC0
:10FCA800189C7FBF681462BDB1907FBF38A06EBD3D
:10FCB800AB847FBF742B7BBD08787FBF0ADB83BD15
:10FCC800C76A7FBF0A208ABDE95C7FBFB46490BD64
:10FCD8006D4E7FBF05A996BD543F7FBFF9EC9CBD13
:10FCE8009D2F7FBF8C30A3BD491F7FBFBA73A9BDAD
:10FCF800580E7FBF80B6AFBDC9FC7EBFDAF8B5BD70
:10FD08009DEA7EBFC33ABCBDD4D77EBF397CC2BD95
:10FD18006DC47EBF36BDC8BD69B07EBFB7FDCEBD60
:10FD2800C99B7EBFB93DD5BD8B867EBF377DDBBD08
:10FD3800B0707EBF2EBCE1BD385A7EBF9AFAE7BDCF
:10FD480023437EBF7638EEBD722B7EBFC075F4BDEF
:10FD580024137EBF73B2FABD38FA7DBF457700BE63
:10FD6800B1E07DBF029503BE8CC67DBF6EB206BEF4
:10FD7800CCAB7DBF86CF09BE6E907DBF4AEC0CBE72
:10FD880074747DBFB70810BEDE577DBFCA2413BE8A
:10FD9800AC3A7DBF834016BEDD1C7DBFE05B19BE5B
:10FDA80073FE7CBFDE761CBE6CDF7CBF7B911FBE02
:10FDB800C9BF7CBFB6AB22BE8A9F7CBF8CC525BE9F
:10FDC800B07E7CBFFCDE28BE3A5D7CBF04F82BBE4B
:10FDD800283B7CBFA2102FBE7A187CBFD42832BE25
:10FDE80031F57BBF984035BE4DD17BBFEC5738BE4F
:10FDF800CDAC7BBFCF6E3BBEB2877BBF3E853EBEE0
:10FE0800FC617BBF379B41BEAB3B7BBFB9B044BEF7
:10FE1800BE147BBFC2C547BE37ED7ABF4FDA4ABEB4
:10FE280016C57ABF60EE4DBE599C7ABFF10151BE2E
:10FE380002737ABF011554BE10497ABF8F2757BE87
:10FE4800841E7ABF97395ABE5EF379BF1A4B5DBEDE
:10FE58009DC779BF135C60BE439B79BF836C63BE4B
:10FE68004E6E79BF667C66BEC04079BFBA8B69BEEC
:10FE7800981279BF7F9A6CBED6E378BFB2A86FBEDE
:10FE88007BB478BF51B672BE868478BF5AC375BE3C
:10FE9800F85378BFCCCF78BED12278BFA4DB7BBE25
:10FEA80010F177BFE1E67EBEB7BE77BFC0F880BE6F
:10FEB800C58B77BFC07D82BE3A5877BF700284BEBB
:10FEC800172477BFCE8685BE5BEF76BFDA0A87BE7A
:10FED80007BA76BF938E88BE1B8476BFF8118ABE98
:10FEE800974D76BF07958BBE7A1676BFC0178DBE25
:10FEF800C6DE75BF229A8EBE7BA675BF2C1C90BE2F
:10FF0800976D75BFDD9D91BE1D3475BF351F93BEBE
:10FF18000BFA74BF31A094BE62BF74BFD22096BEE4
:10FF2800228474BF17A197BE4B4874BFFE2099BEA8
:10FF3800DD0B74BF86A09ABED9CE73BFAF1F9CBE1F
:10FF48003F9173BF789E9DBE0E5373BFDF1C9FBE4B
:10FF5800471473BFE59AA0BEEBD472BF8718A2BE40
:10FF6800F89472BFC595A3BE705472BF9F12A5BE08
:10FF7800521372BF128FA6BE9FD171BF1F0BA8BEAE
:10FF8800578F71BFC486A9BE7A4C71BF0102ABBE40
:10FF9800080971BFD47CACBE02C570BF3CF7ADBECA
:10FFA800668070BF3A71AFBE373B70BFCBEAB0BE58
:10FFB80073F56FBFEF63B2BE1BAF6FBFA5DCB3BEF7
:10FFC80030686FBFEC54B5BEB0206FBFC3CCB6BEAF
:10FFD8009ED86EBF2A44B8BEF88F6EBF1EBBB9BE8E
:10FFE800BE466EBFA031BBBEF2FC6DBFAFA7BCBEA4
:08FFF80093B26DBF4A1DBEBEAD
:020000040802F0
:10000000A1676DBF6F92BFBE1D1C6DBF1E07C1BE35
:1000100007D06CBF557BC2BE5E836CBF15EFC3BEFD
:1000200024366CBF5C62C5BE58E86BBF29D5C6BE1E
:10003000FB996BBF7C47C8BE0C4B6BBF53B9C9BEA5
:100040008CFB6ABFAE2ACBBE7BAB6ABF8B9BCCBEA0
:10005000D95A6ABFEA0BCEBEA7096ABFCA7BCFBE18
:10006000E4B769BF2AEBD0BE916569BF095AD2BE19
:10007000AE1269BF67C8D3BE3CBF68BF4136D5BEAC
:10008000396B68BF99A3D6BEA81668BF6B10D8BEDF
:1000900087C167BFB97CD9BED86B67BF80E8DABEBD
:1000A000991567BFC153DCBECCBE66BF79BEDDBE4D
:1000B000716766BFA928DFBE880F66BF4F92E0BE9A
:1000C00010B765BF6AFBE1BE0B5E65BFFA63E3BEB6
:1000D000790465BFFECBE4BE59AA64BF7533E6BEA2
:1000E000AC4F64BF5D9AE7BE73F463BFB700E9BE6F
:1000F000AC9863BF8166EABE5A3C63BFBBCBEBBE24
:100100007BDF62BF6330EDBE108262BF7994EEBECA
:100110001A2462BFFBF7EFBE98C561BFEA5AF1BE71
:100120008A6661BF43BDF2BEF20661BF071FF4BE1F
:10013000CFA660BF3580F5BE214660BFCBE0F6BEDE
:10014000E9E45FBFC840F8BE27835FBF2DA0F9BEBA
:10015000DB205FBFF7FEFABE05BE5EBF275DFCBEBB
:10016000A65A5EBFBBBAFDBEBEF65DBFB217FFBEEC
:100170004D925DBF063A00BF532D5DBFE4E700BF5F
:10018000D1C75CBF739501BFC7615CBFB14202BFFD
:1001900034FB5BBF9FEF02BF1A945BBF3D9C03BF64
:1001A000792C5BBF894804BF50C45ABF84F404BF94
:1001B000A05B5ABF2CA005BF6AF259BF824B06BF95
:1001C000AD8859BF86F606BF6A1E59BF36A107BF64
:1001D000A1B358BF924B08BF534858BF9BF508BF07
:1001E0007FDC57BF4E9F09BF267057BFAD480ABF7F
:1001F000480357BFB7F10ABFE59556BF6B9A0BBFCF
:10020000FE2756BFC9420CBF93B955BFD0EA0CBFF9
:10021000A44A55BF81920DBF31DB54BFDA390EBFFE
:100220003B6B54BFDBE00EBFC3FA53BF84870FBFE5
:10023000C78953BFD52D10BF491853BFCDD310BFA9
:1002400049A652BF6B7911BFC63352BFB01E12BF51
:10025000C2C051BF9AC312BF3D4D51BF2A6813BFE0
:1002600037D950BF5F0C14BFAF6450BF39B014BF53
:10027000A8EF4FBFB75315BF1F7A4FBFD9F615BFB1
:1002800017044FBF9F9916BF908D4EBF073C17BFF5
:1002900089164EBF12DE17BF029F4DBFC07F18BF29
:1002A000FD264DBF0F2119BF79AE4CBF00C219BF4B
:1002B00078354CBF93621ABFF8BB4BBFC6021BBF59
:1002C000FA414BBF99A21BBF7FC74ABF0C421CBF5C
:1002D000874C4ABF1FE11CBF12D149BFD17F1DBF50
:1002E000215549BF221E1EBFB3D848BF12BC1EBF36
:1002F000CA5B48BF9F591FBF65DE47BFCBF61FBF14
:10030000856047BF939320BF2AE246BFF92F21BFE4
:10031000546346BFFBCB21BF03E445BF996722BFAF
:10032000396445BFD30223BFF5E344BFA99D23BF72
:10033000376344BF1A3824BF00E243BF25D224BF2D
:10034000516043BFCB6B25BF29DE42BF0A0526BFE4
:10035000895B42BFE39D26BF70D841BF563627BF99
:10036000E15441BF61CE27BFDAD040BF056628BF48
:100370005C4C40BF41FD28BF67C73FBF159429BFF4
:10038000FC413FBF802A2ABF1BBC3EBF82C02ABFA0
:10039000C5353EBF1B562BBFF9AE3DBF4AEB2BBF49
:1003A000B8273DBF0F802CBF03A03CBF69142DBFF1
:1003B000D9173CBF59A82DBF3B8F3BBFDE3B2EBF9B
:1003C00029063BBFF7CE2EBFA47C3ABFA5612FBF45
:1003D000ACF239BFE6F32FBF426839BFBB8530BFEF
:1003E00065DD38BF221731BF165238BF1DA831BF97
:1003F00055C637BFAA3832BF233A37BFC9C832BF44
:100400007FAD36BF7A5833BF6C2036BFBCE733BFF1
:10041000E79235BF8F7634BFF30435BFF30435BFA1
:100420008F7634BFE79235BFBCE733BF6C2036BF51
:100430007A5833BF7FAD36BFC9C832BF233A37BF02
:10044000AA3832BF55C637BF1DA831BF165238BFB4
:10045000221731BF65DD38BFBB8530BF426839BF69
:10046000E6F32FBFACF239BFA5612FBFA47C3ABF22
:10047000F7CE2EBF29063BBFDE3B2EBF3B8F3BBFD7
:1004800059A82DBFD9173CBF69142DBF03A03CBF8D
:100490000F802CBFB8273DBF4AEB2BBFF9AE3DBF45
:1004A0001B562BBFC5353EBF82C02ABF1BBC3EBFFB
:1004B000802A2ABFFC413FBF159429BF67C73FBFB1
:1004C00041FD28BF5C4C40BF056628BFDAD040BF65
:1004D00061CE27BFE15441BF563627BF70D841BF18
:1004E000E39D26BF895B42BF0A0526BF29DE42BFC6
:1004F000CB6B25BF516043BF25D224BF00E243BF71
:100500001A3824BF376344BFA99D23BFF5E344BF16
:10051000D30223BF396445BF996722BF03E445BFB7
:10052000FBCB21BF546346BFF92F21BF2AE246BF50
:10053000939320BF856047BFCBF61FBF65DE47BFE3
:100540009F591FBFCA5B48BF12BC1EBFB3D848BF6C
:10055000221E1EBF215549BFD17F1DBF12D149BFE9
:100560001FE11CBF874C4ABF0C421CBF7FC74ABF5C
:1005700099A21BBFFA414BBFC6021BBFF8BB4BBFC2
:1005800093621ABF78354CBF00C219BF79AE4CBF19
:100590000F2119BFFD264DBFC07F18BF029F4DBF61
:1005A00012DE17BF89164EBF073C17BF908D4EBF96
:1005B0009F9916BF17044FBFD9F615BF1F7A4FBFBB
:1005C000B75315BFA8EF4FBF39B014BFAF6450BFCA
:1005D0005F0C14BF37D950BF2A6813BF3D4D51BFC0
:1005E0009AC312BFC2C051BFB01E12BFC63352BFA2
:1005F0006B7911BF49A652BFCDD310BF491853BF65
:10060000D52D10BFC78953BF84870FBFC3FA53BF0F
:10061000DBE00EBF3B6B54BFDA390EBF31DB54BF9A
:1006200081920DBFA44A55BFD0EA0CBF93B955BF04
:10063000C9420CBFFE2756BF6B9A0BBFE59556BF4C
:10064000B7F10ABF480357BFAD480ABF267057BF6E
:100650004E9F09BF7FDC57BF9BF508BF534858BF6B
:10066000924B08BFA1B358BF36A107BF6A1E59BF3E
:1006700086F606BFAD8859BF824B06BF6AF259BFE6
:100680002CA005BFA05B5ABF84F404BF50C45ABF5E
:10069000894804BF792C5BBF3D9C03BF1A945BBFA4
:1006A0009FEF02BF34FB5BBFB14202BFC7615CBFBB
:1006B000739501BFD1C75CBFE4E700BF532D5DBF99
:1006C000063A00BF4D925DBFB217FFBEBEF65DBFDA
:1006D000BBBAFDBEA65A5EBF275DFCBE05BE5EBFAF
:1006E000F7FEFABEDB205FBF2DA0F9BE27835FBFF8
:1006F000C840F8BEE9E45FBFCBE0F6BE214660BF6C
:100700003580F5BECFA660BF071FF4BEF20661BFFD
:1007100043BDF2BE8A6661BFEA5AF1BE98C561BFA9
:10072000FBF7EFBE1A2462BF7994EEBE108262BF5F
:100730006330EDBE7BDF62BFBBCBEBBE5A3C63BF19
:100740008166EABEAC9863BFB700E9BE73F463BFCD
:100750005D9AE7BEAC4F64BF7533E6BE59AA64BF6D
:10076000FECBE4BE790465BFFA63E3BE0B5E65BFF2
:100770006AFBE1BE10B765BF4F92E0BE880F66BF4F
:10078000A928DFBE716766BF79BEDDBECCBE66BF7D
:10079000C153DCBE991567BF80E8DABED86B67BF6E
:1007A000B97CD9BE87C167BF6B10D8BEA81668BF19
:1007B00099A3D6BE396B68BF4136D5BE3CBF68BF72
:1007C00067C8D3BEAE1269BF095AD2BE916569BF70
:1007D0002AEBD0BEE4B769BFCA7BCFBEA7096ABF08
:1007E000EA0BCEBED95A6ABF8B9BCCBE7BAB6ABF2D
:1007F000AE2ACBBE8CFB6ABF53B9C9BE0C4B6BBFD4
:100800007C47C8BEFB996BBF29D5C6BE58E86BBFF5
:100810005C62C5BE24366CBF15EFC3BE5E836CBF81
:10082000557BC2BE07D06CBF1E07C1BE1D1C6DBF6D
:100830006F92BFBEA1676DBF4A1DBEBE93B26DBFB2
:10084000AFA7BCBEF2FC6DBFA031BBBEBE466EBF43
:100850001EBBB9BEF88F6EBF2A44B8BE9ED86EBF0D
:10086000C3CCB6BEB0206FBFEC54B5BE30686FBF0E
:10087000A5DCB3BE1BAF6FBFEF63B2BE73F56FBF36
:10088000CBEAB0BE373B70BF3A71AFBE668070BF77
:100890003CF7ADBE02C570BFD47CACBE080971BFC9
:1008A0000102ABBE7A4C71BFC486A9BE578F71BF1F
:1008B0001F0BA8BE9FD171BF128FA6BE521372BF6D
:1008C0009F12A5BE705472BFC595A3BEF89472BFA7
:1008D0008718A2BEEBD472BFE59AA0BE471473BFBF
:1008E000DF1C9FBE0E5373BF789E9DBE3F9173BFAA
:1008F000AF1F9CBED9CE73BF86A09ABEDD0B74BF5E
:10090000FE2099BE4B4874BF17A197BE228474BFC6
:10091000D22096BE62BF74BF31A094BE0BFA74BFE2
:10092000351F93BE1D3475BFDD9D91BE976D75BF9C
:100930002C1C90BE7BA675BF229A8EBEC6DE75BFEC
:10094000C0178DBE7A1676BF07958BBE974D76BFC2
:10095000F8118ABE1B8476BF938E88BE07BA76BF15
:10096000DA0A87BE5BEF76BFCE8685BE172477BFD7
:10097000700284BE3A5877BFC07D82BEC58B77BFF8
:10098000C0F880BEB7BE77BFE1E67EBE10F177BF8C
:10099000A4DB7BBED12278BFCCCF78BEF85378BF22
:1009A0005AC375BE868478BF51B672BE7BB478BF19
:1009B000B2A86FBED6E378BF7F9A6CBE981279BF9B
:1009C000BA8B69BEC04079BF667C66BE4E6E79BF89
:1009D000836C63BE439B79BF135C60BE9DC779BFC8
:1009E0001A4B5DBE5EF379BF97395ABE841E7ABF3B
:1009F0008F2757BE10497ABF011554BE02737ABFC4
:100A0000F10151BE599C7ABF60EE4DBE16C57ABF4A
:100A10004FDA4ABE37ED7ABFC2C547BEBE147BBFB0
:100A2000B9B044BEAB3B7BBF379B41BEFC617BBFD3
:100A30003E853EBEB2877BBFCF6E3BBECDAC7BBF9B
:100A4000EC5738BE4DD17BBF984035BE31F57BBFEA
:100A5000D42832BE7A187CBFA2102FBE283B7CBFA0
:100A600004F82BBE3A5D7CBFFCDE28BEB07E7CBFA6
:100A70008CC525BE8A9F7CBFB6AB22BEC9BF7CBFDA
:100A80007B911FBE6CDF7CBFDE761CBE73FE7CBF1D
:100A9000E05B19BEDD1C7DBF834016BEAC3A7DBF56
:100AA000CA2413BEDE577DBFB70810BE74747DBF65
:100AB0004AEC0CBE6E907DBF86CF09BECCAB7DBF2D
:100AC0006EB206BE8CC67DBF029503BEB1E07DBF8F
:100AD000457700BE38FA7DBF73B2FABD24137EBFDE
:100AE000C075F4BD722B7EBF7638EEBD23437EBF4A
:100AF0009AFAE7BD385A7EBF2EBCE1BDB0707EBF0A
:100B0000377DDBBD8B867EBFB93DD5BDC99B7EBF22
:100B1000B7FDCEBD69B07EBF36BDC8BD6DC47EBF5A
:100B2000397CC2BDD4D77EBFC33ABCBD9DEA7EBF6F
:100B3000DAF8B5BDC9FC7EBF80B6AFBD580E7FBF29
:100B4000BA73A9BD491F7FBF8C30A3BD9D2F7FBF46
:100B5000F9EC9CBD543F7FBF05A996BD6D4E7FBF8C
:100B6000B46490BDE95C7FBF0A208ABDC76A7FBFBD
:100B70000ADB83BD08787FBF742B7BBDAB847FBF4E
:100B800038A06EBDB1907FBF681462BD189C7FBF56
:100B90000E8855BDE3A67FBF2FFB48BD0FB17FBFB9
:100BA000D56D3CBD9EBA7FBF07E02FBD8FC37FBF11
:100BB000CC5123BDE2CB7FBF2CC316BD98D37FBFE2
:100BC0002F340ABDAFDA7FBFB949FBBC29E17FBF33
:100BD0007B2AE2BC05E77FBFB00AC9BC43EC7FBFFC
:100BE00069EAAFBCE3F07FBFB6C996BCE6F47FBF4D
:100BF0004B517BBC4AF87FBF900E49BC11FB7FBFB5
:100C000059CB16BC39FD7FBF890FC9BBC4FE7FBF5E
:100C1000C70F49BBB1FF7FBF00000080000080BF4D
:100C2000C70F493BB1FF7FBF890FC93BC4FE7FBFE0
:100C300059CB163C39FD7FBF900E493C11FB7FBF5D
:100C40004B517B3C4AF87FBFB6C9963CE6F47FBF68
:100C500069EAAF3CE3F07FBFB00AC93C43EC7FBF19
:100C60007B2AE23C05E77FBFB949FB3C29E17FBF16
:100C70002F340A3DAFDA7FBF2CC3163D98D37FBF18
:100C8000CC51233DE2CB7FBF07E02F3D8FC37FBF19
:100C9000D56D3C3D9EBA7FBF2FFB483D0FB17FBF56
:100CA0000E88553DE3A67FBF6814623D189C7FBF48
:100CB00038A06E3DB1907FBF742B7B3DAB847FBF6E
:100CC0000ADB833D08787FBF0A208A3DC76A7FBF61
:100CD000B464903DE95C7FBF05A9963D6D4E7FBF32
:100CE000F9EC9C3D543F7FBF8C30A33D9D2F7FBFCF
:100CF000BA73A93D491F7FBF80B6AF3D580E7FBF75
:100D0000DAF8B53DC9FC7EBFC33ABC3D9DEA7EBF63
:100D1000397CC23DD4D77EBF36BDC83D6DC47EBFD1
:100D2000B7FDCE3D69B07EBFB93DD53DC99B7EBF05
:100D3000377DDB3D8B867EBF2EBCE13DB0707EBF34
:100D40009AFAE73D385A7EBF7638EE3D23437EBFA0
:100D5000C075F43D722B7EBF73B2FA3D24137EBF83
:100D60004577003E38FA7DBF0295033EB1E07DBF76
:100D70006EB2063E8CC67DBF86CF093ECCAB7DBF32
:100D80004AEC0C3E6E907DBFB708103E74747DBF78
:100D9000CA24133EDE577DBF8340163EAC3A7DBF6A
:100DA000E05B193EDD1C7DBFDE761C3E73FE7CBF22
:100DB0007B911F3E6CDF7CBFB6AB223EC9BF7CBFC0
:100DC0008CC5253E8A9F7CBFFCDE283EB07E7CBF62
:100DD00004F82B3E3A5D7CBFA2102F3E283B7CBF1F
:100DE000D428323E7A187CBF9840353E31F57BBF1F
:100DF000EC57383E4DD17BBFCF6E3B3ECDAC7BBF79
:100E00003E853E3EB2877BBF379B413EFC617BBF48
:100E1000B9B0443EAB3B7BBFC2C5473EBE147BBFAF
:100E20004FDA4A3E37ED7ABF60EE4D3E16C57ABFC7
:100E3000F101513E599C7ABF0115543E02737ABFAD
:100E40008F27573E10497ABF97395A3E841E7ABF82
:100E50001A4B5D3E5EF379BF135C603E9DC779BF60
:100E6000836C633E439B79BF667C663E4E6E79BF62
:100E7000BA8B693EC04079BF7F9A6C3E981279BFA9
:100E8000B2A86F3ED6E378BF51B6723E7BB478BF4E
:100E90005AC3753E868478BFCCCF783EF85378BF6E
:100EA000A4DB7B3ED12278BFE1E67E3E10F177BF26
:100EB000C0F8803EB7BE77BFC07D823EC58B77BF8E
:100EC0007002843E3A5877BFCE86853E172477BF9E
:100ED000DA0A873E5BEF76BF938E883E07BA76BF0D
:100EE000F8118A3E1B8476BF07958B3E974D76BFDF
:100EF000C0178D3E7A1676BF229A8E3EC6DE75BF2B
:100F00002C1C903E7BA675BFDD9D913E976D75BFF5
:100F1000351F933E1D3475BF31A0943E0BFA74BF4C
:100F2000D220963E62BF74BF17A1973E228474BF41
:100F3000FE20993E4B4874BF86A09A3EDD0B74BFDD
:100F4000AF1F9C3ED9CE73BF789E9D3E3F9173BF2D
:100F5000DF1C9F3E0E5373BFE59AA03E471473BF3C
:100F60008718A23EEBD472BFC595A33EF89472BF1A
:100F70009F12A53E705472BF128FA63E521372BFCD
:100F80001F0BA83E9FD171BFC486A93E578F71BF6A
:100F90000102AB3E7A4C71BFD47CAC3E080971BFF4
:100FA0003CF7AD3E02C570BF3A71AF3E668070BF80
:100FB000CBEAB03E373B70BFEF63B23E73F56FBF15
:100FC000A5DCB33E1BAF6FBFEC54B53E30686FBFBE
:100FD000C3CCB63EB0206FBF2A44B83E9ED86EBF89
:100FE0001EBBB93EF88F6EBFA031BB3EBE466EBF82
:100FF000AFA7BC3EF2FC6DBF4A1DBE3E93B26DBFB3
:101000006F92BF3EA1676DBF1E07C13E1D1C6DBF25
:10101000557BC23E07D06CBF15EFC33E5E836CBFED
:101020005C62C53E24366CBF29D5C63E58E86BBF0E
:101030007C47C83EFB996BBF53B9C93E0C4B6BBF95
:10104000AE2ACB3E8CFB6ABF8B9BCC3E7BAB6ABF90
:10105000EA0BCE3ED95A6ABFCA7BCF3EA7096ABF08
:101060002AEBD03EE4B769BF095AD23E916569BF09
:1010700067C8D33EAE1269BF4136D53E3CBF68BF9C
:1010800099A3D63E396B68BF6B10D83EA81668BFCF
:10109000B97CD93E87C167BF80E8DA3ED86B67BFAD
:1010A000C153DC3E991567BF79BEDD3ECCBE66BF3D
:1010B000A928DF3E716766BF4F92E03E880F66BF8A
:1010C0006AFBE13E10B765BFFA63E33E0B5E65BFA6
:1010D000FECBE43E790465BF7533E63E59AA64BF92
:1010E0005D9AE73EAC4F64BFB700E93E73F463BF5F
:1010F0008166EA3EAC9863BFBBCBEB3E5A3C63BF14
:101100006330ED3E7BDF62BF7994EE3E108262BFBA
:10111000FBF7EF3E1A2462BFEA5AF13E98C561BF61
:1011200043BDF23E8A6661BF071FF43EF20661BF0F
:101130003580F53ECFA660BFCBE0F63E214660BFCE
:10114000C840F83EE9E45FBF2DA0F93E27835FBFAA
:10115000F7FEFA3EDB205FBF275DFC3E05BE5EBFAB
:10116000BBBAFD3EA65A5EBFB217FF3EBEF65DBFDC
:10117000063A003F4D925DBFE4E7003F532D5DBF4F
:101180007395013FD1C75CBFB142023FC7615CBFED
:101190009FEF023F34FB5BBF3D9C033F1A945BBF54
:1011A0008948043F792C5BBF84F4043F50C45ABF84
:1011B0002CA0053FA05B5ABF824B063F6AF259BF85
:1011C00086F6063FAD8859BF36A1073F6A1E59BF54
:1011D000924B083FA1B358BF9BF5083F534858BFF7
:1011E0004E9F093F7FDC57BFAD480A3F267057BF6F
:1011F000B7F10A3F480357BF6B9A0B3FE59556BFBF
:10120000C9420C3FFE2756BFD0EA0C3F93B955BFE9
:1012100081920D3FA44A55BFDA390E3F31DB54BFEE
:10122000DBE00E3F3B6B54BF84870F3FC3FA53BFD5
:10123000D52D103FC78953BFCDD3103F491853BF99
:101240006B79113F49A652BFB01E123FC63352BF41
:101250009AC3123FC2C051BF2A68133F3D4D51BFD0
:101260005F0C143F37D950BF39B0143FAF6450BF43
:10127000B753153FA8EF4FBFD9F6153F1F7A4FBFA1
:101280009F99163F17044FBF073C173F908D4EBFE5
:1012900012DE173F89164EBFC07F183F029F4DBF19
:1012A0000F21193FFD264DBF00C2193F79AE4CBF3B
:1012B00093621A3F78354CBFC6021B3FF8BB4BBF49
:1012C00099A21B3FFA414BBF0C421C3F7FC74ABF4C
:1012D0001FE11C3F874C4ABFD17F1D3F12D149BF40
:1012E000221E1E3F215549BF12BC1E3FB3D848BF26
:1012F0009F591F3FCA5B48BFCBF61F3F65DE47BF04
:101300009393203F856047BFF92F213F2AE246BFD4
:10131000FBCB213F546346BF9967223F03E445BF9F
:10132000D302233F396445BFA99D233FF5E344BF62
:101330001A38243F376344BF25D2243F00E243BF1D
:10134000CB6B253F516043BF0A05263F29DE42BFD4
:10135000E39D263F895B42BF5636273F70D841BF89
:1013600061CE273FE15441BF0566283FDAD040BF38
:1013700041FD283F5C4C40BF1594293F67C73FBFE4
:10138000802A2A3FFC413FBF82C02A3F1BBC3EBF90
:101390001B562B3FC5353EBF4AEB2B3FF9AE3DBF39
:1013A0000F802C3FB8273DBF69142D3F03A03CBFE1
:1013B00059A82D3FD9173CBFDE3B2E3F3B8F3BBF8B
:1013C000F7CE2E3F29063BBFA5612F3FA47C3ABF35
:1013D000E6F32F3FACF239BFBB85303F426839BFDF
:1013E0002217313F65DD38BF1DA8313F165238BF87
:1013F000AA38323F55C637BFC9C8323F233A37BF34
:101400007A58333F7FAD36BFBCE7333F6C2036BFE1
:101410008F76343FE79235BFF304353FF30435BF91
:10142000E792353F8F7634BF6C20363FBCE733BF41
:101430007FAD363F7A5833BF233A373FC9C832BFF2
:1014400055C6373FAA3832BF1652383F1DA831BFA4
:1014500065DD383F221731BF4268393FBB8530BF59
:10146000ACF2393FE6F32FBFA47C3A3FA5612FBF12
:1014700029063B3FF7CE2EBF3B8F3B3FDE3B2EBFC7
:10148000D9173C3F59A82DBF03A03C3F69142DBF7D
:10149000B8273D3F0F802CBFF9AE3D3F4AEB2BBF35
:1014A000C5353E3F1B562BBF1BBC3E3F82C02ABFEB
:1014B000FC413F3F802A2ABF67C73F3F159429BFA1
:1014C0005C4C403F41FD28BFDAD0403F056628BF55
:1014D000E154413F61CE27BF70D8413F563627BF08
:1014E000895B423FE39D26BF29DE423F0A0526BFB6
:1014F0005160433FCB6B25BF00E2433F25D224BF61
:101500003763443F1A3824BFF5E3443FA99D23BF06
:101510003964453FD30223BF03E4453F996722BFA7
:101520005463463FFBCB21BF2AE2463FF92F21BF40
:101530008560473F939320BF65DE473FCBF61FBFD3
:10154000CA5B483F9F591FBFB3D8483F12BC1EBF5C
:101550002155493F221E1EBF12D1493FD17F1DBFD9
:10156000874C4A3F1FE11CBF7FC74A3F0C421CBF4C
:10157000FA414B3F99A21BBFF8BB4B3FC6021BBFB2
:1015800078354C3F93621ABF79AE4C3F00C219BF09
:10159000FD264D3F0F2119BF029F4D3FC07F18BF51
:1015A00089164E3F12DE17BF908D4E3F073C17BF86
:1015B00017044F3F9F9916BF1F7A4F3FD9F615BFAB
:1015C000A8EF4F3FB75315BFAF64503F39B014BFBA
:1015D00037D9503F5F0C14BF3D4D513F2A6813BFB0
:1015E000C2C0513F9AC312BFC633523FB01E12BF92
:1015F00049A6523F6B7911BF4918533FCDD310BF55
:10160000C789533FD52D10BFC3FA533F84870FBFFF
:101610003B6B543FDBE00EBF31DB543FDA390EBF8A
:10162000A44A553F81920DBF93B9553FD0EA0CBFF4
:10163000FE27563FC9420CBFE595563F6B9A0BBF3C
:101640004803573FB7F10ABF2670573FAD480ABF5E
:101650007FDC573F4E9F09BF5348583F9BF508BF5B
:10166000A1B3583F924B08BF6A1E593F36A107BF2E
:10167000AD88593F86F606BF6AF2593F824B06BFD6
:10168000A05B5A3F2CA005BF50C45A3F84F404BF4E
:10169000792C5B3F894804BF1A945B3F3D9C03BF94
:1016A00034FB5B3F9FEF02BFC7615C3FB14202BFAB
:1016B000D1C75C3F739501BF532D5D3FE4E700BF89
:1016C0004D925D3F063A00BFBEF65D3FB217FFBECA
:1016D000A65A5E3FBBBAFDBE05BE5E3F275DFCBE9F
:1016E000DB205F3FF7FEFABE27835F3F2DA0F9BEE8
:1016F000E9E45F3FC840F8BE2146603FCBE0F6BE5C
:10170000CFA6603F3580F5BEF206613F071FF4BEED
:101710008A66613F43BDF2BE98C5613FEA5AF1BE99
:101720001A24623FFBF7EFBE1082623F7994EEBE4F
:101730007BDF623F6330EDBE5A3C633FBBCBEBBE09
:10174000AC98633F8166EABE73F4633FB700E9BEBD
:10175000AC4F643F5D9AE7BE59AA643F7533E6BE5D
:101760007904653FFECBE4BE0B5E653FFA63E3BEE2
:1017700010B7653F6AFBE1BE880F663F4F92E0BE3F
:101780007167663FA928DFBECCBE663F79BEDDBE6D
:101790009915673FC153DCBED86B673F80E8DABE5E
:1017A00087C1673FB97CD9BEA816683F6B10D8BE09
:1017B000396B683F99A3D6BE3CBF683F4136D5BE62
:1017C000AE12693F67C8D3BE9165693F095AD2BE60
:1017D000E4B7693F2AEBD0BEA7096A3FCA7BCFBEF8
:1017E000D95A6A3FEA0BCEBE7BAB6A3F8B9BCCBE1D
:1017F0008CFB6A3FAE2ACBBE0C4B6B3F53B9C9BEC4
:10180000FB996B3F7C47C8BE58E86B3F29D5C6BEE5
:1018100024366C3F5C62C5BE5E836C3F15EFC3BE71
:1018200007D06C3F557BC2BE1D1C6D3F1E07C1BE5D
:10183000A1676D3F6F92BFBE93B26D3F4A1DBEBEA2
:10184000F2FC6D3FAFA7BCBEBE466E3FA031BBBE33
:10185000F88F6E3F1EBBB9BE9ED86E3F2A44B8BEFD
:10186000B0206F3FC3CCB6BE30686F3FEC54B5BEFE
:101870001BAF6F3FA5DCB3BE73F56F3FEF63B2BE26
:10188000373B703FCBEAB0BE6680703F3A71AFBE67
:1018900002C5703F3CF7ADBE0809713FD47CACBEB9
:1018A0007A4C713F0102ABBE578F713FC486A9BE0F
:1018B0009FD1713F1F0BA8BE5213723F128FA6BE5D
:1018C0007054723F9F12A5BEF894723FC595A3BE97
:1018D000EBD4723F8718A2BE4714733FE59AA0BEAF
:1018E0000E53733FDF1C9FBE3F91733F789E9DBE9A
:1018F000D9CE733FAF1F9CBEDD0B743F86A09ABE4E
:101900004B48743FFE2099BE2284743F17A197BEB6
:1019100062BF743FD22096BE0BFA743F31A094BED2
:101920001D34753F351F93BE976D753FDD9D91BE8C
:101930007BA6753F2C1C90BEC6DE753F229A8EBEDC
:101940007A16763FC0178DBE974D763F07958BBEB2
:101950001B84763FF8118ABE07BA763F938E88BE05
:101960005BEF763FDA0A87BE1724773FCE8685BEC7
:101970003A58773F700284BEC58B773FC07D82BEE8
:10198000B7BE773FC0F880BE10F1773FE1E67EBE7C
:10199000D122783FA4DB7BBEF853783FCCCF78BE12
:1019A0008684783F5AC375BE7BB4783F51B672BE09
:1019B000D6E3783FB2A86FBE9812793F7F9A6CBE8B
:1019C000C040793FBA8B69BE4E6E793F667C66BE79
:1019D000439B793F836C63BE9DC7793F135C60BEB8
:1019E0005EF3793F1A4B5DBE841E7A3F97395ABE2B
:1019F00010497A3F8F2757BE02737A3F011554BEB4
:101A0000599C7A3FF10151BE16C57A3F60EE4DBE3A
:101A100037ED7A3F4FDA4ABEBE147B3FC2C547BEA0
:101A2000AB3B7B3FB9B044BEFC617B3F379B41BEC3
:101A3000B2877B3F3E853EBECDAC7B3FCF6E3BBE8B
:101A40004DD17B3FEC5738BE31F57B3F984035BEDA
:101A50007A187C3FD42832BE283B7C3FA2102FBE90
:101A60003A5D7C3F04F82BBEB07E7C3FFCDE28BE96
:101A70008A9F7C3F8CC525BEC9BF7C3FB6AB22BECA
:101A80006CDF7C3F7B911FBE73FE7C3FDE761CBE0D
:101A9000DD1C7D3FE05B19BEAC3A7D3F834016BE46
:101AA000DE577D3FCA2413BE74747D3FB70810BE55
:101AB0006E907D3F4AEC0CBECCAB7D3F86CF09BE1D
:101AC0008CC67D3F6EB206BEB1E07D3F029503BE7F
:101AD00038FA7D3F457700BE24137E3F73B2FABDCE
:101AE000722B7E3FC075F4BD23437E3F7638EEBD3A
:101AF000385A7E3F9AFAE7BDB0707E3F2EBCE1BDFA
:101B00008B867E3F377DDBBDC99B7E3FB93DD5BD12
:101B100069B07E3FB7FDCEBD6DC47E3F36BDC8BD4A
:101B2000D4D77E3F397CC2BD9DEA7E3FC33ABCBD5F
:101B3000C9FC7E3FDAF8B5BD580E7F3F80B6AFBD19
:101B4000491F7F3FBA73A9BD9D2F7F3F8C30A3BD36
:101B5000543F7F3FF9EC9CBD6D4E7F3F05A996BD7C
:101B6000E95C7F3FB46490BDC76A7F3F0A208ABDAD
:101B700008787F3F0ADB83BDAB847F3F742B7BBD3E
:101B8000B1907F3F38A06EBD189C7F3F681462BD46
:101B9000E3A67F3F0E8855BD0FB17F3F2FFB48BDA9
:101BA0009EBA7F3FD56D3CBD8FC37F3F07E02FBD01
:101BB000E2CB7F3FCC5123BD98D37F3F2CC316BDD2
:101BC000AFDA7F3F2F340ABD29E17F3FB949FBBC23
:101BD00005E77F3F7B2AE2BC43EC7F3FB00AC9BCEC
:101BE000E3F07F3F69EAAFBCE6F47F3FB6C996BC3D
:101BF0004AF87F3F4B517BBC11FB7F3F900E49BCA5
:101C000039FD7F3F59CB16BCC4FE7F3F890FC9BB4E
:101C1000B1FF7F3FC70F49BB0000803F00000000BD
:101C200043EC7F3FB00AC93C0FB17F3F2FFB483DDB
:101C30006D4E7F3F05A9963D6DC47E3F36BDC83DC4
:101C400024137E3F73B2FA3DAC3A7D3F8340163E8B
:101C5000283B7C3FA2102F3EBE147B3FC2C5473EAF
:101C60009DC7793F135C603EF853783FCCCF783EF8
:101C700007BA763F938E883E0BFA743F31A0943EAC
:101C80004714733FE59AA03E0809713FD47CAC3EEF
:101C90009ED86E3F2A44B83E5E836C3F15EFC33E2C
:101CA000A7096A3FCA7BCF3ED86B673F80E8DA3E20
:101CB00059AA643F7533E63E98C5613FEA5AF13E42
:101CC00005BE5E3F275DFC3E1A945B3F3D9C033F93
:101CD0005348583F9BF5083F31DB543FDA390E3FFC
:101CE0003D4D513F2A68133F029F4D3FC07F183F33
:101CF00012D1493FD17F1D3F03E4453F9967223F01
:101D000070D8413F5636273FF9AE3D3F4AEB2B3F57
:101D10004268393FBB85303FF304353FF304353F1C
:101D2000BB85303F4268393F4AEB2B3FF9AE3D3F20
:101D30005636273F70D8413F9967223F03E4453F1D
:101D4000D17F1D3F12D1493FC07F183F029F4D3FB9
:101D50002A68133F3D4D513FDA390E3F31DB543F86
:101D60009BF5083F5348583F3D9C033F1A945B3F07
:101D7000275DFC3E05BE5E3FEA5AF13E98C5613FD5
:101D80007533E63E59AA643F80E8DA3ED86B673F78
:101D9000CA7BCF3EA7096A3F15EFC33E5E836C3F07
:101DA0002A44B83E9ED86E3FD47CAC3E0809713FB1
:101DB000E59AA03E4714733F31A0943E0BFA743F5E
:101DC000938E883E07BA763FCCCF783EF853783F63
:101DD000135C603E9DC7793FC2C5473EBE147B3F42
:101DE000A2102F3E283B7C3F8340163EAC3A7D3FFD
:101DF00073B2FA3D24137E3F36BDC83D6DC47E3FAD
:101E000005A9963D6D4E7F3F2FFB483D0FB17F3FAB
:101E1000B00AC93C43EC7F3F000000000000803F57
:101E2000B00AC9BC43EC7F3F2FFB48BD0FB17F3FD9
:101E300005A996BD6D4E7F3F36BDC8BD6DC47E3FC2
:101E400073B2FABD24137E3F834016BEAC3A7D3F89
:101E5000A2102FBE283B7C3FC2C547BEBE147B3FAD
:101E6000135C60BE9DC7793FCCCF78BEF853783FF6
:101E7000938E88BE07BA763F31A094BE0BFA743FAA
:101E8000E59AA0BE4714733FD47CACBE0809713FED
:101E90002A44B8BE9ED86E3F15EFC3BE5E836C3F2A
:101EA000CA7BCFBEA7096A3F80E8DABED86B673F1E
:101EB0007533E6BE59AA643FEA5AF1BE98C5613F40
:101EC000275DFCBE05BE5E3F3D9C03BF1A945B3F91
:101ED0009BF508BF5348583FDA390EBF31DB543FFA
:101EE0002A6813BF3D4D513FC07F18BF029F4D3F31
:101EF000D17F1DBF12D1493F996722BF03E4453FFF
:101F0000563627BF70D8413F4AEB2BBFF9AE3D3F55
:101F1000BB8530BF4268393FF30435BFF304353F1A
:101F2000426839BFBB85303FF9AE3DBF4AEB2B3F1E
:101F300070D841BF5636273F03E445BF9967223F1B
:101F400012D149BFD17F1D3F029F4DBFC07F183FB7
:101F50003D4D51BF2A68133F31DB54BFDA390E3F84
:101F6000534858BF9BF5083F1A945BBF3D9C033F05
:101F700005BE5EBF275DFC3E98C561BFEA5AF13ED3
:101F800059AA64BF7533E63ED86B67BF80E8DA3E76
:101F9000A7096ABFCA7BCF3E5E836CBF15EFC33E05
:101FA0009ED86EBF2A44B83E080971BFD47CAC3EAF
:101FB000471473BFE59AA03E0BFA74BF31A0943E5C
:101FC00007BA76BF938E883EF85378BFCCCF783E61
:101FD0009DC779BF135C603EBE147BBFC2C5473E40
:101FE000283B7CBFA2102F3EAC3A7DBF8340163EFB
:101FF00024137EBF73B2FA3D6DC47EBF36BDC83DAB
:102000006D4E7FBF05A9963D0FB17FBF2FFB483DA9
:1020100043EC7FBFB00AC93C000080BF0000000055
:1020200043EC7FBFB00AC9BC0FB17FBF2FFB48BDD7
:102030006D4E7FBF05A996BD6DC47EBF36BDC8BDC0
:1020400024137EBF73B2FABDAC3A7DBF834016BE87
:10205000283B7CBFA2102FBEBE147BBFC2C547BEAB
:102060009DC779BF135C60BEF85378BFCCCF78BEF4
:1020700007BA76BF938E88BE0BFA74BF31A094BEA8
:10208000471473BFE59AA0BE080971BFD47CACBEEB
:102090009ED86EBF2A44B8BE5E836CBF15EFC3BE28
:1020A000A7096ABFCA7BCFBED86B67BF80E8DABE1C
:1020B00059AA64BF7533E6BE98C561BFEA5AF1BE3E
:1020C00005BE5EBF275DFCBE1A945BBF3D9C03BF8F
:1020D000534858BF9BF508BF31DB54BFDA390EBFF8
:1020E0003D4D51BF2A6813BF029F4DBFC07F18BF2F
:1020F00012D149BFD17F1DBF03E445BF996722BFFD
:1021000070D841BF563627BFF9AE3DBF4AEB2BBF53
:10211000426839BFBB8530BFF30435BFF30435BF18
:10212000BB8530BF426839BF4AEB2BBFF9AE3DBF1C
:10213000563627BF70D841BF996722BF03E445BF19
:10214000D17F1DBF12D149BFC07F18BF029F4DBFB5
:102150002A6813BF3D4D51BFDA390EBF31DB54BF82
:102160009BF508BF534858BF3D9C03BF1A945BBF03
:10217000275DFCBE05BE5EBFEA5AF1BE98C561BFD1
:102180007533E6BE59AA64BF80E8DABED86B67BF74
:10219000CA7BCFBEA7096ABF15EFC3BE5E836CBF03
:1021A0002A44B8BE9ED86EBFD47CACBE080971BFAD
:1021B000E59AA0BE471473BF31A094BE0BFA74BF5A
:1021C000938E88BE07BA76BFCCCF78BEF85378BF5F
:1021D000135C60BE9DC779BFC2C547BEBE147BBF3E
:1021E000A2102FBE283B7CBF834016BEAC3A7DBFF9
:1021F00073B2FABD24137EBF36BDC8BD6DC47EBFA9
:1022000005A996BD6D4E7FBF2FFB48BD0FB17FBFA7
:10221000B00AC9BC43EC7FBF00000080000080BF53
:10222000B00AC93C43EC7FBF2FFB483D0FB17FBFD5
:1022300005A9963D6D4E7FBF36BDC83D6DC47EBFBE
:1022400073B2FA3D24137EBF8340163EAC3A7DBF85
:10225000A2102F3E283B7CBFC2C5473EBE147BBFA9
:10226000135C603E9DC779BFCCCF783EF85378BFF2
:10227000938E883E07BA76BF31A0943E0BFA74BFA6
:10228000E59AA03E471473BFD47CAC3E080971BFE9
:102290002A44B83E9ED86EBF15EFC33E5E836CBF26
:1022A000CA7BCF3EA7096ABF80E8DA3ED86B67BF1A
:1022B0007533E63E59AA64BFEA5AF13E98C561BF3C
:1022C000275DFC3E05BE5EBF3D9C033F1A945BBF8D
:1022D0009BF5083F534858BFDA390E3F31DB54BFF6
:1022E0002A68133F3D4D51BFC07F183F029F4DBF2D
:1022F000D17F1D3F12D149BF9967223F03E445BFFB
:102300005636273F70D841BF4AEB2B3FF9AE3DBF51
:10231000BB85303F426839BFF304353FF30435BF16
:102320004268393FBB8530BFF9AE3D3F4AEB2BBF1A
:1023300070D8413F563627BF03E4453F996722BF17
:1023400012D1493FD17F1DBF029F4D3FC07F18BFB3
:102350003D4D513F2A6813BF31DB543FDA390EBF80
:102360005348583F9BF508BF1A945B3F3D9C03BF01
:1023700005BE5E3F275DFCBE98C5613FEA5AF1BECF
:1023800059AA643F7533E6BED86B673F80E8DABE72
:10239000A7096A3FCA7BCFBE5E836C3F15EFC3BE01
:1023A0009ED86E3F2A44B8BE0809713FD47CACBEAB
:1023B0004714733FE59AA0BE0BFA743F31A094BE58
:1023C00007BA763F938E88BEF853783FCCCF78BE5D
:1023D0009DC7793F135C60BEBE147B3FC2C547BE3C
:1023E000283B7C3FA2102FBEAC3A7D3F834016BEF7
:1023F00024137E3F73B2FABD6DC47E3F36BDC8BDA7
:102400006D4E7F3F05A996BD0FB17F3F2FFB48BDA5
:1024100043EC7F3FB00AC9BC0000803F00000000D1
:10242000BE147B3FC2C5473E5E836C3F15EFC33E83
:1024300031DB543FDA390E3FF304353FF304353FC7
:10244000DA390E3F31DB543F15EFC33E5E836C3FFC
:10245000C2C5473EBE147B3F000000000000803F25
:10246000C2C547BEBE147B3F15EFC3BE5E836C3F43
:10247000DA390EBF31DB543FF30435BFF304353F87
:1024800031DB54BFDA390E3F5E836CBF15EFC33EBC
:10249000BE147BBFC2C5473E000080BF00000000E5
:1024A000BE147BBFC2C547BE5E836CBF15EFC3BE03
:1024B00031DB54BFDA390EBFF30435BFF30435BF47
:1024C000DA390EBF31DB54BF15EFC3BE5E836CBF7C
:1024D000C2C547BEBE147BBF00000080000080BFA5
:1024E000C2C5473EBE147BBF15EFC33E5E836CBFC3
:1024F000DA390E3F31DB54BFF304353FF30435BF07
:1025000031DB543FDA390EBF5E836C3F15EFC3BE3B
:10251000BE147B3FC2C547BE0000803F00000000E4
:1025200011FB7F3F900E493C43EC7F3FB00AC93C12
:1025300098D37F3F2CC3163D0FB17F3F2FFB483D03
:10254000AB847F3F742B7B3D6D4E7F3F05A9963D4D
:10255000580E7F3F80B6AF3D6DC47E3F36BDC83D4F
:10256000B0707E3F2EBCE13D24137E3F73B2FA3D36
:10257000CCAB7D3F86CF093EAC3A7D3F8340163ED3
:10258000C9BF7C3FB6AB223E283B7C3FA2102F3E0A
:10259000CDAC7B3FCF6E3B3EBE147B3FC2C5473EBA
:1025A00002737A3F0115543E9DC7793F135C603E2C
:1025B0009812793F7F9A6C3EF853783FCCCF783EA3
:1025C000C58B773FC07D823E07BA763F938E883EAB
:1025D000C6DE753F229A8E3E0BFA743F31A0943EC0
:1025E000DD0B743F86A09A3E4714733FE59AA03EE8
:1025F0005213723F128FA63E0809713FD47CAC3E45
:1026000073F56F3FEF63B23E9ED86E3F2A44B83EEB
:1026100093B26D3F4A1DBE3E5E836C3F15EFC33ED5
:102620000C4B6B3F53B9C93EA7096A3FCA7BCF3EEB
:102630003CBF683F4136D53ED86B673F80E8DA3E05
:10264000880F663F4F92E03E59AA643F7533E63EDD
:102650005A3C633FBBCBEB3E98C5613FEA5AF13E23
:102660002146603FCBE0F63E05BE5E3F275DFC3E67
:10267000532D5D3FE4E7003F1A945B3F3D9C033FD1
:102680006AF2593F824B063F5348583F9BF5083F3B
:10269000E595563F6B9A0B3F31DB543FDA390E3FDD
:1026A0004918533FCDD3103F3D4D513F2A68133F4A
:1026B0001F7A4F3FD9F6153F029F4D3FC07F183F0D
:1026C000F8BB4B3FC6021B3F12D1493FD17F1D3F94
:1026D00065DE473FCBF61F3F03E4453F9967223F46
:1026E00000E2433F25D2243F70D8413F5636273F72
:1026F00067C73F3F1594293FF9AE3D3F4AEB2B3F5B
:102700003B8F3B3FDE3B2E3F4268393FBB85303F2E
:10271000233A373FC9C8323FF304353FF304353F0E
:10272000C9C8323F233A373FBB85303F4268393F03
:10273000DE3B2E3F3B8F3B3F4AEB2B3FF9AE3D3F0D
:102740001594293F67C73F3F5636273F70D8413F12
:1027500025D2243F00E2433F9967223F03E4453FEF
:10276000CBF61F3F65DE473FD17F1D3F12D1493F6A
:10277000C6021B3FF8BB4B3FC07F183F029F4D3F37
:10278000D9F6153F1F7A4F3F2A68133F3D4D513F01
:10279000CDD3103F4918533FDA390E3F31DB543F58
:1027A0006B9A0B3FE595563F9BF5083F5348583FC2
:1027B000824B063F6AF2593F3D9C033F1A945B3FB0
:1027C000E4E7003F532D5D3F275DFC3E05BE5E3FC5
:1027D000CBE0F63E2146603FEA5AF13E98C5613FA4
:1027E000BBCBEB3E5A3C633F7533E63E59AA643F90
:1027F0004F92E03E880F663F80E8DA3ED86B673F35
:102800004136D53E3CBF683FCA7BCF3EA7096A3FF1
:1028100053B9C93E0C4B6B3F15EFC33E5E836C3F13
:102820004A1DBE3E93B26D3F2A44B83E9ED86E3FCD
:10283000EF63B23E73F56F3FD47CAC3E0809713F45
:10284000128FA63E5213723FE59AA03E4714733F83
:1028500086A09A3EDD0B743F31A0943E0BFA743F84
:10286000229A8E3EC6DE753F938E883E07BA763F2B
:10287000C07D823EC58B773FCCCF783EF853783F02
:102880007F9A6C3E9812793F135C603E9DC7793FFA
:102890000115543E02737A3FC2C5473EBE147B3FCA
:1028A000CF6E3B3ECDAC7B3FA2102F3E283B7C3F02
:1028B000B6AB223EC9BF7C3F8340163EAC3A7D3F5B
:1028C00086CF093ECCAB7D3F73B2FA3D24137E3FE9
:1028D0002EBCE13DB0707E3F36BDC83D6DC47E3F2D
:1028E00080B6AF3D580E7F3F05A9963D6D4E7F3FA8
:1028F000742B7B3DAB847F3F2FFB483D0FB17F3F67
:102900002CC3163D98D37F3FB00AC93C43EC7F3FB0
:10291000900E493C11FB7F3F000000000000803F0B
:10292000900E49BC11FB7F3FB00AC9BC43EC7F3F0E
:102930002CC316BD98D37F3F2FFB48BD0FB17F3FFF
:10294000742B7BBDAB847F3F05A996BD6D4E7F3F49
:1029500080B6AFBD580E7F3F36BDC8BD6DC47E3F4B
:102960002EBCE1BDB0707E3F73B2FABD24137E3F32
:1029700086CF09BECCAB7D3F834016BEAC3A7D3FCF
:10298000B6AB22BEC9BF7C3FA2102FBE283B7C3F06
:10299000CF6E3BBECDAC7B3FC2C547BEBE147B3FB6
:1029A000011554BE02737A3F135C60BE9DC7793F28
:1029B0007F9A6CBE9812793FCCCF78BEF853783F9F
:1029C000C07D82BEC58B773F938E88BE07BA763FA7
:1029D000229A8EBEC6DE753F31A094BE0BFA743FBC
:1029E00086A09ABEDD0B743FE59AA0BE4714733FE4
:1029F000128FA6BE5213723FD47CACBE0809713F41
:102A0000EF63B2BE73F56F3F2A44B8BE9ED86E3FE7
:102A10004A1DBEBE93B26D3F15EFC3BE5E836C3FD1
:102A200053B9C9BE0C4B6B3FCA7BCFBEA7096A3FE7
:102A30004136D5BE3CBF683F80E8DABED86B673F01
:102A40004F92E0BE880F663F7533E6BE59AA643FD9
:102A5000BBCBEBBE5A3C633FEA5AF1BE98C5613F1F
:102A6000CBE0F6BE2146603F275DFCBE05BE5E3F63
:102A7000E4E700BF532D5D3F3D9C03BF1A945B3FCD
:102A8000824B06BF6AF2593F9BF508BF5348583F37
:102A90006B9A0BBFE595563FDA390EBF31DB543FD9
:102AA000CDD310BF4918533F2A6813BF3D4D513F46
:102AB000D9F615BF1F7A4F3FC07F18BF029F4D3F09
:102AC000C6021BBFF8BB4B3FD17F1DBF12D1493F90
:102AD000CBF61FBF65DE473F996722BF03E4453F42
:102AE00025D224BF00E2433F563627BF70D8413F6E
:102AF000159429BF67C73F3F4AEB2BBFF9AE3D3F57
:102B0000DE3B2EBF3B8F3B3FBB8530BF4268393F2A
:102B1000C9C832BF233A373FF30435BFF304353F0A
:102B2000233A37BFC9C8323F426839BFBB85303FFF
:102B30003B8F3BBFDE3B2E3FF9AE3DBF4AEB2B3F09
:102B400067C73FBF1594293F70D841BF5636273F0E
:102B500000E243BF25D2243F03E445BF9967223FEB
:102B600065DE47BFCBF61F3F12D149BFD17F1D3F66
:102B7000F8BB4BBFC6021B3F029F4DBFC07F183F33
:102B80001F7A4FBFD9F6153F3D4D51BF2A68133FFD
:102B9000491853BFCDD3103F31DB54BFDA390E3F54
:102BA000E59556BF6B9A0B3F534858BF9BF5083FBE
:102BB0006AF259BF824B063F1A945BBF3D9C033FAC
:102BC000532D5DBFE4E7003F05BE5EBF275DFC3EC1
:102BD000214660BFCBE0F63E98C561BFEA5AF13EA0
:102BE0005A3C63BFBBCBEB3E59AA64BF7533E63E8C
:102BF000880F66BF4F92E03ED86B67BF80E8DA3E31
:102C00003CBF68BF4136D53EA7096ABFCA7BCF3EED
:102C10000C4B6BBF53B9C93E5E836CBF15EFC33E0F
:102C200093B26DBF4A1DBE3E9ED86EBF2A44B83EC9
:102C300073F56FBFEF63B23E080971BFD47CAC3E41
:102C4000521372BF128FA63E471473BFE59AA03E7F
:102C5000DD0B74BF86A09A3E0BFA74BF31A0943E80
:102C6000C6DE75BF229A8E3E07BA76BF938E883E27
:102C7000C58B77BFC07D823EF85378BFCCCF783EFE
:102C8000981279BF7F9A6C3E9DC779BF135C603EF6
:102C900002737ABF0115543EBE147BBFC2C5473EC6
:102CA000CDAC7BBFCF6E3B3E283B7CBFA2102F3EFE
:102CB000C9BF7CBFB6AB223EAC3A7DBF8340163E57
:102CC000CCAB7DBF86CF093E24137EBF73B2FA3DE5
:102CD000B0707EBF2EBCE13D6DC47EBF36BDC83D29
:102CE000580E7FBF80B6AF3D6D4E7FBF05A9963DA4
:102CF000AB847FBF742B7B3D0FB17FBF2FFB483D63
:102D000098D37FBF2CC3163D43EC7FBFB00AC93CAC
:102D100011FB7FBF900E493C000080BF0000000007
:102D200011FB7FBF900E49BC43EC7FBFB00AC9BC0A
:102D300098D37FBF2CC316BD0FB17FBF2FFB48BDFB
:102D4000AB847FBF742B7BBD6D4E7FBF05A996BD45
:102D5000580E7FBF80B6AFBD6DC47EBF36BDC8BD47
:102D6000B0707EBF2EBCE1BD24137EBF73B2FABD2E
:102D7000CCAB7DBF86CF09BEAC3A7DBF834016BECB
:102D8000C9BF7CBFB6AB22BE283B7CBFA2102FBE02
:102D9000CDAC7BBFCF6E3BBEBE147BBFC2C547BEB2
:102DA00002737ABF011554BE9DC779BF135C60BE24
:102DB000981279BF7F9A6CBEF85378BFCCCF78BE9B
:102DC000C58B77BFC07D82BE07BA76BF938E88BEA3
:102DD000C6DE75BF229A8EBE0BFA74BF31A094BEB8
:102DE000DD0B74BF86A09ABE471473BFE59AA0BEE0
:102DF000521372BF128FA6BE080971BFD47CACBE3D
:102E000073F56FBFEF63B2BE9ED86EBF2A44B8BEE3
:102E100093B26DBF4A1DBEBE5E836CBF15EFC3BECD
:102E20000C4B6BBF53B9C9BEA7096ABFCA7BCFBEE3
:102E30003CBF68BF4136D5BED86B67BF80E8DABEFD
:102E4000880F66BF4F92E0BE59AA64BF7533E6BED5
:102E50005A3C63BFBBCBEBBE98C561BFEA5AF1BE1B
:102E6000214660BFCBE0F6BE05BE5EBF275DFCBE5F
:102E7000532D5DBFE4E700BF1A945BBF3D9C03BFC9
:102E80006AF259BF824B06BF534858BF9BF508BF33
:102E9000E59556BF6B9A0BBF31DB54BFDA390EBFD5
:102EA000491853BFCDD310BF3D4D51BF2A6813BF42
:102EB0001F7A4FBFD9F615BF029F4DBFC07F18BF05
:102EC000F8BB4BBFC6021BBF12D149BFD17F1DBF8C
:102ED00065DE47BFCBF61FBF03E445BF996722BF3E
:102EE00000E243BF25D224BF70D841BF563627BF6A
:102EF00067C73FBF159429BFF9AE3DBF4AEB2BBF53
:102F00003B8F3BBFDE3B2EBF426839BFBB8530BF26
:102F1000233A37BFC9C832BFF30435BFF30435BF06
:102F2000C9C832BF233A37BFBB8530BF426839BFFB
:102F3000DE3B2EBF3B8F3BBF4AEB2BBFF9AE3DBF05
:102F4000159429BF67C73FBF563627BF70D841BF0A
:102F500025D224BF00E243BF996722BF03E445BFE7
:102F6000CBF61FBF65DE47BFD17F1DBF12D149BF62
:102F7000C6021BBFF8BB4BBFC07F18BF029F4DBF2F
:102F8000D9F615BF1F7A4FBF2A6813BF3D4D51BFF9
:102F9000CDD310BF491853BFDA390EBF31DB54BF50
:102FA0006B9A0BBFE59556BF9BF508BF534858BFBA
:102FB000824B06BF6AF259BF3D9C03BF1A945BBFA8
:102FC000E4E700BF532D5DBF275DFCBE05BE5EBFBD
:102FD000CBE0F6BE214660BFEA5AF1BE98C561BF9C
:102FE000BBCBEBBE5A3C63BF7533E6BE59AA64BF88
:102FF0004F92E0BE880F66BF80E8DABED86B67BF2D
:103000004136D5BE3CBF68BFCA7BCFBEA7096ABFE9
:1030100053B9C9BE0C4B6BBF15EFC3BE5E836CBF0B
:103020004A1DBEBE93B26DBF2A44B8BE9ED86EBFC5
:10303000EF63B2BE73F56FBFD47CACBE080971BF3D
:10304000128FA6BE521372BFE59AA0BE471473BF7B
:1030500086A09ABEDD0B74BF31A094BE0BFA74BF7C
:10306000229A8EBEC6DE75BF938E88BE07BA76BF23
:10307000C07D82BEC58B77BFCCCF78BEF85378BFFA
:103080007F9A6CBE981279BF135C60BE9DC779BFF2
:10309000011554BE02737ABFC2C547BEBE147BBFC2
:1030A000CF6E3BBECDAC7BBFA2102FBE283B7CBFFA
:1030B000B6AB22BEC9BF7CBF834016BEAC3A7DBF53
:1030C00086CF09BECCAB7DBF73B2FABD24137EBFE1
:1030D0002EBCE1BDB0707EBF36BDC8BD6DC47EBF25
:1030E00080B6AFBD580E7FBF05A996BD6D4E7FBFA0
:1030F000742B7BBDAB847FBF2FFB48BD0FB17FBF5F
:103100002CC316BD98D37FBFB00AC9BC43EC7FBFA8
:10311000900E49BC11FB7FBF00000080000080BF03
:10312000900E493C11FB7FBFB00AC93C43EC7FBF06
:103130002CC3163D98D37FBF2FFB483D0FB17FBFF7
:10314000742B7B3DAB847FBF05A9963D6D4E7FBF41
:1031500080B6AF3D580E7FBF36BDC83D6DC47EBF43
:103160002EBCE13DB0707EBF73B2FA3D24137EBF2A
:1031700086CF093ECCAB7DBF8340163EAC3A7DBFC7
:10318000B6AB223EC9BF7CBFA2102F3E283B7CBFFE
:10319000CF6E3B3ECDAC7BBFC2C5473EBE147BBFAE
:1031A0000115543E02737ABF135C603E9DC779BF20
:1031B0007F9A6C3E981279BFCCCF783EF85378BF97
:1031C000C07D823EC58B77BF938E883E07BA76BF9F
:1031D000229A8E3EC6DE75BF31A0943E0BFA74BFB4
:1031E00086A09A3EDD0B74BFE59AA03E471473BFDC
:1031F000128FA63E521372BFD47CAC3E080971BF39
:10320000EF63B23E73F56FBF2A44B83E9ED86EBFDF
:103210004A1DBE3E93B26DBF15EFC33E5E836CBFC9
:1032200053B9C93E0C4B6BBFCA7BCF3EA7096ABFDF
:103230004136D53E3CBF68BF80E8DA3ED86B67BFF9
:103240004F92E03E880F66BF7533E63E59AA64BFD1
:10325000BBCBEB3E5A3C63BFEA5AF13E98C561BF17
:10326000CBE0F63E214660BF275DFC3E05BE5EBF5B
:10327000E4E7003F532D5DBF3D9C033F1A945BBFC5
:10328000824B063F6AF259BF9BF5083F534858BF2F
:103290006B9A0B3FE59556BFDA390E3F31DB54BFD1
:1032A000CDD3103F491853BF2A68133F3D4D51BF3E
:1032B000D9F6153F1F7A4FBFC07F183F029F4DBF01
:1032C000C6021B3FF8BB4BBFD17F1D3F12D149BF88
:1032D000CBF61F3F65DE47BF9967223F03E445BF3A
:1032E00025D2243F00E243BF5636273F70D841BF66
:1032F0001594293F67C73FBF4AEB2B3FF9AE3DBF4F
:10330000DE3B2E3F3B8F3BBFBB85303F426839BF22
:10331000C9C8323F233A37BFF304353FF30435BF02
:10332000233A373FC9C832BF4268393FBB8530BFF7
:103330003B8F3B3FDE3B2EBFF9AE3D3F4AEB2BBF01
:1033400067C73F3F159429BF70D8413F563627BF06
:1033500000E2433F25D224BF03E4453F996722BFE3
:1033600065DE473FCBF61FBF12D1493FD17F1DBF5E
:10337000F8BB4B3FC6021BBF029F4D3FC07F18BF2B
:103380001F7A4F3FD9F615BF3D4D513F2A6813BFF5
:103390004918533FCDD310BF31DB543FDA390EBF4C
:1033A000E595563F6B9A0BBF5348583F9BF508BFB6
:1033B0006AF2593F824B06BF1A945B3F3D9C03BFA4
:1033C000532D5D3FE4E700BF05BE5E3F275DFCBEB9
:1033D0002146603FCBE0F6BE98C5613FEA5AF1BE98
:1033E0005A3C633FBBCBEBBE59AA643F7533E6BE84
:1033F000880F663F4F92E0BED86B673F80E8DABE29
:103400003CBF683F4136D5BEA7096A3FCA7BCFBEE5
:103410000C4B6B3F53B9C9BE5E836C3F15EFC3BE07
:1034200093B26D3F4A1DBEBE9ED86E3F2A44B8BEC1
:1034300073F56F3FEF63B2BE0809713FD47CACBE39
:103440005213723F128FA6BE4714733FE59AA0BE77
:10345000DD0B743F86A09ABE0BFA743F31A094BE78
:10346000C6DE753F229A8EBE07BA763F938E88BE1F
:10347000C58B773FC07D82BEF853783FCCCF78BEF6
:103480009812793F7F9A6CBE9DC7793F135C60BEEE
:1034900002737A3F011554BEBE147B3FC2C547BEBE
:1034A000CDAC7B3FCF6E3BBE283B7C3FA2102FBEF6
:1034B000C9BF7C3FB6AB22BEAC3A7D3F834016BE4F
:1034C000CCAB7D3F86CF09BE24137E3F73B2FABDDD
:1034D000B0707E3F2EBCE1BD6DC47E3F36BDC8BD21
:1034E000580E7F3F80B6AFBD6D4E7F3F05A996BD9C
:1034F000AB847F3F742B7BBD0FB17F3F2FFB48BD5B
:1035000098D37F3F2CC316BD43EC7F3FB00AC9BCA4
:1035100011FB7F3F900E49BC000000000000803F7F
:10352000890FC93BC4FE7F3F900E493C11FB7F3F92
:10353000B6C9963CE6F47F3FB00AC93C43EC7F3FF6
:10354000B949FB3C29E17F3F2CC3163D98D37F3F0F
:1035500007E02F3D8FC37F3F2FFB483D0FB17F3FDB
:103560006814623D189C7F3F742B7B3DAB847F3F8A
:103570000A208A3DC76A7F3F05A9963D6D4E7F3F71
:103580008C30A33D9D2F7F3F80B6AF3D580E7F3FCF
:10359000C33ABC3D9DEA7E3F36BDC83D6DC47E3F0B
:1035A000B93DD53DC99B7E3F2EBCE13DB0707E3F0D
:1035B0007638EE3D23437E3F73B2FA3D24137E3FBF
:1035C0000295033EB1E07D3F86CF093ECCAB7D3F07
:1035D000B708103E74747D3F8340163EAC3A7D3F81
:1035E000DE761C3E73FE7C3FB6AB223EC9BF7C3FFD
:1035F000FCDE283EB07E7C3FA2102F3E283B7C3F65
:103600009840353E31F57B3FCF6E3B3ECDAC7B3FA6
:10361000379B413EFC617B3FC2C5473EBE147B3FAA
:1036200060EE4D3E16C57A3F0115543E02737A3F57
:1036300097395A3E841E7A3F135C603E9DC7793F9E
:10364000667C663E4E6E793F7F9A6C3E9812793F5B
:1036500051B6723E7BB4783FCCCF783EF853783F7A
:10366000E1E67E3E10F1773FC07D823EC58B773F1D
:10367000CE86853E1724773F938E883E07BA763FE5
:1036800007958B3E974D763F229A8E3EC6DE753F5C
:10369000DD9D913E976D753F31A0943E0BFA743FCE
:1036A00017A1973E2284743F86A09A3EDD0B743F9B
:1036B000789E9D3E3F91733FE59AA03E4714733F2D
:1036C000C595A33EF894723F128FA63E5213723FE7
:1036D000C486A93E578F713FD47CAC3E0809713F28
:1036E0003A71AF3E6680703FEF63B23E73F56F3F55
:1036F000EC54B53E30686F3F2A44B83E9ED86E3FCA
:10370000A031BB3EBE466E3F4A1DBE3E93B26D3FEA
:103710001E07C13E1D1C6D3F15EFC33E5E836C3F0F
:1037200029D5C63E58E86B3F53B9C93E0C4B6B3F99
:103730008B9BCC3E7BAB6A3FCA7BCF3EA7096A3FDF
:10374000095AD23E9165693F4136D53E3CBF683F3C
:103750006B10D83EA816683F80E8DA3ED86B673F0A
:1037600079BEDD3ECCBE663F4F92E03E880F663F9D
:10377000FA63E33E0B5E653F7533E63E59AA643F4C
:10378000B700E93E73F4633FBBCBEB3E5A3C633F6B
:103790007994EE3E1082623FEA5AF13E98C5613F4D
:1037A000071FF43EF206613FCBE0F63E2146603F44
:1037B0002DA0F93E27835F3F275DFC3E05BE5E3F9F
:1037C000B217FF3EBEF65D3FE4E7003F532D5D3F7D
:1037D000B142023FC7615C3F3D9C033F1A945B3F8F
:1037E00084F4043F50C45A3F824B063F6AF2593F6B
:1037F00036A1073F6A1E593F9BF5083F5348583F83
:10380000AD480A3F2670573F6B9A0B3FE595563FF0
:10381000D0EA0C3F93B9553FDA390E3F31DB543FC4
:1038200084870F3FC3FA533FCDD3103F4918533F0E
:10383000B01E123FC633523F2A68133F3D4D513FE1
:1038400039B0143FAF64503FD9F6153F1F7A4F3F50
:10385000073C173F908D4E3FC07F183F029F4D3F62
:1038600000C2193F79AE4C3FC6021B3FF8BB4B3F2D
:103870000C421C3F7FC74A3FD17F1D3F12D1493FB9
:1038800012BC1E3FB3D8483FCBF61F3F65DE473F13
:10389000F92F213F2AE2463F9967223F03E4453F43
:1038A000A99D233FF5E3443F25D2243F00E2433F57
:1038B0000A05263F29DE423F5636273F70D8413F52
:1038C0000566283FDAD0403F1594293F67C73F3F40
:1038D00082C02A3F1BBC3E3F4AEB2B3FF9AE3D3F27
:1038E00069142D3F03A03C3FDE3B2E3F3B8F3B3F07
:1038F000A5612F3FA47C3A3FBB85303F4268393FEA
:103900001DA8313F1652383FC9C8323F233A373FCE
:10391000BCE7333F6C20363FF304353FF304353FBB
:103920006C20363FBCE7333F233A373FC9C8323FAC
:103930001652383F1DA8313F4268393FBB85303FA2
:10394000A47C3A3FA5612F3F3B8F3B3FDE3B2E3FA0
:1039500003A03C3F69142D3FF9AE3D3F4AEB2B3F9E
:103960001BBC3E3F82C02A3F67C73F3F1594293F9B
:10397000DAD0403F0566283F70D8413F5636273F92
:1039800029DE423F0A05263F00E2433F25D2243F7D
:10399000F5E3443FA99D233F03E4453F9967223F58
:1039A0002AE2463FF92F213F65DE473FCBF61F3F16
:1039B000B3D8483F12BC1E3F12D1493FD17F1D3FB3
:1039C0007FC74A3F0C421C3FF8BB4B3FC6021B3F20
:1039D00079AE4C3F00C2193F029F4D3FC07F183F58
:1039E000908D4E3F073C173F1F7A4F3FD9F6153F4A
:1039F000AF64503F39B0143F3D4D513F2A68133FEB
:103A0000C633523FB01E123F4918533FCDD3103F2B
:103A1000C3FA533F84870F3F31DB543FDA390E3FFF
:103A200093B9553FD0EA0C3FE595563F6B9A0B3F53
:103A30002670573FAD480A3F5348583F9BF5083F13
:103A40006A1E593F36A1073F6AF2593F824B063F33
:103A500050C45A3F84F4043F1A945B3F3D9C033F9B
:103A6000C7615C3FB142023F532D5D3FE4E7003F39
:103A7000BEF65D3FB217FF3E05BE5E3F275DFC3ED2
:103A800027835F3F2DA0F93E2146603FCBE0F63E05
:103A9000F206613F071FF43E98C5613FEA5AF13EC6
:103AA0001082623F7994EE3E5A3C633FBBCBEB3EC3
:103AB00073F4633FB700E93E59AA643F7533E63EAD
:103AC0000B5E653FFA63E33E880F663F4F92E03E30
:103AD000CCBE663F79BEDD3ED86B673F80E8DA3EFC
:103AE000A816683F6B10D83E3CBF683F4136D53EB4
:103AF0009165693F095AD23EA7096A3FCA7BCF3E0A
:103B00007BAB6A3F8B9BCC3E0C4B6B3F53B9C93EA2
:103B100058E86B3F29D5C63E5E836C3F15EFC33E28
:103B20001D1C6D3F1E07C13E93B26D3F4A1DBE3E38
:103B3000BE466E3FA031BB3E9ED86E3F2A44B83E83
:103B400030686F3FEC54B53E73F56F3FEF63B23EA4
:103B50006680703F3A71AF3E0809713FD47CAC3E3D
:103B6000578F713FC486A93E5213723F128FA63EF3
:103B7000F894723FC595A33E4714733FE59AA03E63
:103B80003F91733F789E9D3EDD0B743F86A09A3E29
:103B90002284743F17A1973E0BFA743F31A0943EE4
:103BA000976D753FDD9D913EC6DE753F229A8E3E34
:103BB000974D763F07958B3E07BA763F938E883EAA
:103BC0001724773FCE86853EC58B773FC07D823EEA
:103BD00010F1773FE1E67E3EF853783FCCCF783E58
:103BE0007BB4783F51B6723E9812793F7F9A6C3E13
:103BF0004E6E793F667C663E9DC7793F135C603EA2
:103C0000841E7A3F97395A3E02737A3F0115543E1B
:103C100016C57A3F60EE4D3EBE147B3FC2C5473E9F
:103C2000FC617B3F379B413ECDAC7B3FCF6E3B3E43
:103C300031F57B3F9840353E283B7C3FA2102F3E1C
:103C4000B07E7C3FFCDE283EC9BF7C3FB6AB223E47
:103C500073FE7C3FDE761C3EAC3A7D3F8340163ED1
:103C600074747D3FB708103ECCAB7D3F86CF093ED4
:103C7000B1E07D3F0295033E24137E3F73B2FA3DCF
:103C800023437E3F7638EE3DB0707E3F2EBCE13D53
:103C9000C99B7E3FB93DD53D6DC47E3F36BDC83D15
:103CA0009DEA7E3FC33ABC3D580E7F3F80B6AF3D94
:103CB0009D2F7F3F8C30A33D6D4E7F3F05A9963DE4
:103CC000C76A7F3F0A208A3DAB847F3F742B7B3DD0
:103CD000189C7F3F6814623D0FB17F3F2FFB483D2A
:103CE0008FC37F3F07E02F3D98D37F3F2CC3163D06
:103CF00029E17F3FB949FB3C43EC7F3FB00AC93C17
:103D0000E6F47F3FB6C9963C11FB7F3F900E493CDD
:103D1000C4FE7F3F890FC93B0000803F00000000C8
:103D2000C4FE7F3F890FC9BB11FB7F3F900E49BC8A
:103D3000E6F47F3FB6C996BC43EC7F3FB00AC9BCEE
:103D400029E17F3FB949FBBC98D37F3F2CC316BD07
:103D50008FC37F3F07E02FBD0FB17F3F2FFB48BDD3
:103D6000189C7F3F681462BDAB847F3F742B7BBD82
:103D7000C76A7F3F0A208ABD6D4E7F3F05A996BD69
:103D80009D2F7F3F8C30A3BD580E7F3F80B6AFBDC7
:103D90009DEA7E3FC33ABCBD6DC47E3F36BDC8BD03
:103DA000C99B7E3FB93DD5BDB0707E3F2EBCE1BD05
:103DB00023437E3F7638EEBD24137E3F73B2FABDB7
:103DC000B1E07D3F029503BECCAB7D3F86CF09BEFF
:103DD00074747D3FB70810BEAC3A7D3F834016BE79
:103DE00073FE7C3FDE761CBEC9BF7C3FB6AB22BEF5
:103DF000B07E7C3FFCDE28BE283B7C3FA2102FBE5D
:103E000031F57B3F984035BECDAC7B3FCF6E3BBE9E
:103E1000FC617B3F379B41BEBE147B3FC2C547BEA2
:103E200016C57A3F60EE4DBE02737A3F011554BE4F
:103E3000841E7A3F97395ABE9DC7793F135C60BE96
:103E40004E6E793F667C66BE9812793F7F9A6CBE53
:103E50007BB4783F51B672BEF853783FCCCF78BE72
:103E600010F1773FE1E67EBEC58B773FC07D82BE15
:103E70001724773FCE8685BE07BA763F938E88BEDD
:103E8000974D763F07958BBEC6DE753F229A8EBE54
:103E9000976D753FDD9D91BE0BFA743F31A094BEC6
:103EA0002284743F17A197BEDD0B743F86A09ABE93
:103EB0003F91733F789E9DBE4714733FE59AA0BE25
:103EC000F894723FC595A3BE5213723F128FA6BEDF
:103ED000578F713FC486A9BE0809713FD47CACBE20
:103EE0006680703F3A71AFBE73F56F3FEF63B2BE4D
:103EF00030686F3FEC54B5BE9ED86E3F2A44B8BEC2
:103F0000BE466E3FA031BBBE93B26D3F4A1DBEBEE2
:103F10001D1C6D3F1E07C1BE5E836C3F15EFC3BE07
:103F200058E86B3F29D5C6BE0C4B6B3F53B9C9BE91
:103F30007BAB6A3F8B9BCCBEA7096A3FCA7BCFBED7
:103F40009165693F095AD2BE3CBF683F4136D5BE34
:103F5000A816683F6B10D8BED86B673F80E8DABE02
:103F6000CCBE663F79BEDDBE880F663F4F92E0BE95
:103F70000B5E653FFA63E3BE59AA643F7533E6BE44
:103F800073F4633FB700E9BE5A3C633FBBCBEBBE63
:103F90001082623F7994EEBE98C5613FEA5AF1BE45
:103FA000F206613F071FF4BE2146603FCBE0F6BE3C
:103FB00027835F3F2DA0F9BE05BE5E3F275DFCBE97
:103FC000BEF65D3FB217FFBE532D5D3FE4E700BF75
:103FD000C7615C3FB14202BF1A945B3F3D9C03BF87
:103FE00050C45A3F84F404BF6AF2593F824B06BF63
:103FF0006A1E593F36A107BF5348583F9BF508BF7B
:104000002670573FAD480ABFE595563F6B9A0BBFE8
:1040100093B9553FD0EA0CBF31DB543FDA390EBFBC
:10402000C3FA533F84870FBF4918533FCDD310BF06
:10403000C633523FB01E12BF3D4D513F2A6813BFD9
:10404000AF64503F39B014BF1F7A4F3FD9F615BF48
:10405000908D4E3F073C17BF029F4D3FC07F18BF5A
:1040600079AE4C3F00C219BFF8BB4B3FC6021BBF25
:104070007FC74A3F0C421CBF12D1493FD17F1DBFB1
:10408000B3D8483F12BC1EBF65DE473FCBF61FBF0B
:104090002AE2463FF92F21BF03E4453F996722BF3B
:1040A000F5E3443FA99D23BF00E2433F25D224BF4F
:1040B00029DE423F0A0526BF70D8413F563627BF4A
:1040C000DAD0403F056628BF67C73F3F159429BF38
:1040D0001BBC3E3F82C02ABFF9AE3D3F4AEB2BBF1F
:1040E00003A03C3F69142DBF3B8F3B3FDE3B2EBFFF
:1040F000A47C3A3FA5612FBF4268393FBB8530BFE2
:104100001652383F1DA831BF233A373FC9C832BFC6
:104110006C20363FBCE733BFF304353FF30435BFB3
:10412000BCE7333F6C2036BFC9C8323F233A37BFA4
:104130001DA8313F165238BFBB85303F426839BF9A
:10414000A5612F3FA47C3ABFDE3B2E3F3B8F3BBF98
:1041500069142D3F03A03CBF4AEB2B3FF9AE3DBF96
:1041600082C02A3F1BBC3EBF1594293F67C73FBF93
:104170000566283FDAD040BF5636273F70D841BF8A
:104180000A05263F29DE42BF25D2243F00E243BF75
:10419000A99D233FF5E344BF9967223F03E445BF50
:1041A000F92F213F2AE246BFCBF61F3F65DE47BF0E
:1041B00012BC1E3FB3D848BFD17F1D3F12D149BFAB
:1041C0000C421C3F7FC74ABFC6021B3FF8BB4BBF18
:1041D00000C2193F79AE4CBFC07F183F029F4DBF50
:1041E000073C173F908D4EBFD9F6153F1F7A4FBF42
:1041F00039B0143FAF6450BF2A68133F3D4D51BFE3
:10420000B01E123FC63352BFCDD3103F491853BF23
:1042100084870F3FC3FA53BFDA390E3F31DB54BFF7
:10422000D0EA0C3F93B955BF6B9A0B3FE59556BF4B
:10423000AD480A3F267057BF9BF5083F534858BF0B
:1042400036A1073F6A1E59BF824B063F6AF259BF2B
:1042500084F4043F50C45ABF3D9C033F1A945BBF93
:10426000B142023FC7615CBFE4E7003F532D5DBF31
:10427000B217FF3EBEF65DBF275DFC3E05BE5EBFCA
:104280002DA0F93E27835FBFCBE0F63E214660BFFD
:10429000071FF43EF20661BFEA5AF13E98C561BFBE
:1042A0007994EE3E108262BFBBCBEB3E5A3C63BFBB
:1042B000B700E93E73F463BF7533E63E59AA64BFA5
:1042C000FA63E33E0B5E65BF4F92E03E880F66BF28
:1042D00079BEDD3ECCBE66BF80E8DA3ED86B67BFF4
:1042E0006B10D83EA81668BF4136D53E3CBF68BFAC
:1042F000095AD23E916569BFCA7BCF3EA7096ABF02
:104300008B9BCC3E7BAB6ABF53B9C93E0C4B6BBF9A
:1043100029D5C63E58E86BBF15EFC33E5E836CBF20
:104320001E07C13E1D1C6DBF4A1DBE3E93B26DBF30
:10433000A031BB3EBE466EBF2A44B83E9ED86EBF7B
:10434000EC54B53E30686FBFEF63B23E73F56FBF9C
:104350003A71AF3E668070BFD47CAC3E080971BF35
:10436000C486A93E578F71BF128FA63E521372BFEB
:10437000C595A33EF89472BFE59AA03E471473BF5B
:10438000789E9D3E3F9173BF86A09A3EDD0B74BF21
:1043900017A1973E228474BF31A0943E0BFA74BFDC
:1043A000DD9D913E976D75BF229A8E3EC6DE75BF2C
:1043B00007958B3E974D76BF938E883E07BA76BFA2
:1043C000CE86853E172477BFC07D823EC58B77BFE2
:1043D000E1E67E3E10F177BFCCCF783EF85378BF50
:1043E00051B6723E7BB478BF7F9A6C3E981279BF0B
:1043F000667C663E4E6E79BF135C603E9DC779BF9A
:1044000097395A3E841E7ABF0115543E02737ABF13
:1044100060EE4D3E16C57ABFC2C5473EBE147BBF97
:10442000379B413EFC617BBFCF6E3B3ECDAC7BBF3B
:104430009840353E31F57BBFA2102F3E283B7CBF14
:10444000FCDE283EB07E7CBFB6AB223EC9BF7CBF3F
:10445000DE761C3E73FE7CBF8340163EAC3A7DBFC9
:10446000B708103E74747DBF86CF093ECCAB7DBFCC
:104470000295033EB1E07DBF73B2FA3D24137EBFC7
:104480007638EE3D23437EBF2EBCE13DB0707EBF4B
:10449000B93DD53DC99B7EBF36BDC83D6DC47EBF0D
:1044A000C33ABC3D9DEA7EBF80B6AF3D580E7FBF8C
:1044B0008C30A33D9D2F7FBF05A9963D6D4E7FBFDC
:1044C0000A208A3DC76A7FBF742B7B3DAB847FBFC8
:1044D0006814623D189C7FBF2FFB483D0FB17FBF22
:1044E00007E02F3D8FC37FBF2CC3163D98D37FBFFE
:1044F000B949FB3C29E17FBFB00AC93C43EC7FBF0F
:10450000B6C9963CE6F47FBF900E493C11FB7FBFD5
:10451000890FC93BC4FE7FBF000000000000803F40
:10452000C70F493BB1FF7F3F890FC93BC4FE7F3FA7
:1045300059CB163C39FD7F3F900E493C11FB7F3F24
:104540004B517B3C4AF87F3FB6C9963CE6F47F3F2F
:1045500069EAAF3CE3F07F3FB00AC93C43EC7F3FE0
:104560007B2AE23C05E77F3FB949FB3C29E17F3FDD
:104570002F340A3DAFDA7F3F2CC3163D98D37F3FDF
:10458000CC51233DE2CB7F3F07E02F3D8FC37F3FE0
:10459000D56D3C3D9EBA7F3F2FFB483D0FB17F3F1D
:1045A0000E88553DE3A67F3F6814623D189C7F3F0F
:1045B00038A06E3DB1907F3F742B7B3DAB847F3F35
:1045C0000ADB833D08787F3F0A208A3DC76A7F3F28
:1045D000B464903DE95C7F3F05A9963D6D4E7F3FF9
:1045E000F9EC9C3D543F7F3F8C30A33D9D2F7F3F96
:1045F000BA73A93D491F7F3F80B6AF3D580E7F3F3C
:10460000DAF8B53DC9FC7E3FC33ABC3D9DEA7E3F2A
:10461000397CC23DD4D77E3F36BDC83D6DC47E3F98
:10462000B7FDCE3D69B07E3FB93DD53DC99B7E3FCC
:10463000377DDB3D8B867E3F2EBCE13DB0707E3FFB
:104640009AFAE73D385A7E3F7638EE3D23437E3F67
:10465000C075F43D722B7E3F73B2FA3D24137E3F4A
:104660004577003E38FA7D3F0295033EB1E07D3F3D
:104670006EB2063E8CC67D3F86CF093ECCAB7D3FF9
:104680004AEC0C3E6E907D3FB708103E74747D3F3F
:10469000CA24133EDE577D3F8340163EAC3A7D3F31
:1046A000E05B193EDD1C7D3FDE761C3E73FE7C3FE9
:1046B0007B911F3E6CDF7C3FB6AB223EC9BF7C3F87
:1046C0008CC5253E8A9F7C3FFCDE283EB07E7C3F29
:1046D00004F82B3E3A5D7C3FA2102F3E283B7C3FE6
:1046E000D428323E7A187C3F9840353E31F57B3FE6
:1046F000EC57383E4DD17B3FCF6E3B3ECDAC7B3F40
:104700003E853E3EB2877B3F379B413EFC617B3F0F
:10471000B9B0443EAB3B7B3FC2C5473EBE147B3F76
:104720004FDA4A3E37ED7A3F60EE4D3E16C57A3F8E
:10473000F101513E599C7A3F0115543E02737A3F74
:104740008F27573E10497A3F97395A3E841E7A3F49
:104750001A4B5D3E5EF3793F135C603E9DC7793F27
:10476000836C633E439B793F667C663E4E6E793F29
:10477000BA8B693EC040793F7F9A6C3E9812793F70
:10478000B2A86F3ED6E3783F51B6723E7BB4783F15
:104790005AC3753E8684783FCCCF783EF853783F35
:1047A000A4DB7B3ED122783FE1E67E3E10F1773FED
:1047B000C0F8803EB7BE773FC07D823EC58B773F55
:1047C0007002843E3A58773FCE86853E1724773F65
:1047D000DA0A873E5BEF763F938E883E07BA763FD4
:1047E000F8118A3E1B84763F07958B3E974D763FA6
:1047F000C0178D3E7A16763F229A8E3EC6DE753FF2
:104800002C1C903E7BA6753FDD9D913E976D753FBC
:10481000351F933E1D34753F31A0943E0BFA743F13
:10482000D220963E62BF743F17A1973E2284743F08
:10483000FE20993E4B48743F86A09A3EDD0B743FA4
:10484000AF1F9C3ED9CE733F789E9D3E3F91733FF4
:10485000DF1C9F3E0E53733FE59AA03E4714733F03
:104860008718A23EEBD4723FC595A33EF894723FE1
:104870009F12A53E7054723F128FA63E5213723F94
:104880001F0BA83E9FD1713FC486A93E578F713F31
:104890000102AB3E7A4C713FD47CAC3E0809713FBB
:1048A0003CF7AD3E02C5703F3A71AF3E6680703F47
:1048B000CBEAB03E373B703FEF63B23E73F56F3FDC
:1048C000A5DCB33E1BAF6F3FEC54B53E30686F3F85
:1048D000C3CCB63EB0206F3F2A44B83E9ED86E3F50
:1048E0001EBBB93EF88F6E3FA031BB3EBE466E3F49
:1048F000AFA7BC3EF2FC6D3F4A1DBE3E93B26D3F7A
:104900006F92BF3EA1676D3F1E07C13E1D1C6D3FEC
:10491000557BC23E07D06C3F15EFC33E5E836C3FB4
:104920005C62C53E24366C3F29D5C63E58E86B3FD5
:104930007C47C83EFB996B3F53B9C93E0C4B6B3F5C
:10494000AE2ACB3E8CFB6A3F8B9BCC3E7BAB6A3F57
:10495000EA0BCE3ED95A6A3FCA7BCF3EA7096A3FCF
:104960002AEBD03EE4B7693F095AD23E9165693FD0
:1049700067C8D33EAE12693F4136D53E3CBF683F63
:1049800099A3D63E396B683F6B10D83EA816683F96
:10499000B97CD93E87C1673F80E8DA3ED86B673F74
:1049A000C153DC3E9915673F79BEDD3ECCBE663F04
:1049B000A928DF3E7167663F4F92E03E880F663F51
:1049C0006AFBE13E10B7653FFA63E33E0B5E653F6D
:1049D000FECBE43E7904653F7533E63E59AA643F59
:1049E0005D9AE73EAC4F643FB700E93E73F4633F26
:1049F0008166EA3EAC98633FBBCBEB3E5A3C633FDB
:104A00006330ED3E7BDF623F7994EE3E1082623F81
:104A1000FBF7EF3E1A24623FEA5AF13E98C5613F28
:104A200043BDF23E8A66613F071FF43EF206613FD6
:104A30003580F53ECFA6603FCBE0F63E2146603F95
:104A4000C840F83EE9E45F3F2DA0F93E27835F3F71
:104A5000F7FEFA3EDB205F3F275DFC3E05BE5E3F72
:104A6000BBBAFD3EA65A5E3FB217FF3EBEF65D3FA3
:104A7000063A003F4D925D3FE4E7003F532D5D3F16
:104A80007395013FD1C75C3FB142023FC7615C3FB4
:104A90009FEF023F34FB5B3F3D9C033F1A945B3F1B
:104AA0008948043F792C5B3F84F4043F50C45A3F4B
:104AB0002CA0053FA05B5A3F824B063F6AF2593F4C
:104AC00086F6063FAD88593F36A1073F6A1E593F1B
:104AD000924B083FA1B3583F9BF5083F5348583FBE
:104AE0004E9F093F7FDC573FAD480A3F2670573F36
:104AF000B7F10A3F4803573F6B9A0B3FE595563F86
:104B0000C9420C3FFE27563FD0EA0C3F93B9553FB0
:104B100081920D3FA44A553FDA390E3F31DB543FB5
:104B2000DBE00E3F3B6B543F84870F3FC3FA533F9C
:104B3000D52D103FC789533FCDD3103F4918533F60
:104B40006B79113F49A6523FB01E123FC633523F08
:104B50009AC3123FC2C0513F2A68133F3D4D513F97
:104B60005F0C143F37D9503F39B0143FAF64503F0A
:104B7000B753153FA8EF4F3FD9F6153F1F7A4F3F68
:104B80009F99163F17044F3F073C173F908D4E3FAC
:104B900012DE173F89164E3FC07F183F029F4D3FE0
:104BA0000F21193FFD264D3F00C2193F79AE4C3F02
:104BB00093621A3F78354C3FC6021B3FF8BB4B3F10
:104BC00099A21B3FFA414B3F0C421C3F7FC74A3F13
:104BD0001FE11C3F874C4A3FD17F1D3F12D1493F07
:104BE000221E1E3F2155493F12BC1E3FB3D8483FED
:104BF0009F591F3FCA5B483FCBF61F3F65DE473FCB
:104C00009393203F8560473FF92F213F2AE2463F9B
:104C1000FBCB213F5463463F9967223F03E4453F66
:104C2000D302233F3964453FA99D233FF5E3443F29
:104C30001A38243F3763443F25D2243F00E2433FE4
:104C4000CB6B253F5160433F0A05263F29DE423F9B
:104C5000E39D263F895B423F5636273F70D8413F50
:104C600061CE273FE154413F0566283FDAD0403FFF
:104C700041FD283F5C4C403F1594293F67C73F3FAB
:104C8000802A2A3FFC413F3F82C02A3F1BBC3E3F57
:104C90001B562B3FC5353E3F4AEB2B3FF9AE3D3F00
:104CA0000F802C3FB8273D3F69142D3F03A03C3FA8
:104CB00059A82D3FD9173C3FDE3B2E3F3B8F3B3F52
:104CC000F7CE2E3F29063B3FA5612F3FA47C3A3FFC
:104CD000E6F32F3FACF2393FBB85303F4268393FA6
:104CE0002217313F65DD383F1DA8313F1652383F4E
:104CF000AA38323F55C6373FC9C8323F233A373FFB
:104D00007A58333F7FAD363FBCE7333F6C20363FA8
:104D10008F76343FE792353FF304353FF304353F58
:104D2000E792353F8F76343F6C20363FBCE7333F08
:104D30007FAD363F7A58333F233A373FC9C8323FB9
:104D400055C6373FAA38323F1652383F1DA8313F6B
:104D500065DD383F2217313F4268393FBB85303F20
:104D6000ACF2393FE6F32F3FA47C3A3FA5612F3FD9
:104D700029063B3FF7CE2E3F3B8F3B3FDE3B2E3F8E
:104D8000D9173C3F59A82D3F03A03C3F69142D3F44
:104D9000B8273D3F0F802C3FF9AE3D3F4AEB2B3FFC
:104DA000C5353E3F1B562B3F1BBC3E3F82C02A3FB2
:104DB000FC413F3F802A2A3F67C73F3F1594293F68
:104DC0005C4C403F41FD283FDAD0403F0566283F1C
:104DD000E154413F61CE273F70D8413F5636273FCF
:104DE000895B423FE39D263F29DE423F0A05263F7D
:104DF0005160433FCB6B253F00E2433F25D2243F28
:104E00003763443F1A38243FF5E3443FA99D233FCD
:104E10003964453FD302233F03E4453F9967223F6E
:104E20005463463FFBCB213F2AE2463FF92F213F07
:104E30008560473F9393203F65DE473FCBF61F3F9A
:104E4000CA5B483F9F591F3FB3D8483F12BC1E3F23
:104E50002155493F221E1E3F12D1493FD17F1D3FA0
:104E6000874C4A3F1FE11C3F7FC74A3F0C421C3F13
:104E7000FA414B3F99A21B3FF8BB4B3FC6021B3F79
:104E800078354C3F93621A3F79AE4C3F00C2193FD0
:104E9000FD264D3F0F21193F029F4D3FC07F183F18
:104EA00089164E3F12DE173F908D4E3F073C173F4D
:104EB00017044F3F9F99163F1F7A4F3FD9F6153F72
:104EC000A8EF4F3FB753153FAF64503F39B0143F81
:104ED00037D9503F5F0C143F3D4D513F2A68133F77
:104EE000C2C0513F9AC3123FC633523FB01E123F59
:104EF00049A6523F6B79113F4918533FCDD3103F1C
:104F0000C789533FD52D103FC3FA533F84870F3FC6
:104F10003B6B543FDBE00E3F31DB543FDA390E3F51
:104F2000A44A553F81920D3F93B9553FD0EA0C3FBB
:104F3000FE27563FC9420C3FE595563F6B9A0B3F03
:104F40004803573FB7F10A3F2670573FAD480A3F25
:104F50007FDC573F4E9F093F5348583F9BF5083F22
:104F6000A1B3583F924B083F6A1E593F36A1073FF5
:104F7000AD88593F86F6063F6AF2593F824B063F9D
:104F8000A05B5A3F2CA0053F50C45A3F84F4043F15
:104F9000792C5B3F8948043F1A945B3F3D9C033F5B
:104FA00034FB5B3F9FEF023FC7615C3FB142023F72
:104FB000D1C75C3F7395013F532D5D3FE4E7003F50
:104FC0004D925D3F063A003FBEF65D3FB217FF3E91
:104FD000A65A5E3FBBBAFD3E05BE5E3F275DFC3E66
:104FE000DB205F3FF7FEFA3E27835F3F2DA0F93EAF
:104FF000E9E45F3FC840F83E2146603FCBE0F63E23
:10500000CFA6603F3580F53EF206613F071FF43EB4
:105010008A66613F43BDF23E98C5613FEA5AF13E60
:105020001A24623FFBF7EF3E1082623F7994EE3E16
:105030007BDF623F6330ED3E5A3C633FBBCBEB3ED0
:10504000AC98633F8166EA3E73F4633FB700E93E84
:10505000AC4F643F5D9AE73E59AA643F7533E63E24
:105060007904653FFECBE43E0B5E653FFA63E33EA9
:1050700010B7653F6AFBE13E880F663F4F92E03E06
:105080007167663FA928DF3ECCBE663F79BEDD3E34
:105090009915673FC153DC3ED86B673F80E8DA3E25
:1050A00087C1673FB97CD93EA816683F6B10D83ED0
:1050B000396B683F99A3D63E3CBF683F4136D53E29
:1050C000AE12693F67C8D33E9165693F095AD23E27
:1050D000E4B7693F2AEBD03EA7096A3FCA7BCF3EBF
:1050E000D95A6A3FEA0BCE3E7BAB6A3F8B9BCC3EE4
:1050F0008CFB6A3FAE2ACB3E0C4B6B3F53B9C93E8B
:10510000FB996B3F7C47C83E58E86B3F29D5C63EAC
:1051100024366C3F5C62C53E5E836C3F15EFC33E38
:1051200007D06C3F557BC23E1D1C6D3F1E07C13E24
:10513000A1676D3F6F92BF3E93B26D3F4A1DBE3E69
:10514000F2FC6D3FAFA7BC3EBE466E3FA031BB3EFA
:10515000F88F6E3F1EBBB93E9ED86E3F2A44B83EC4
:10516000B0206F3FC3CCB63E30686F3FEC54B53EC5
:105170001BAF6F3FA5DCB33E73F56F3FEF63B23EED
:10518000373B703FCBEAB03E6680703F3A71AF3E2E
:1051900002C5703F3CF7AD3E0809713FD47CAC3E80
:1051A0007A4C713F0102AB3E578F713FC486A93ED6
:1051B0009FD1713F1F0BA83E5213723F128FA63E24
:1051C0007054723F9F12A53EF894723FC595A33E5E
:1051D000EBD4723F8718A23E4714733FE59AA03E76
:1051E0000E53733FDF1C9F3E3F91733F789E9D3E61
:1051F000D9CE733FAF1F9C3EDD0B743F86A09A3E15
:105200004B48743FFE20993E2284743F17A1973E7D
:1052100062BF743FD220963E0BFA743F31A0943E99
:105220001D34753F351F933E976D753FDD9D913E53
:105230007BA6753F2C1C903EC6DE753F229A8E3EA3
:105240007A16763FC0178D3E974D763F07958B3E79
:105250001B84763FF8118A3E07BA763F938E883ECC
:105260005BEF763FDA0A873E1724773FCE86853E8E
:105270003A58773F7002843EC58B773FC07D823EAF
:10528000B7BE773FC0F8803E10F1773FE1E67E3E43
:10529000D122783FA4DB7B3EF853783FCCCF783ED9
:1052A0008684783F5AC3753E7BB4783F51B6723ED0
:1052B000D6E3783FB2A86F3E9812793F7F9A6C3E52
:1052C000C040793FBA8B693E4E6E793F667C663E40
:1052D000439B793F836C633E9DC7793F135C603E7F
:1052E0005EF3793F1A4B5D3E841E7A3F97395A3EF2
:1052F00010497A3F8F27573E02737A3F0115543E7B
:10530000599C7A3FF101513E16C57A3F60EE4D3E01
:1053100037ED7A3F4FDA4A3EBE147B3FC2C5473E67
:10532000AB3B7B3FB9B0443EFC617B3F379B413E8A
:10533000B2877B3F3E853E3ECDAC7B3FCF6E3B3E52
:105340004DD17B3FEC57383E31F57B3F9840353EA1
:105350007A187C3FD428323E283B7C3FA2102F3E57
:105360003A5D7C3F04F82B3EB07E7C3FFCDE283E5D
:105370008A9F7C3F8CC5253EC9BF7C3FB6AB223E91
:105380006CDF7C3F7B911F3E73FE7C3FDE761C3ED4
:10539000DD1C7D3FE05B193EAC3A7D3F8340163E0D
:1053A000DE577D3FCA24133E74747D3FB708103E1C
:1053B0006E907D3F4AEC0C3ECCAB7D3F86CF093EE4
:1053C0008CC67D3F6EB2063EB1E07D3F0295033E46
:1053D00038FA7D3F4577003E24137E3F73B2FA3D95
:1053E000722B7E3FC075F43D23437E3F7638EE3D01
:1053F000385A7E3F9AFAE73DB0707E3F2EBCE13DC1
:105400008B867E3F377DDB3DC99B7E3FB93DD53DD9
:1054100069B07E3FB7FDCE3D6DC47E3F36BDC83D11
:10542000D4D77E3F397CC23D9DEA7E3FC33ABC3D26
:10543000C9FC7E3FDAF8B53D580E7F3F80B6AF3DE0
:10544000491F7F3FBA73A93D9D2F7F3F8C30A33DFD
:10545000543F7F3FF9EC9C3D6D4E7F3F05A9963D43
:10546000E95C7F3FB464903DC76A7F3F0A208A3D74
:1054700008787F3F0ADB833DAB847F3F742B7B3D05
:10548000B1907F3F38A06E3D189C7F3F6814623D0D
:10549000E3A67F3F0E88553D0FB17F3F2FFB483D70
:1054A0009EBA7F3FD56D3C3D8FC37F3F07E02F3DC8
:1054B000E2CB7F3FCC51233D98D37F3F2CC3163D99
:1054C000AFDA7F3F2F340A3D29E17F3FB949FB3CEA
:1054D00005E77F3F7B2AE23C43EC7F3FB00AC93CB3
:1054E000E3F07F3F69EAAF3CE6F47F3FB6C9963C04
:1054F0004AF87F3F4B517B3C11FB7F3F900E493C6C
:1055000039FD7F3F59CB163CC4FE7F3F890FC93B15
:10551000B1FF7F3FC70F493B0000803F0000000004
:10552000B1FF7F3FC70F49BBC4FE7F3F890FC9BB97
:1055300039FD7F3F59CB16BC11FB7F3F900E49BC14
:105540004AF87F3F4B517BBCE6F47F3FB6C996BC1F
:10555000E3F07F3F69EAAFBC43EC7F3FB00AC9BCD0
:1055600005E77F3F7B2AE2BC29E17F3FB949FBBCCD
:10557000AFDA7F3F2F340ABD98D37F3F2CC316BDCF
:10558000E2CB7F3FCC5123BD8FC37F3F07E02FBDD0
:105590009EBA7F3FD56D3CBD0FB17F3F2FFB48BD0D
:1055A000E3A67F3F0E8855BD189C7F3F681462BDFF
:1055B000B1907F3F38A06EBDAB847F3F742B7BBD25
:1055C00008787F3F0ADB83BDC76A7F3F0A208ABD18
:1055D000E95C7F3FB46490BD6D4E7F3F05A996BDE9
:1055E000543F7F3FF9EC9CBD9D2F7F3F8C30A3BD86
:1055F000491F7F3FBA73A9BD580E7F3F80B6AFBD2C
:10560000C9FC7E3FDAF8B5BD9DEA7E3FC33ABCBD1A
:10561000D4D77E3F397CC2BD6DC47E3F36BDC8BD88
:1056200069B07E3FB7FDCEBDC99B7E3FB93DD5BDBC
:105630008B867E3F377DDBBDB0707E3F2EBCE1BDEB
:10564000385A7E3F9AFAE7BD23437E3F7638EEBD57
:10565000722B7E3FC075F4BD24137E3F73B2FABD3A
:1056600038FA7D3F457700BEB1E07D3F029503BE2D
:105670008CC67D3F6EB206BECCAB7D3F86CF09BEE9
:105680006E907D3F4AEC0CBE74747D3FB70810BE2F
:10569000DE577D3FCA2413BEAC3A7D3F834016BE21
:1056A000DD1C7D3FE05B19BE73FE7C3FDE761CBED9
:1056B0006CDF7C3F7B911FBEC9BF7C3FB6AB22BE77
:1056C0008A9F7C3F8CC525BEB07E7C3FFCDE28BE19
:1056D0003A5D7C3F04F82BBE283B7C3FA2102FBED6
:1056E0007A187C3FD42832BE31F57B3F984035BED6
:1056F0004DD17B3FEC5738BECDAC7B3FCF6E3BBE30
:10570000B2877B3F3E853EBEFC617B3F379B41BEFF
:10571000AB3B7B3FB9B044BEBE147B3FC2C547BE66
:1057200037ED7A3F4FDA4ABE16C57A3F60EE4DBE7E
:10573000599C7A3FF10151BE02737A3F011554BE64
:1057400010497A3F8F2757BE841E7A3F97395ABE39
:105750005EF3793F1A4B5DBE9DC7793F135C60BE17
:10576000439B793F836C63BE4E6E793F667C66BE19
:10577000C040793FBA8B69BE9812793F7F9A6CBE60
:10578000D6E3783FB2A86FBE7BB4783F51B672BE05
:105790008684783F5AC375BEF853783FCCCF78BE25
:1057A000D122783FA4DB7BBE10F1773FE1E67EBEDD
:1057B000B7BE773FC0F880BEC58B773FC07D82BE45
:1057C0003A58773F700284BE1724773FCE8685BE55
:1057D0005BEF763FDA0A87BE07BA763F938E88BEC4
:1057E0001B84763FF8118ABE974D763F07958BBE96
:1057F0007A16763FC0178DBEC6DE753F229A8EBEE2
:105800007BA6753F2C1C90BE976D753FDD9D91BEAC
:105810001D34753F351F93BE0BFA743F31A094BE03
:1058200062BF743FD22096BE2284743F17A197BEF8
:105830004B48743FFE2099BEDD0B743F86A09ABE94
:10584000D9CE733FAF1F9CBE3F91733F789E9DBEE4
:105850000E53733FDF1C9FBE4714733FE59AA0BEF3
:10586000EBD4723F8718A2BEF894723FC595A3BED1
:105870007054723F9F12A5BE5213723F128FA6BE84
:105880009FD1713F1F0BA8BE578F713FC486A9BE21
:105890007A4C713F0102ABBE0809713FD47CACBEAB
:1058A00002C5703F3CF7ADBE6680703F3A71AFBE37
:1058B000373B703FCBEAB0BE73F56F3FEF63B2BECC
:1058C0001BAF6F3FA5DCB3BE30686F3FEC54B5BE75
:1058D000B0206F3FC3CCB6BE9ED86E3F2A44B8BE40
:1058E000F88F6E3F1EBBB9BEBE466E3FA031BBBE39
:1058F000F2FC6D3FAFA7BCBE93B26D3F4A1DBEBE6A
:10590000A1676D3F6F92BFBE1D1C6D3F1E07C1BEDC
:1059100007D06C3F557BC2BE5E836C3F15EFC3BEA4
:1059200024366C3F5C62C5BE58E86B3F29D5C6BEC5
:10593000FB996B3F7C47C8BE0C4B6B3F53B9C9BE4C
:105940008CFB6A3FAE2ACBBE7BAB6A3F8B9BCCBE47
:10595000D95A6A3FEA0BCEBEA7096A3FCA7BCFBEBF
:10596000E4B7693F2AEBD0BE9165693F095AD2BEC0
:10597000AE12693F67C8D3BE3CBF683F4136D5BE53
:10598000396B683F99A3D6BEA816683F6B10D8BE86
:1059900087C1673FB97CD9BED86B673F80E8DABE64
:1059A0009915673FC153DCBECCBE663F79BEDDBEF4
:1059B0007167663FA928DFBE880F663F4F92E0BE41
:1059C00010B7653F6AFBE1BE0B5E653FFA63E3BE5D
:1059D0007904653FFECBE4BE59AA643F7533E6BE49
:1059E000AC4F643F5D9AE7BE73F4633FB700E9BE16
:1059F000AC98633F8166EABE5A3C633FBBCBEBBECB
:105A00007BDF623F6330EDBE1082623F7994EEBE71
:105A10001A24623FFBF7EFBE98C5613FEA5AF1BE18
:105A20008A66613F43BDF2BEF206613F071FF4BEC6
:105A3000CFA6603F3580F5BE2146603FCBE0F6BE85
:105A4000E9E45F3FC840F8BE27835F3F2DA0F9BE61
:105A5000DB205F3FF7FEFABE05BE5E3F275DFCBE62
:105A6000A65A5E3FBBBAFDBEBEF65D3FB217FFBE93
:105A70004D925D3F063A00BF532D5D3FE4E700BF06
:105A8000D1C75C3F739501BFC7615C3FB14202BFA4
:105A900034FB5B3F9FEF02BF1A945B3F3D9C03BF0B
:105AA000792C5B3F894804BF50C45A3F84F404BF3B
:105AB000A05B5A3F2CA005BF6AF2593F824B06BF3C
:105AC000AD88593F86F606BF6A1E593F36A107BF0B
:105AD000A1B3583F924B08BF5348583F9BF508BFAE
:105AE0007FDC573F4E9F09BF2670573FAD480ABF26
:105AF0004803573FB7F10ABFE595563F6B9A0BBF76
:105B0000FE27563FC9420CBF93B9553FD0EA0CBFA0
:105B1000A44A553F81920DBF31DB543FDA390EBFA5
:105B20003B6B543FDBE00EBFC3FA533F84870FBF8C
:105B3000C789533FD52D10BF4918533FCDD310BF50
:105B400049A6523F6B7911BFC633523FB01E12BFF8
:105B5000C2C0513F9AC312BF3D4D513F2A6813BF87
:105B600037D9503F5F0C14BFAF64503F39B014BFFA
:105B7000A8EF4F3FB75315BF1F7A4F3FD9F615BF58
:105B800017044F3F9F9916BF908D4E3F073C17BF9C
:105B900089164E3F12DE17BF029F4D3FC07F18BFD0
:105BA000FD264D3F0F2119BF79AE4C3F00C219BFF2
:105BB00078354C3F93621ABFF8BB4B3FC6021BBF00
:105BC000FA414B3F99A21BBF7FC74A3F0C421CBF03
:105BD000874C4A3F1FE11CBF12D1493FD17F1DBFF7
:105BE0002155493F221E1EBFB3D8483F12BC1EBFDD
:105BF000CA5B483F9F591FBF65DE473FCBF61FBFBB
:105C00008560473F939320BF2AE2463FF92F21BF8B
:105C10005463463FFBCB21BF03E4453F996722BF56
:105C20003964453FD30223BFF5E3443FA99D23BF19
:105C30003763443F1A3824BF00E2433F25D224BFD4
:105C40005160433FCB6B25BF29DE423F0A0526BF8B
:105C5000895B423FE39D26BF70D8413F563627BF40
:105C6000E154413F61CE27BFDAD0403F056628BFEF
:105C70005C4C403F41FD28BF67C73F3F159429BF9B
:105C8000FC413F3F802A2ABF1BBC3E3F82C02ABF47
:105C9000C5353E3F1B562BBFF9AE3D3F4AEB2BBFF0
:105CA000B8273D3F0F802CBF03A03C3F69142DBF98
:105CB000D9173C3F59A82DBF3B8F3B3FDE3B2EBF42
:105CC00029063B3FF7CE2EBFA47C3A3FA5612FBFEC
:105CD000ACF2393FE6F32FBF4268393FBB8530BF96
:105CE00065DD383F221731BF1652383F1DA831BF3E
:105CF00055C6373FAA3832BF233A373FC9C832BFEB
:105D00007FAD363F7A5833BF6C20363FBCE733BF98
:105D1000E792353F8F7634BFF304353FF30435BF48
:105D20008F76343FE79235BFBCE7333F6C2036BFF8
:105D30007A58333F7FAD36BFC9C8323F233A37BFA9
:105D4000AA38323F55C637BF1DA8313F165238BF5B
:105D50002217313F65DD38BFBB85303F426839BF10
:105D6000E6F32F3FACF239BFA5612F3FA47C3ABFC9
:105D7000F7CE2E3F29063BBFDE3B2E3F3B8F3BBF7E
:105D800059A82D3FD9173CBF69142D3F03A03CBF34
:105D90000F802C3FB8273DBF4AEB2B3FF9AE3DBFEC
:105DA0001B562B3FC5353EBF82C02A3F1BBC3EBFA2
:105DB000802A2A3FFC413FBF1594293F67C73FBF58
:105DC00041FD283F5C4C40BF0566283FDAD040BF0C
:105DD00061CE273FE15441BF5636273F70D841BFBF
:105DE000E39D263F895B42BF0A05263F29DE42BF6D
:105DF000CB6B253F516043BF25D2243F00E243BF18
:105E00001A38243F376344BFA99D233FF5E344BFBD
:105E1000D302233F396445BF9967223F03E445BF5E
:105E2000FBCB213F546346BFF92F213F2AE246BFF7
:105E30009393203F856047BFCBF61F3F65DE47BF8A
:105E40009F591F3FCA5B48BF12BC1E3FB3D848BF13
:105E5000221E1E3F215549BFD17F1D3F12D149BF90
:105E60001FE11C3F874C4ABF0C421C3F7FC74ABF03
:105E700099A21B3FFA414BBFC6021B3FF8BB4BBF69
:105E800093621A3F78354CBF00C2193F79AE4CBFC0
:105E90000F21193FFD264DBFC07F183F029F4DBF08
:105EA00012DE173F89164EBF073C173F908D4EBF3D
:105EB0009F99163F17044FBFD9F6153F1F7A4FBF62
:105EC000B753153FA8EF4FBF39B0143FAF6450BF71
:105ED0005F0C143F37D950BF2A68133F3D4D51BF67
:105EE0009AC3123FC2C051BFB01E123FC63352BF49
:105EF0006B79113F49A652BFCDD3103F491853BF0C
:105F0000D52D103FC78953BF84870F3FC3FA53BFB6
:105F1000DBE00E3F3B6B54BFDA390E3F31DB54BF41
:105F200081920D3FA44A55BFD0EA0C3F93B955BFAB
:105F3000C9420C3FFE2756BF6B9A0B3FE59556BFF3
:105F4000B7F10A3F480357BFAD480A3F267057BF15
:105F50004E9F093F7FDC57BF9BF5083F534858BF12
:105F6000924B083FA1B358BF36A1073F6A1E59BFE5
:105F700086F6063FAD8859BF824B063F6AF259BF8D
:105F80002CA0053FA05B5ABF84F4043F50C45ABF05
:105F90008948043F792C5BBF3D9C033F1A945BBF4B
:105FA0009FEF023F34FB5BBFB142023FC7615CBF62
:105FB0007395013FD1C75CBFE4E7003F532D5DBF40
:105FC000063A003F4D925DBFB217FF3EBEF65DBF81
:105FD000BBBAFD3EA65A5EBF275DFC3E05BE5EBF56
:105FE000F7FEFA3EDB205FBF2DA0F93E27835FBF9F
:105FF000C840F83EE9E45FBFCBE0F63E214660BF13
:106000003580F53ECFA660BF071FF43EF20661BFA4
:1060100043BDF23E8A6661BFEA5AF13E98C561BF50
:10602000FBF7EF3E1A2462BF7994EE3E108262BF06
:106030006330ED3E7BDF62BFBBCBEB3E5A3C63BFC0
:106040008166EA3EAC9863BFB700E93E73F463BF74
:106050005D9AE73EAC4F64BF7533E63E59AA64BF14
:10606000FECBE43E790465BFFA63E33E0B5E65BF99
:106070006AFBE13E10B765BF4F92E03E880F66BFF6
:10608000A928DF3E716766BF79BEDD3ECCBE66BF24
:10609000C153DC3E991567BF80E8DA3ED86B67BF15
:1060A000B97CD93E87C167BF6B10D83EA81668BFC0
:1060B00099A3D63E396B68BF4136D53E3CBF68BF19
:1060C00067C8D33EAE1269BF095AD23E916569BF17
:1060D0002AEBD03EE4B769BFCA7BCF3EA7096ABFAF
:1060E000EA0BCE3ED95A6ABF8B9BCC3E7BAB6ABFD4
:1060F000AE2ACB3E8CFB6ABF53B9C93E0C4B6BBF7B
:106100007C47C83EFB996BBF29D5C63E58E86BBF9C
:106110005C62C53E24366CBF15EFC33E5E836CBF28
:10612000557BC23E07D06CBF1E07C13E1D1C6DBF14
:106130006F92BF3EA1676DBF4A1DBE3E93B26DBF59
:10614000AFA7BC3EF2FC6DBFA031BB3EBE466EBFEA
:106150001EBBB93EF88F6EBF2A44B83E9ED86EBFB4
:10616000C3CCB63EB0206FBFEC54B53E30686FBFB5
:10617000A5DCB33E1BAF6FBFEF63B23E73F56FBFDD
:10618000CBEAB03E373B70BF3A71AF3E668070BF1E
:106190003CF7AD3E02C570BFD47CAC3E080971BF70
:1061A0000102AB3E7A4C71BFC486A93E578F71BFC6
:1061B0001F0BA83E9FD171BF128FA63E521372BF14
:1061C0009F12A53E705472BFC595A33EF89472BF4E
:1061D0008718A23EEBD472BFE59AA03E471473BF66
:1061E000DF1C9F3E0E5373BF789E9D3E3F9173BF51
:1061F000AF1F9C3ED9CE73BF86A09A3EDD0B74BF05
:10620000FE20993E4B4874BF17A1973E228474BF6D
:10621000D220963E62BF74BF31A0943E0BFA74BF89
:10622000351F933E1D3475BFDD9D913E976D75BF43
:106230002C1C903E7BA675BF229A8E3EC6DE75BF93
:10624000C0178D3E7A1676BF07958B3E974D76BF69
:10625000F8118A3E1B8476BF938E883E07BA76BFBC
:10626000DA0A873E5BEF76BFCE86853E172477BF7E
:106270007002843E3A5877BFC07D823EC58B77BF9F
:10628000C0F8803EB7BE77BFE1E67E3E10F177BF33
:10629000A4DB7B3ED12278BFCCCF783EF85378BFC9
:1062A0005AC3753E868478BF51B6723E7BB478BFC0
:1062B000B2A86F3ED6E378BF7F9A6C3E981279BF42
:1062C000BA8B693EC04079BF667C663E4E6E79BF30
:1062D000836C633E439B79BF135C603E9DC779BF6F
:1062E0001A4B5D3E5EF379BF97395A3E841E7ABFE2
:1062F0008F27573E10497ABF0115543E02737ABF6B
:10630000F101513E599C7ABF60EE4D3E16C57ABFF1
:106310004FDA4A3E37ED7ABFC2C5473EBE147BBF57
:10632000B9B0443EAB3B7BBF379B413EFC617BBF7A
:106330003E853E3EB2877BBFCF6E3B3ECDAC7BBF42
:10634000EC57383E4DD17BBF9840353E31F57BBF91
:10635000D428323E7A187CBFA2102F3E283B7CBF47
:1063600004F82B3E3A5D7CBFFCDE283EB07E7CBF4D
:106370008CC5253E8A9F7CBFB6AB223EC9BF7CBF81
:106380007B911F3E6CDF7CBFDE761C3E73FE7CBFC4
:10639000E05B193EDD1C7DBF8340163EAC3A7DBFFD
:1063A000CA24133EDE577DBFB708103E74747DBF0C
:1063B0004AEC0C3E6E907DBF86CF093ECCAB7DBFD4
:1063C0006EB2063E8CC67DBF0295033EB1E07DBF36
:1063D0004577003E38FA7DBF73B2FA3D24137EBF85
:1063E000C075F43D722B7EBF7638EE3D23437EBFF1
:1063F0009AFAE73D385A7EBF2EBCE13DB0707EBFB1
:10640000377DDB3D8B867EBFB93DD53DC99B7EBFC9
:10641000B7FDCE3D69B07EBF36BDC83D6DC47EBF01
:10642000397CC23DD4D77EBFC33ABC3D9DEA7EBF16
:10643000DAF8B53DC9FC7EBF80B6AF3D580E7FBFD0
:10644000BA73A93D491F7FBF8C30A33D9D2F7FBFED
:10645000F9EC9C3D543F7FBF05A9963D6D4E7FBF33
:10646000B464903DE95C7FBF0A208A3DC76A7FBF64
:106470000ADB833D08787FBF742B7B3DAB847FBFF5
:1064800038A06E3DB1907FBF6814623D189C7FBFFD
:106490000E88553DE3A67FBF2FFB483D0FB17FBF60
:1064A000D56D3C3D9EBA7FBF07E02F3D8FC37FBFB8
:1064B000CC51233DE2CB7FBF2CC3163D98D37FBF89
:1064C0002F340A3DAFDA7FBFB949FB3C29E17FBFDA
:1064D0007B2AE23C05E77FBFB00AC93C43EC7FBFA3
:1064E00069EAAF3CE3F07FBFB6C9963CE6F47FBFF4
:1064F0004B517B3C4AF87FBF900E493C11FB7FBF5C
:1065000059CB163C39FD7FBF890FC93BC4FE7FBF05
:10651000C70F493BB1FF7FBF000000000000803F74
:10652000B00AC93C43EC7F3F2FFB483D0FB17F3F92
:1065300005A9963D6D4E7F3F36BDC83D6DC47E3F7B
:1065400073B2FA3D24137E3F8340163EAC3A7D3F42
:10655000A2102F3E283B7C3FC2C5473EBE147B3F66
:10656000135C603E9DC7793FCCCF783EF853783FAF
:10657000938E883E07BA763F31A0943E0BFA743F63
:10658000E59AA03E4714733FD47CAC3E0809713FA6
:106590002A44B83E9ED86E3F15EFC33E5E836C3FE3
:1065A000CA7BCF3EA7096A3F80E8DA3ED86B673FD7
:1065B0007533E63E59AA643FEA5AF13E98C5613FF9
:1065C000275DFC3E05BE5E3F3D9C033F1A945B3F4A
:1065D0009BF5083F5348583FDA390E3F31DB543FB3
:1065E0002A68133F3D4D513FC07F183F029F4D3FEA
:1065F000D17F1D3F12D1493F9967223F03E4453FB8
:106600005636273F70D8413F4AEB2B3FF9AE3D3F0E
:10661000BB85303F4268393FF304353FF304353FD3
:106620004268393FBB85303FF9AE3D3F4AEB2B3FD7
:1066300070D8413F5636273F03E4453F9967223FD4
:1066400012D1493FD17F1D3F029F4D3FC07F183F70
:106650003D4D513F2A68133F31DB543FDA390E3F3D
:106660005348583F9BF5083F1A945B3F3D9C033FBE
:1066700005BE5E3F275DFC3E98C5613FEA5AF13E8C
:1066800059AA643F7533E63ED86B673F80E8DA3E2F
:10669000A7096A3FCA7BCF3E5E836C3F15EFC33EBE
:1066A0009ED86E3F2A44B83E0809713FD47CAC3E68
:1066B0004714733FE59AA03E0BFA743F31A0943E15
:1066C00007BA763F938E883EF853783FCCCF783E1A
:1066D0009DC7793F135C603EBE147B3FC2C5473EF9
:1066E000283B7C3FA2102F3EAC3A7D3F8340163EB4
:1066F00024137E3F73B2FA3D6DC47E3F36BDC83D64
:106700006D4E7F3F05A9963D0FB17F3F2FFB483D62
:1067100043EC7F3FB00AC93C0000803F000000000E
:1067200043EC7F3FB00AC9BC0FB17F3F2FFB48BD90
:106730006D4E7F3F05A996BD6DC47E3F36BDC8BD79
:1067400024137E3F73B2FABDAC3A7D3F834016BE40
:10675000283B7C3FA2102FBEBE147B3FC2C547BE64
:106760009DC7793F135C60BEF853783FCCCF78BEAD
:1067700007BA763F938E88BE0BFA743F31A094BE61
:106780004714733FE59AA0BE0809713FD47CACBEA4
:106790009ED86E3F2A44B8BE5E836C3F15EFC3BEE1
:1067A000A7096A3FCA7BCFBED86B673F80E8DABED5
:1067B00059AA643F7533E6BE98C5613FEA5AF1BEF7
:1067C00005BE5E3F275DFCBE1A945B3F3D9C03BF48
:1067D0005348583F9BF508BF31DB543FDA390EBFB1
:1067E0003D4D513F2A6813BF029F4D3FC07F18BFE8
:1067F00012D1493FD17F1DBF03E4453F996722BFB6
:1068000070D8413F563627BFF9AE3D3F4AEB2BBF0C
:106810004268393FBB8530BFF304353FF30435BFD1
:10682000BB85303F426839BF4AEB2B3FF9AE3DBFD5
:106830005636273F70D841BF9967223F03E445BFD2
:10684000D17F1D3F12D149BFC07F183F029F4DBF6E
:106850002A68133F3D4D51BFDA390E3F31DB54BF3B
:106860009BF5083F534858BF3D9C033F1A945BBFBC
:10687000275DFC3E05BE5EBFEA5AF13E98C561BF8A
:106880007533E63E59AA64BF80E8DA3ED86B67BF2D
:10689000CA7BCF3EA7096ABF15EFC33E5E836CBFBC
:1068A0002A44B83E9ED86EBFD47CAC3E080971BF66
:1068B000E59AA03E471473BF31A0943E0BFA74BF13
:1068C000938E883E07BA76BFCCCF783EF85378BF18
:1068D000135C603E9DC779BFC2C5473EBE147BBFF7
:1068E000A2102F3E283B7CBF8340163EAC3A7DBFB2
:1068F00073B2FA3D24137EBF36BDC83D6DC47EBF62
:1069000005A9963D6D4E7FBF2FFB483D0FB17FBF60
:10691000B00AC93C43EC7FBF000000000000803F8C
:10692000C2C5473EBE147B3F15EFC33E5E836C3F3E
:10693000DA390E3F31DB543FF304353FF304353F82
:1069400031DB543FDA390E3F5E836C3F15EFC33EB7
:10695000BE147B3FC2C5473E0000803F00000000E0
:10696000BE147B3FC2C547BE5E836C3F15EFC3BEFE
:1069700031DB543FDA390EBFF304353FF30435BF42
:10698000DA390E3F31DB54BF15EFC33E5E836CBF77
:10699000C2C5473EBE147BBF000000000000803F20
:1069A000D40FC93AECFF7F3FC70F493BB1FF7F3F90
:1069B000C1CB963B4EFF7F3F890FC93BC4FE7F3F53
:1069C0003053FB3B13FE7F3F59CB163C39FD7F3FD5
:1069D00002ED2F3C39FC7F3F900E493C11FB7F3F7D
:1069E0000030623CC1F97F3F4B517B3C4AF87F3F0E
:1069F00038398A3CACF67F3FB6C9963CE6F47F3F17
:106A00001C5AA33CF8F27F3F69EAAF3CE3F07F3FBA
:106A10009B7ABC3CA7EE7F3FB00AC93C43EC7F3F6A
:106A2000A69AD53CB8E97F3F7B2AE23C05E77F3F49
:106A30002DBAEE3C2BE47F3FB949FB3C29E17F3F77
:106A400090EC033D00DE7F3F2F340A3DAFDA7F3FFD
:106A5000B87B103D37D77F3F2CC3163D98D37F3F7F
:106A6000880A1D3DD1CF7F3FCC51233DE2CB7F3FF4
:106A7000F698293DCCC77F3F07E02F3D8FC37F3F6E
:106A8000FC26363D2ABF7F3FD56D3C3D9EBA7F3FF9
:106A900091B4423DEAB57F3F2FFB483D0FB17F3FA8
:106AA000AF414F3D0DAC7F3F0E88553DE3A67F3F84
:106AB0004CCE5B3D91A17F3F6814623D189C7F3FA7
:106AC000625A683D78967F3F38A06E3DB1907F3F17
:106AD000E9E5743DC28A7F3F742B7B3DAB847F3FE9
:106AE0006CB8803D6D7E7F3F0ADB833D08787F3F39
:106AF00094FD863D7B717F3F0A208A3DC76A7F3FB8
:106B00006A428D3DEC637F3FB464903DE95C7F3F1A
:106B1000E786933DBF557F3F05A9963D6D4E7F3F6C
:106B20000ACB993DF4467F3FF9EC9C3D543F7F3FB3
:106B3000CF0EA03D8D377F3F8C30A33D9D2F7F3FF3
:106B40003052A63D87277F3FBA73A93D491F7F3F3B
:106B50002B95AC3DE4167F3F80B6AF3D580E7F3F8E
:106B6000BBD7B23DA4057F3FDAF8B53DC9FC7E3FF7
:106B7000DD19B93DC7F37E3FC33ABC3D9DEA7E3F78
:106B80008D5BBF3D4CE17E3F397CC23DD4D77E3F1B
:106B9000C69CC53D34CE7E3F36BDC83D6DC47E3FEC
:106BA00086DDCB3D7FBA7E3FB7FDCE3D69B07E3FEF
:106BB000C81DD23D2DA67E3FB93DD53DC99B7E3F28
:106BC000895DD83D3D917E3F377DDB3D8B867E3FA5
:106BD000C49CDE3DB17B7E3F2EBCE13DB0707E3F6C
:106BE00076DBE43D88657E3F9AFAE73D385A7E3F82
:106BF0009A19EB3DC14E7E3F7638EE3D23437E3FF2
:106C00002E57F13D5E377E3FC075F43D722B7E3FBF
:106C10002C94F73D5E1F7E3F73B2FA3D24137E3FF6
:106C200092D0FD3DC2067E3F4577003E38FA7D3F5B
:106C30002E06023E88ED7D3F0295033EB1E07D3F8A
:106C4000C223053EB2D37D3F6EB2063E8CC67D3F69
:106C50000541083E40B97D3F86CF093ECCAB7D3F24
:106C6000F35D0B3E309E7D3F4AEC0C3E6E907D3FC7
:106C70008B7A0E3E85827D3FB708103E74747D3F4F
:106C8000CC96113E3D667D3FCA24133EDE577D3FC4
:106C9000B2B2143E59497D3F8340163EAC3A7D3F27
:106CA0003DCE173ED82B7D3FE05B193EDD1C7D3F7E
:106CB0006BE91A3EBC0D7D3FDE761C3E73FE7C3FC9
:106CC00038041E3E03EF7C3F7B911F3E6CDF7C3F10
:106CD000A51E213EAECF7C3FB6AB223EC9BF7C3F56
:106CE000AD38243EBDAF7C3F8CC5253E8A9F7C3F9E
:106CF0005152273E318F7C3FFCDE283EB07E7C3FE8
:106D00008D6B2A3E086E7C3F04F82B3E3A5D7C3F3B
:106D100061842D3E444C7C3FA2102F3E283B7C3F9B
:106D2000C99C303EE5297C3FD428323E7A187C3F0E
:106D3000C4B4333EE9067C3F9840353E31F57B3F95
:106D400050CC363E53E37B3FEC57383E4DD17B3F32
:106D50006CE3393E20BF7B3FCF6E3B3ECDAC7B3FEB
:106D600015FA3C3E539A7B3F3E853E3EB2877B3FC1
:106D70004910403EEA747B3F379B413EFC617B3FBC
:106D80000726433EE74E7B3FB9B0443EAB3B7B3FDB
:106D90004D3B463E48287B3FC2C5473EBE147B3F25
:106DA0001850493E0E017B3F4FDA4A3E37ED7A3F9D
:106DB00067644C3E3AD97A3F60EE4D3E16C57A3F45
:106DC00038784F3ECBB07A3FF101513E599C7A3F23
:106DD000898B523EC1877A3F0115543E02737A3F38
:106DE000589E553E1C5E7A3F8F27573E10497A3F8A
:106DF000A4B0583EDD337A3F97395A3E841E7A3F1D
:106E00006AC25B3E04097A3F1A4B5D3E5EF3793FEE
:106E1000A8D35E3E91DD793F135C603E9DC7793F0C
:106E20005CE4613E83B1793F836C633E439B793F71
:106E300086F4643EDC84793F667C663E4E6E793F24
:106E40002204683E9A57793FBA8B693EC040793F29
:106E50002F136B3EBF29793F7F9A6C3E9812793F82
:106E6000AB216E3E4AFB783FB2A86F3ED6E3783F37
:106E7000942F713E3BCC783F51B6723E7BB4783F45
:106E8000E83C743E939C783F5AC3753E8684783FB5
:106E9000A649773E526C783FCCCF783EF853783F86
:106EA000CB557A3E773B783FA4DB7B3ED122783FBF
:106EB00056617D3E040A783FE1E67E3E10F1773F61
:106EC0002236803EF7D7773FC0F8803EB7BE773F87
:106ED0004ABB813E51A5773FC07D823EC58B773F3F
:106EE0002240833E1372773F7002843E3A58773FC8
:106EF000AAC4843E3C3E773FCE86853E1724773F2A
:106F0000DF48863ECC09773FDA0A873E5BEF763F63
:106F1000C1CC873EC4D4763F938E883E07BA763F75
:106F20005050893E249F763FF8118A3E1B84763F5D
:106F30008AD38A3EEC68763F07958B3E974D763F25
:106F40006E568C3E1B32763FC0178D3E7A16763FCA
:106F5000FCD88D3EB3FA753F229A8E3EC6DE753F51
:106F6000325B8F3EB3C2753F2C1C903E7BA6753FB3
:106F700010DD903E1C8A753FDD9D913E976D753FFB
:106F8000945E923EED50753F351F933E1D34753F24
:106F9000BFDF933E2717753F31A0943E0BFA743F35
:106FA0008D60953EC9DC743FD220963E62BF743F2F
:106FB00000E1963ED5A1743F17A1973E2284743F0D
:106FC0001661983E4966743FFE20993E4B48743FD7
:106FD000CEE0993E272A743F86A09A3EDD0B743F8F
:106FE00027609B3E6EED733FAF1F9C3ED9CE733F33
:106FF00020DF9C3E1FB0733F789E9D3E3F91733FC4
:10700000B85D9E3E3972733FDF1C9F3E0E53733F47
:10701000EEDB9F3EBE33733FE59AA03E4714733FBD
:10702000C259A13EACF4723F8718A23EEBD4723F26
:1070300033D7A23E04B5723FC595A33EF894723F84
:107040003F54A43EC774723F9F12A53E7054723FD6
:10705000E5D0A53EF433723F128FA63E5213723F25
:10706000254DA73E8CF2713F1F0BA83E9FD1713F6B
:10707000FEC8A83E8EB0713FC486A93E578F713FAF
:107080006F44AA3EFB6D713F0102AB3E7A4C713FEB
:1070900077BFAB3ED42A713FD47CAC3E0809713F28
:1070A000153AAD3E17E7703F3CF7AD3E02C5703F65
:1070B00049B4AE3EC6A2703F3A71AF3E6680703FA3
:1070C000102EB03EE15D703FCBEAB03E373B703FE3
:1070D0006BA7B13E6718703FEF63B23E73F56F3F29
:1070E0005820B33E5AD26F3FA5DCB33E1BAF6F3F73
:1070F000D698B43EB88B6F3FEC54B53E30686F3FC6
:10710000E610B63E83446F3FC3CCB63EB0206F3F1F
:107110008488B73EBAFC6E3F2A44B83E9ED86E3F84
:10712000B2FFB83E5DB46E3F1EBBB93EF88F6E3FF6
:107130006E76BA3E6D6B6E3FA031BB3EBE466E3F73
:10714000B6ECBB3EEB216E3FAFA7BC3EF2FC6D3F01
:107150008B62BD3ED5D76D3F4A1DBE3E93B26D3F9B
:10716000EBD7BE3E2D8D6D3F6F92BF3EA1676D3F49
:10717000D54CC03EF2416D3F1E07C13E1D1C6D3F08
:1071800048C1C13E24F66C3F557BC23E07D06C3FE0
:107190004435C33EC5A96C3F15EFC33E5E836C3FCB
:1071A000C8A8C43ED45C6C3F5C62C53E24366C3FCC
:1071B000D21BC63E500F6C3F29D5C63E58E86B3FE8
:1071C000628EC73E3BC16B3F7C47C83EFB996B3F1D
:1071D0007700C93E95726B3F53B9C93E0C4B6B3F6C
:1071E0001072CA3E5E236B3FAE2ACB3E8CFB6A3FD9
:1071F0002CE3CB3E95D36A3F8B9BCC3E7BAB6A3F67
:10720000CA53CD3E3C836A3FEA0BCE3ED95A6A3F11
:10721000EAC3CE3E52326A3FCA7BCF3EA7096A3FDD
:107220008A33D03ED7E0693F2AEBD03EE4B7693FCE
:10723000AAA2D13ECC8E693F095AD23E9165693FE0
:107240004811D33E323C693F67C8D33EAE12693F16
:10725000647FD43E07E9683F4136D53E3CBF683F76
:10726000FDECD53E4C95683F99A3D63E396B683FFF
:10727000135AD73E0341683F6B10D83EA816683FAB
:10728000A3C6D83E2AEC673FB97CD93E87C1673F89
:10729000AD32DA3EC196673F80E8DA3ED86B673F91
:1072A000319EDB3ECA40673FC153DC3E9915673FC4
:1072B0002E09DD3E45EA663F79BEDD3ECCBE663F27
:1072C000A273DE3E3093663FA928DF3E7167663FBA
:1072D0008DDDDF3E8E3B663F4F92E03E880F663F7E
:1072E000EE46E13E5EE3653F6AFBE13E10B7653F77
:1072F000C4AFE23EA08A653FFA63E33E0B5E653FA2
:107300000E18E43E5431653FFECBE43E7904653F00
:10731000CB7FE53E7BD7643F7533E63E59AA643F99
:10732000FBE6E63E147D643F5D9AE73EAC4F643F6A
:107330009C4DE83E2122643FB700E93E73F4633F71
:10734000AEB3E93EA1C6633F8166EA3EAC98633FB7
:107350003019EB3E956A633FBBCBEB3E5A3C633F33
:10736000217EEC3EFC0D633F6330ED3E7BDF623FF0
:1073700080E2ED3ED7B0623F7994EE3E1082623FEC
:107380004C46EF3E2653623FFBF7EF3E1A24623F26
:1073900085A9F03EEAF4613FEA5AF13E98C5613FA3
:1073A000290CF23E2296613F43BDF23E8A66613F60
:1073B000386EF33ED036613F071FF43EF206613F60
:1073C000B1CFF43EF2D6603F3580F53ECFA6603FA8
:1073D0009330F63E8976603FCBE0F63E2146603F33
:1073E000DC90F73E9615603FC840F83EE9E45F3F09
:1073F0008EF0F83E19B45F3F2DA0F93E27835F3F22
:10740000A54FFA3E12525F3FF7FEFA3EDB205F3F88
:1074100022AEFB3E81EF5E3F275DFC3E05BE5E3F38
:10742000040CFD3E678C5E3FBBBAFD3EA65A5E3F34
:107430004A69FE3EC3285E3FB217FF3EBEF65D3F7F
:10744000F3C5FF3E97C45D3F063A003F4D925D3F56
:10745000FF90003FE15F5D3FE4E7003F532D5D3F5C
:10746000B53E013FA3FA5C3F7395013FD1C75C3F36
:107470001CEC013FDD945C3FB142023FC7615C3FC1
:107480003299023F8E2E5C3F9FEF023F34FB5B3F01
:10749000F845033FB8C75B3F3D9C033F1A945B3FF1
:1074A0006DF2033F5A605B3F8948043F792C5B3F94
:1074B000919E043F75F85A3F84F4043F50C45A3FEC
:1074C000624A053F09905A3F2CA0053FA05B5A3FF6
:1074D000E2F5053F16275A3F824B063F6AF2593FB5
:1074E0000EA1063F9CBD593F86F6063FAD88593F29
:1074F000E84B073F9C53593F36A1073F6A1E593F4F
:107500006FF6073F17E9583F924B083FA1B3583F2A
:10751000A1A0083F0B7E583F9BF5083F5348583FBA
:107520007F4A093F7912583F4E9F093F7FDC573F02
:1075300009F4093F63A6573FAD480A3F2670573FFD
:107540003D9D0A3FC739573FB7F10A3F4803573FB0
:107550001C460B3FA7CC563F6B9A0B3FE595563F19
:10756000A5EE0B3F025F563FC9420C3FFE27563F38
:10757000D7960C3FD9F0553FD0EA0C3F93B9553F11
:10758000B33E0D3F2C82553F81920D3FA44A553F9B
:1075900038E60D3FFB12553FDA390E3F31DB543FE1
:1075A000658D0E3F47A3543FDBE00E3F3B6B543FDE
:1075B0003B340F3F0F33543F84870F3FC3FA533F91
:1075C000B8DA0F3F55C2533FD52D103FC789533FFF
:1075D000DC80103F1851533FCDD3103F4918533F23
:1075E000A726113F59DF523F6B79113F49A6523F01
:1075F00019CC113F186D523FB01E123FC633523F97
:107600003071123F54FA513F9AC3123FC2C0513FEA
:10761000EE15133F1087513F2A68133F3D4D513FF0
:1076200050BA133F4A13513F5F0C143F37D9503FB4
:10763000585E143F039F503F39B0143FAF64503F32
:107640000402153F3B2A503FB753153FA8EF4F3F69
:1076500054A5153FF4B44F3FD9F6153F1F7A4F3F5D
:107660004748163F2B3F4F3F9F99163F17044F3F08
:10767000DFEA163FE4C84E3F073C173F908D4E3F70
:10768000188D173F1C524E3F12DE173F89164E3F92
:10769000F52E183FD5DA4D3FC07F183F029F4D3F72
:1076A00073D0183F10634D3F0F21193FFD264D3F0A
:1076B0009471193FCBEA4C3F00C2193F79AE4C3F61
:1076C00055121A3F08724C3F93621A3F78354C3F6F
:1076D000B8B21A3FC7F84B3FC6021B3FF8BB4B3F3F
:1076E000BB521B3F097F4B3F99A21B3FFA414B3FC7
:1076F0005FF21B3FCC044B3F0C421C3F7FC74A3F0D
:10770000A2911C3F138A4A3F1FE11C3F874C4A3F0E
:1077100084301D3FDC0E4A3FD17F1D3F12D1493FCF
:1077200006CF1D3F2993493F221E1E3F2155493F49
:10773000266D1E3FFA16493F12BC1E3FB3D8483F84
:10774000E50A1F3F4E9A483F9F591F3FCA5B483F7B
:1077500041A81F3F271D483FCBF61F3F65DE473F2F
:107760003B45203F849F473F9393203F8560473FA1
:10777000D2E1203F6721473FF92F213F2AE2463FD0
:10778000067E213FCEA2463FFBCB213F5463463FBE
:10779000D719223FBB23463F9967223F03E4453F69
:1077A00043B5223F2DA4453FD302233F3964453FD3
:1077B0004B50233F2624453FA99D233FF5E3443FFB
:1077C000EEEA233FA5A3443F1A38243F3763443FE2
:1077D0002C85243FAB22443F25D2243F00E2433F87
:1077E000041F253F38A1433FCB6B253F5160433FEA
:1077F00077B8253F4C1F433F0A05263F29DE423F0D
:107800008451263FE89C423FE39D263F895B423FEF
:107810002AEA263F0B1A423F5636273F70D8413F8F
:107820006882273FB796413F61CE273FE154413FF1
:10783000401A283FEC12413F0566283FDAD0403F0E
:10784000B0B1283FA98E403F41FD283F5C4C403FEE
:10785000B848293FF009403F1594293F67C73F3F8B
:1078600057DF293FC0843F3F802A2A3FFC413F3FEA
:107870008E752A3F1BFF3E3F82C02A3F1BBC3E3F06
:107880005B0B2B3FFF783E3F1B562B3FC5353E3FE2
:10789000BFA02B3F6EF23D3F4AEB2B3FF9AE3D3F81
:1078A000B9352C3F676B3D3F0F802C3FB8273D3FDC
:1078B00049CA2C3FECE33C3F69142D3F03A03C3FF9
:1078C0006F5E2D3FFC5B3C3F59A82D3FD9173C3FD5
:1078D00029F22D3F98D33B3FDE3B2E3F3B8F3B3F72
:1078E00078852E3FC14A3B3FF7CE2E3F29063B3FCE
:1078F0005B182F3F75C13A3FA5612F3FA47C3A3FEB
:10790000D3AA2F3FB7373A3FE6F32F3FACF2393FC8
:10791000DE3C303F85AD393FBB85303F4268393F63
:107920007CCE303FE122393F2217313F65DD383FC1
:10793000AD5F313FCB97383F1DA8313F1652383FDE
:1079400071F0313F430C383FAA38323F55C6373FBC
:10795000C780323F4A80373FC9C8323F233A373F5A
:10796000AF10333FDFF3363F7A58333F7FAD363FBA
:1079700029A0333F0467363FBCE7333F6C20363FD6
:10798000342F343FB8D9353F8F76343FE792353FB7
:10799000CFBD343FFB4B353FF304353FF304353F58
:1079A000FB4B353FCFBD343FE792353F8F76343FB9
:1079B000B8D9353F342F343F6C20363FBCE7333FD6
:1079C0000467363F29A0333F7FAD363F7A58333FB7
:1079D000DFF3363FAF10333F233A373FC9C8323F5A
:1079E0004A80373FC780323F55C6373FAA38323FBB
:1079F000430C383F71F0313F1652383F1DA8313FDC
:107A0000CB97383FAD5F313F65DD383F2217313FBF
:107A1000E122393F7CCE303F4268393FBB85303F61
:107A200085AD393FDE3C303FACF2393FE6F32F3FC6
:107A3000B7373A3FD3AA2F3FA47C3A3FA5612F3FE7
:107A400075C13A3F5B182F3F29063B3FF7CE2E3FCB
:107A5000C14A3B3F78852E3F3B8F3B3FDE3B2E3F6D
:107A600098D33B3F29F22D3FD9173C3F59A82D3FD2
:107A7000FC5B3C3F6F5E2D3F03A03C3F69142D3FF4
:107A8000ECE33C3F49CA2C3FB8273D3F0F802C3FD9
:107A9000676B3D3FB9352C3FF9AE3D3F4AEB2B3F7D
:107AA0006EF23D3FBFA02B3FC5353E3F1B562B3FDF
:107AB000FF783E3F5B0B2B3F1BBC3E3F82C02A3F03
:107AC0001BFF3E3F8E752A3FFC413F3F802A2A3FE5
:107AD000C0843F3F57DF293F67C73F3F1594293F89
:107AE000F009403FB848293F5C4C403F41FD283FEA
:107AF000A98E403FB0B1283FDAD0403F0566283F0D
:107B0000EC12413F401A283FE154413F61CE273FEC
:107B1000B796413F6882273F70D8413F5636273F8E
:107B20000B1A423F2AEA263F895B423FE39D263FEC
:107B3000E89C423F8451263F29DE423F0A05263F0A
:107B40004C1F433F77B8253F5160433FCB6B253FE8
:107B500038A1433F041F253F00E2433F25D2243F85
:107B6000AB22443F2C85243F3763443F1A38243FDF
:107B7000A5A3443FEEEA233FF5E3443FA99D233FFD
:107B80002624453F4B50233F3964453FD302233FD2
:107B90002DA4453F43B5223F03E4453F9967223F6B
:107BA000BB23463FD719223F5463463FFBCB213FBF
:107BB000CEA2463F067E213F2AE2463FF92F213FD3
:107BC0006721473FD2E1203F8560473F9393203FA5
:107BD000849F473F3B45203F65DE473FCBF61F3F35
:107BE000271D483F41A81F3FCA5B483F9F591F3F81
:107BF0004E9A483FE50A1F3FB3D8483F12BC1E3F8C
:107C0000FA16493F266D1E3F2155493F221E1E3F51
:107C10002993493F06CF1D3F12D1493FD17F1D3FD8
:107C2000DC0E4A3F84301D3F874C4A3F1FE11C3F1A
:107C3000138A4A3FA2911C3F7FC74A3F0C421C3F18
:107C4000CC044B3F5FF21B3FFA414B3F99A21B3FD5
:107C5000097F4B3FBB521B3FF8BB4B3FC6021B3F4C
:107C6000C7F84B3FB8B21A3F78354C3F93621A3F82
:107C700008724C3F55121A3F79AE4C3F00C2193F73
:107C8000CBEA4C3F9471193FFD264D3F0F21193F20
:107C900010634D3F73D0183F029F4D3FC07F183F88
:107CA000D5DA4D3FF52E183F89164E3F12DE173FAD
:107CB0001C524E3F188D173F908D4E3F073C173F8B
:107CC000E4C84E3FDFEA163F17044F3F9F99163F27
:107CD0002B3F4F3F4748163F1F7A4F3FD9F6153F7E
:107CE000F4B44F3F54A5153FA8EF4F3FB753153F8E
:107CF0003B2A503F0402153FAF64503F39B0143F58
:107D0000039F503F585E143F37D9503F5F0C143FDC
:107D10004A13513F50BA133F3D4D513F2A68133F1C
:107D20001087513FEE15133FC2C0513F9AC3123F17
:107D300054FA513F3071123FC633523FB01E123FCA
:107D4000186D523F19CC113F49A6523F6B79113F34
:107D500059DF523FA726113F4918533FCDD3103F5B
:107D60001851533FDC80103FC789533FD52D103F3A
:107D700055C2533FB8DA0F3FC3FA533F84870F3FD2
:107D80000F33543F3B340F3F3B6B543FDBE00E3F20
:107D900047A3543F658D0E3F31DB543FDA390E3F28
:107DA000FB12553F38E60D3FA44A553F81920D3FE7
:107DB0002C82553FB33E0D3F93B9553FD0EA0C3F5F
:107DC000D9F0553FD7960C3FFE27563FC9420C3F8E
:107DD000025F563FA5EE0B3FE595563F6B9A0B3F72
:107DE000A7CC563F1C460B3F4803573FB7F10A3F0D
:107DF000C739573F3D9D0A3F2670573FAD480A3F60
:107E000063A6573F09F4093F7FDC573F4E9F093F68
:107E10007912583F7F4A093F5348583F9BF5083F26
:107E20000B7E583FA1A0083FA1B3583F924B083F9B
:107E300017E9583F6FF6073F6A1E593F36A1073FC3
:107E40009C53593FE84B073FAD88593F86F6063FA4
:107E50009CBD593F0EA1063F6AF2593F824B063F37
:107E600016275A3FE2F5053FA05B5A3F2CA0053F7D
:107E700009905A3F624A053F50C45A3F84F4043F78
:107E800075F85A3F919E043F792C5B3F8948043F27
:107E90005A605B3F6DF2033F1A945B3F3D9C033F8A
:107EA000B8C75B3FF845033F34FB5B3F9FEF023FA2
:107EB0008E2E5C3F3299023FC7615C3FB142023F68
:107EC000DD945C3F1CEC013FD1C75C3F7395013FE3
:107ED000A3FA5C3FB53E013F532D5D3FE4E7003F11
:107EE000E15F5D3FFF90003F4D925D3F063A003FEE
:107EF00097C45D3FF3C5FF3EBEF65D3FB217FF3E40
:107F0000C3285E3F4A69FE3EA65A5E3FBBBAFD3EAD
:107F1000678C5E3F040CFD3E05BE5E3F275DFC3E68
:107F200081EF5E3F22AEFB3EDB205F3FF7FEFA3E75
:107F300012525F3FA54FFA3E27835F3F2DA0F93EC7
:107F400019B45F3F8EF0F83EE9E45F3FC840F83E69
:107F50009615603FDC90F73E2146603FCBE0F63E51
:107F60008976603F9330F63ECFA6603F3580F53E80
:107F7000F2D6603FB1CFF43EF206613F071FF43EF8
:107F8000D036613F386EF33E8A66613F43BDF23EB4
:107F90002296613F290CF23E98C5613FEA5AF13EB4
:107FA000EAF4613F85A9F03E1A24623FFBF7EF3EF9
:107FB0002653623F4C46EF3E1082623F7994EE3E7C
:107FC000D7B0623F80E2ED3E7BDF623F6330ED3E43
:107FD000FC0D633F217EEC3E5A3C633FBBCBEB3E46
:107FE000956A633F3019EB3EAC98633F8166EA3E89
:107FF000A1C6633FAEB3E93E73F4633FB700E93E09
:108000002122643F9C4DE83EAC4F643F5D9AE73EC1
:10801000147D643FFBE6E63E59AA643F7533E63EB5
:108020007BD7643FCB7FE53E7904653FFECBE43EE2
:108030005431653F0E18E43E0B5E653FFA63E33E44
:10804000A08A653FC4AFE23E10B7653F6AFBE13EE0
:108050005EE3653FEE46E13E880F663F4F92E03EAD
:108060008E3B663F8DDDDF3E7167663FA928DF3EB0
:108070003093663FA273DE3ECCBE663F79BEDD3EE6
:1080800045EA663F2E09DD3E9915673FC153DC3E48
:10809000CA40673F319EDB3ED86B673F80E8DA3EDF
:1080A000C196673FAD32DA3E87C1673FB97CD93EA2
:1080B0002AEC673FA3C6D83EA816683F6B10D83E8F
:1080C0000341683F135AD73E396B683F99A3D63EA8
:1080D0004C95683FFDECD53E3CBF683F4136D53EF0
:1080E00007E9683F647FD43EAE12693F67C8D33E5C
:1080F000323C693F4811D33E9165693F095AD23EEF
:10810000CC8E693FAAA2D13EE4B7693F2AEBD03EAC
:10811000D7E0693F8A33D03EA7096A3FCA7BCF3E8A
:1081200052326A3FEAC3CE3ED95A6A3FEA0BCE3E8C
:108130003C836A3FCA53CD3E7BAB6A3F8B9BCC3EB0
:1081400095D36A3F2CE3CB3E8CFB6A3FAE2ACB3EF5
:108150005E236B3F1072CA3E0C4B6B3F53B9C93E56
:1081600095726B3F7700C93EFB996B3F7C47C83ED9
:108170003BC16B3F628EC73E58E86B3F29D5C63E78
:10818000500F6C3FD21BC63E24366C3F5C62C53E2E
:10819000D45C6C3FC8A8C43E5E836C3F15EFC33E01
:1081A000C5A96C3F4435C33E07D06C3F557BC23EEA
:1081B00024F66C3F48C1C13E1D1C6D3F1E07C13EE9
:1081C000F2416D3FD54CC03EA1676D3F6F92BF3EFF
:1081D0002D8D6D3FEBD7BE3E93B26D3F4A1DBE3E27
:1081E000D5D76D3F8B62BD3EF2FC6D3FAFA7BC3E65
:1081F000EB216E3FB6ECBB3EBE466E3FA031BB3EB0
:108200006D6B6E3F6E76BA3EF88F6E3F1EBBB93E09
:108210005DB46E3FB2FFB83E9ED86E3F2A44B83E72
:10822000BAFC6E3F8488B73EB0206F3FC3CCB63EE9
:1082300083446F3FE610B63E30686F3FEC54B53E66
:10824000B88B6F3FD698B43E1BAF6F3FA5DCB33EF3
:108250005AD26F3F5820B33E73F56F3FEF63B23E83
:108260006718703F6BA7B13E373B703FCBEAB03E1B
:10827000E15D703F102EB03E6680703F3A71AF3EB8
:10828000C6A2703F49B4AE3E02C5703F3CF7AD3E5A
:1082900017E7703F153AAD3E0809713FD47CAC3EFC
:1082A000D42A713F77BFAB3E7A4C713F0102AB3E9F
:1082B000FB6D713F6F44AA3E578F713FC486A93E44
:1082C0008EB0713FFEC8A83E9FD1713F1F0BA83EE4
:1082D0008CF2713F254DA73E5213723F128FA63E7E
:1082E000F433723FE5D0A53E7054723F9F12A53E15
:1082F000C774723F3F54A43EF894723FC595A33EA5
:1083000004B5723F33D7A23EEBD4723F8718A23E2A
:10831000ACF4723FC259A13E4714733FE59AA03EA8
:10832000BE33733FEEDB9F3E0E53733FDF1C9F3E19
:108330003972733FB85D9E3E3F91733F789E9D3E7C
:108340001FB0733F20DF9C3ED9CE733FAF1F9C3ED2
:108350006EED733F27609B3EDD0B743F86A09A3E17
:10836000272A743FCEE0993E4B48743FFE20993E49
:108370004966743F1661983E2284743F17A1973E68
:10838000D5A1743F00E1963E62BF743FD220963E75
:10839000C9DC743F8D60953E0BFA743F31A0943E6A
:1083A0002717753FBFDF933E1D34753F351F933E42
:1083B000ED50753F945E923E976D753FDD9D913E09
:1083C0001C8A753F10DD903E7BA6753F2C1C903EAD
:1083D000B3C2753F325B8F3EC6DE753F229A8E3E3A
:1083E000B3FA753FFCD88D3E7A16763FC0178D3EA6
:1083F0001B32763F6E568C3E974D763F07958B3EEF
:10840000EC68763F8AD38A3E1B84763FF8118A3E19
:10841000249F763F5050893E07BA763F938E883E20
:10842000C4D4763FC1CC873E5BEF763FDA0A873E05
:10843000CC09773FDF48863E1724773FCE86853EBE
:108440003C3E773FAAC4843E3A58773F7002843E50
:108450001372773F2240833EC58B773FC07D823EBB
:1084600051A5773F4ABB813EB7BE773FC0F8803EFB
:10847000F7D7773F2236803E10F1773FE1E67E3E28
:10848000040A783F56617D3ED122783FA4DB7B3ED3
:10849000773B783FCB557A3EF853783FCCCF783E48
:1084A000526C783FA649773E8684783F5AC3753E22
:1084B000939C783FE83C743E7BB4783F51B6723E63
:1084C0003BCC783F942F713ED6E3783FB2A86F3E05
:1084D0004AFB783FAB216E3E9812793F7F9A6C3E03
:1084E000BF29793F2F136B3EC040793FBA8B693E5D
:1084F0009A57793F2204683E4E6E793F667C663E0D
:10850000DC84793F86F4643E439B793F836C633E11
:1085100083B1793F5CE4613E9DC7793F135C603E67
:1085200091DD793FA8D35E3E5EF3793F1A4B5D3E05
:1085300004097A3F6AC25B3E841E7A3F97395A3EED
:10854000DD337A3FA4B0583E10497A3F8F27573E1B
:108550001C5E7A3F589E553E02737A3F0115543E89
:10856000C1877A3F898B523E599C7A3FF101513E37
:10857000CBB07A3F38784F3E16C57A3F60EE4D3E1D
:108580003AD97A3F67644C3E37ED7A3F4FDA4A3E3C
:108590000E017B3F1850493EBE147B3FC2C5473E8B
:1085A00048287B3F4D3B463EAB3B7B3FB9B0443E0A
:1085B000E74E7B3F0726433EFC617B3F379B413EB6
:1085C000EA747B3F4910403EB2877B3F3E853E3E8A
:1085D000539A7B3F15FA3C3ECDAC7B3FCF6E3B3E82
:1085E00020BF7B3F6CE3393E4DD17B3FEC57383E9B
:1085F00053E37B3F50CC363E31F57B3F9840353ED0
:10860000E9067C3FC4B4333E7A187C3FD428323E1E
:10861000E5297C3FC99C303E283B7C3FA2102F3E81
:10862000444C7C3F61842D3E3A5D7C3F04F82B3EF8
:10863000086E7C3F8D6B2A3EB07E7C3FFCDE283E80
:10864000318F7C3F5152273E8A9F7C3F8CC5253E0F
:10865000BDAF7C3FAD38243EC9BF7C3FB6AB223EA8
:10866000AECF7C3FA51E213E6CDF7C3F7B911F3E41
:1086700003EF7C3F38041E3E73FE7C3FDE761C3EDB
:10868000BC0D7D3F6BE91A3EDD1C7D3FE05B193E72
:10869000D82B7D3F3DCE173EAC3A7D3F8340163E02
:1086A00059497D3FB2B2143EDE577D3FCA24133E86
:1086B0003D667D3FCC96113E74747D3FB708103EF9
:1086C00085827D3F8B7A0E3E6E907D3F4AEC0C3E5C
:1086D000309E7D3FF35D0B3ECCAB7D3F86CF093EA8
:1086E00040B97D3F0541083E8CC67D3F6EB2063ED7
:1086F000B2D37D3FC223053EB1E07D3F0295033EEC
:1087000088ED7D3F2E06023E38FA7D3F4577003EDC
:10871000C2067E3F92D0FD3D24137E3F73B2FA3DE8
:108720005E1F7E3F2C94F73D722B7E3FC075F43D5B
:108730005E377E3F2E57F13D23437E3F7638EE3D38
:10874000C14E7E3F9A19EB3D385A7E3F9AFAE73D7B
:1087500088657E3F76DBE43DB0707E3F2EBCE13D18
:10876000B17B7E3FC49CDE3D8B867E3F377DDB3D0B
:108770003D917E3F895DD83DC99B7E3FB93DD53D4A
:108780002DA67E3FC81DD23D69B07E3FB7FDCE3DD0
:108790007FBA7E3F86DDCB3D6DC47E3F36BDC83D92
:1087A00034CE7E3FC69CC53DD4D77E3F397CC23D8A
:1087B0004CE17E3F8D5BBF3D9DEA7E3FC33ABC3DB1
:1087C000C7F37E3FDD19B93DC9FC7E3FDAF8B53D00
:1087D000A4057F3FBBD7B23D580E7F3F80B6AF3D6B
:1087E000E4167F3F2B95AC3D491F7F3FBA73A93DEF
:1087F00087277F3F3052A63D9D2F7F3F8C30A33D82
:108800008D377F3FCF0EA03D543F7F3FF9EC9C3D1D
:10881000F4467F3F0ACB993D6D4E7F3F05A9963DBB
:10882000BF557F3FE786933DE95C7F3FB464903D51
:10883000EC637F3F6A428D3DC76A7F3F0A208A3DD5
:108840007B717F3F94FD863D08787F3F0ADB833D47
:108850006D7E7F3F6CB8803DAB847F3F742B7B3D4A
:10886000C28A7F3FE9E5743DB1907F3F38A06E3DFD
:1088700078967F3F625A683D189C7F3F6814623D3E
:1088800091A17F3F4CCE5B3DE3A67F3F0E88553DD7
:108890000DAC7F3FAF414F3D0FB17F3F2FFB483DB8
:1088A000EAB57F3F91B4423D9EBA7F3FD56D3C3DD6
:1088B0002ABF7F3FFC26363D8FC37F3F07E02F3D19
:1088C000CCC77F3FF698293DE2CB7F3FCC51233D7B
:1088D000D1CF7F3F880A1D3D98D37F3F2CC3163DE3
:1088E00037D77F3FB87B103DAFDA7F3F2F340A3D4B
:1088F00000DE7F3F90EC033D29E17F3FB949FB3C1F
:108900002BE47F3F2DBAEE3C05E77F3F7B2AE23C1C
:10891000B8E97F3FA69AD53C43EC7F3FB00AC93CFB
:10892000A7EE7F3F9B7ABC3CE3F07F3F69EAAF3C18
:10893000F8F27F3F1C5AA33CE6F47F3FB6C9963C51
:10894000ACF67F3F38398A3C4AF87F3F4B517B3C3D
:10895000C1F97F3F0030623C11FB7F3F900E493CE4
:1089600039FC7F3F02ED2F3C39FD7F3F59CB163C50
:1089700013FE7F3F3053FB3BC4FE7F3F890FC93B53
:108980004EFF7F3FC1CB963BB1FF7F3FC70F493BB7
:10899000ECFF7F3FD40FC93A0000803F0000000089
:1089A000ECFF7F3FD40FC9BAB1FF7F3FC70F49BB70
:1089B0004EFF7F3FC1CB96BBC4FE7F3F890FC9BB33
:1089C00013FE7F3F3053FBBB39FD7F3F59CB16BCB5
:1089D00039FC7F3F02ED2FBC11FB7F3F900E49BC5D
:1089E000C1F97F3F003062BC4AF87F3F4B517BBCEE
:1089F000ACF67F3F38398ABCE6F47F3FB6C996BCF7
:108A0000F8F27F3F1C5AA3BCE3F07F3F69EAAFBC9A
:108A1000A7EE7F3F9B7ABCBC43EC7F3FB00AC9BC4A
:108A2000B8E97F3FA69AD5BC05E77F3F7B2AE2BC29
:108A30002BE47F3F2DBAEEBC29E17F3FB949FBBC57
:108A400000DE7F3F90EC03BDAFDA7F3F2F340ABDDD
:108A500037D77F3FB87B10BD98D37F3F2CC316BD5F
:108A6000D1CF7F3F880A1DBDE2CB7F3FCC5123BDD4
:108A7000CCC77F3FF69829BD8FC37F3F07E02FBD4E
:108A80002ABF7F3FFC2636BD9EBA7F3FD56D3CBDD9
:108A9000EAB57F3F91B442BD0FB17F3F2FFB48BD88
:108AA0000DAC7F3FAF414FBDE3A67F3F0E8855BD64
:108AB00091A17F3F4CCE5BBD189C7F3F681462BD87
:108AC00078967F3F625A68BDB1907F3F38A06EBDF7
:108AD000C28A7F3FE9E574BDAB847F3F742B7BBDC9
:108AE0006D7E7F3F6CB880BD08787F3F0ADB83BD19
:108AF0007B717F3F94FD86BDC76A7F3F0A208ABD98
:108B0000EC637F3F6A428DBDE95C7F3FB46490BDFA
:108B1000BF557F3FE78693BD6D4E7F3F05A996BD4C
:108B2000F4467F3F0ACB99BD543F7F3FF9EC9CBD93
:108B30008D377F3FCF0EA0BD9D2F7F3F8C30A3BDD3
:108B400087277F3F3052A6BD491F7F3FBA73A9BD1B
:108B5000E4167F3F2B95ACBD580E7F3F80B6AFBD6E
:108B6000A4057F3FBBD7B2BDC9FC7E3FDAF8B5BDD7
:108B7000C7F37E3FDD19B9BD9DEA7E3FC33ABCBD58
:108B80004CE17E3F8D5BBFBDD4D77E3F397CC2BDFB
:108B900034CE7E3FC69CC5BD6DC47E3F36BDC8BDCC
:108BA0007FBA7E3F86DDCBBD69B07E3FB7FDCEBDCF
:108BB0002DA67E3FC81DD2BDC99B7E3FB93DD5BD08
:108BC0003D917E3F895DD8BD8B867E3F377DDBBD85
:108BD000B17B7E3FC49CDEBDB0707E3F2EBCE1BD4C
:108BE00088657E3F76DBE4BD385A7E3F9AFAE7BD62
:108BF000C14E7E3F9A19EBBD23437E3F7638EEBDD2
:108C00005E377E3F2E57F1BD722B7E3FC075F4BD9F
:108C10005E1F7E3F2C94F7BD24137E3F73B2FABDD6
:108C2000C2067E3F92D0FDBD38FA7D3F457700BE3B
:108C300088ED7D3F2E0602BEB1E07D3F029503BE6A
:108C4000B2D37D3FC22305BE8CC67D3F6EB206BE49
:108C500040B97D3F054108BECCAB7D3F86CF09BE04
:108C6000309E7D3FF35D0BBE6E907D3F4AEC0CBEA7
:108C700085827D3F8B7A0EBE74747D3FB70810BE2F
:108C80003D667D3FCC9611BEDE577D3FCA2413BEA4
:108C900059497D3FB2B214BEAC3A7D3F834016BE07
:108CA000D82B7D3F3DCE17BEDD1C7D3FE05B19BE5E
:108CB000BC0D7D3F6BE91ABE73FE7C3FDE761CBEA9
:108CC00003EF7C3F38041EBE6CDF7C3F7B911FBEF0
:108CD000AECF7C3FA51E21BEC9BF7C3FB6AB22BE36
:108CE000BDAF7C3FAD3824BE8A9F7C3F8CC525BE7E
:108CF000318F7C3F515227BEB07E7C3FFCDE28BEC8
:108D0000086E7C3F8D6B2ABE3A5D7C3F04F82BBE1B
:108D1000444C7C3F61842DBE283B7C3FA2102FBE7B
:108D2000E5297C3FC99C30BE7A187C3FD42832BEEE
:108D3000E9067C3FC4B433BE31F57B3F984035BE75
:108D400053E37B3F50CC36BE4DD17B3FEC5738BE12
:108D500020BF7B3F6CE339BECDAC7B3FCF6E3BBECB
:108D6000539A7B3F15FA3CBEB2877B3F3E853EBEA1
:108D7000EA747B3F491040BEFC617B3F379B41BE9C
:108D8000E74E7B3F072643BEAB3B7B3FB9B044BEBB
:108D900048287B3F4D3B46BEBE147B3FC2C547BE05
:108DA0000E017B3F185049BE37ED7A3F4FDA4ABE7D
:108DB0003AD97A3F67644CBE16C57A3F60EE4DBE25
:108DC000CBB07A3F38784FBE599C7A3FF10151BE03
:108DD000C1877A3F898B52BE02737A3F011554BE18
:108DE0001C5E7A3F589E55BE10497A3F8F2757BE6A
:108DF000DD337A3FA4B058BE841E7A3F97395ABEFD
:108E000004097A3F6AC25BBE5EF3793F1A4B5DBECE
:108E100091DD793FA8D35EBE9DC7793F135C60BEEC
:108E200083B1793F5CE461BE439B793F836C63BE51
:108E3000DC84793F86F464BE4E6E793F667C66BE04
:108E40009A57793F220468BEC040793FBA8B69BE09
:108E5000BF29793F2F136BBE9812793F7F9A6CBE62
:108E60004AFB783FAB216EBED6E3783FB2A86FBE17
:108E70003BCC783F942F71BE7BB4783F51B672BE25
:108E8000939C783FE83C74BE8684783F5AC375BE95
:108E9000526C783FA64977BEF853783FCCCF78BE66
:108EA000773B783FCB557ABED122783FA4DB7BBE9F
:108EB000040A783F56617DBE10F1773FE1E67EBE41
:108EC000F7D7773F223680BEB7BE773FC0F880BE67
:108ED00051A5773F4ABB81BEC58B773FC07D82BE1F
:108EE0001372773F224083BE3A58773F700284BEA8
:108EF0003C3E773FAAC484BE1724773FCE8685BE0A
:108F0000CC09773FDF4886BE5BEF763FDA0A87BE43
:108F1000C4D4763FC1CC87BE07BA763F938E88BE55
:108F2000249F763F505089BE1B84763FF8118ABE3D
:108F3000EC68763F8AD38ABE974D763F07958BBE05
:108F40001B32763F6E568CBE7A16763FC0178DBEAA
:108F5000B3FA753FFCD88DBEC6DE753F229A8EBE31
:108F6000B3C2753F325B8FBE7BA6753F2C1C90BE93
:108F70001C8A753F10DD90BE976D753FDD9D91BEDB
:108F8000ED50753F945E92BE1D34753F351F93BE04
:108F90002717753FBFDF93BE0BFA743F31A094BE15
:108FA000C9DC743F8D6095BE62BF743FD22096BE0F
:108FB000D5A1743F00E196BE2284743F17A197BEED
:108FC0004966743F166198BE4B48743FFE2099BEB7
:108FD000272A743FCEE099BEDD0B743F86A09ABE6F
:108FE0006EED733F27609BBED9CE733FAF1F9CBE13
:108FF0001FB0733F20DF9CBE3F91733F789E9DBEA4
:109000003972733FB85D9EBE0E53733FDF1C9FBE27
:10901000BE33733FEEDB9FBE4714733FE59AA0BE9D
:10902000ACF4723FC259A1BEEBD4723F8718A2BE06
:1090300004B5723F33D7A2BEF894723FC595A3BE64
:10904000C774723F3F54A4BE7054723F9F12A5BEB6
:10905000F433723FE5D0A5BE5213723F128FA6BE05
:109060008CF2713F254DA7BE9FD1713F1F0BA8BE4B
:109070008EB0713FFEC8A8BE578F713FC486A9BE8F
:10908000FB6D713F6F44AABE7A4C713F0102ABBECB
:10909000D42A713F77BFABBE0809713FD47CACBE08
:1090A00017E7703F153AADBE02C5703F3CF7ADBE45
:1090B000C6A2703F49B4AEBE6680703F3A71AFBE83
:1090C000E15D703F102EB0BE373B703FCBEAB0BEC3
:1090D0006718703F6BA7B1BE73F56F3FEF63B2BE09
:1090E0005AD26F3F5820B3BE1BAF6F3FA5DCB3BE53
:1090F000B88B6F3FD698B4BE30686F3FEC54B5BEA6
:1091000083446F3FE610B6BEB0206F3FC3CCB6BEFF
:10911000BAFC6E3F8488B7BE9ED86E3F2A44B8BE64
:109120005DB46E3FB2FFB8BEF88F6E3F1EBBB9BED6
:109130006D6B6E3F6E76BABEBE466E3FA031BBBE53
:10914000EB216E3FB6ECBBBEF2FC6D3FAFA7BCBEE1
:10915000D5D76D3F8B62BDBE93B26D3F4A1DBEBE7B
:109160002D8D6D3FEBD7BEBEA1676D3F6F92BFBE29
:10917000F2416D3FD54CC0BE1D1C6D3F1E07C1BEE8
:1091800024F66C3F48C1C1BE07D06C3F557BC2BEC0
:10919000C5A96C3F4435C3BE5E836C3F15EFC3BEAB
:1091A000D45C6C3FC8A8C4BE24366C3F5C62C5BEAC
:1091B000500F6C3FD21BC6BE58E86B3F29D5C6BEC8
:1091C0003BC16B3F628EC7BEFB996B3F7C47C8BEFD
:1091D00095726B3F7700C9BE0C4B6B3F53B9C9BE4C
:1091E0005E236B3F1072CABE8CFB6A3FAE2ACBBEB9
:1091F00095D36A3F2CE3CBBE7BAB6A3F8B9BCCBE47
:109200003C836A3FCA53CDBED95A6A3FEA0BCEBEF1
:1092100052326A3FEAC3CEBEA7096A3FCA7BCFBEBD
:10922000D7E0693F8A33D0BEE4B7693F2AEBD0BEAE
:10923000CC8E693FAAA2D1BE9165693F095AD2BEC0
:10924000323C693F4811D3BEAE12693F67C8D3BEF6
:1092500007E9683F647FD4BE3CBF683F4136D5BE56
:109260004C95683FFDECD5BE396B683F99A3D6BEDF
:109270000341683F135AD7BEA816683F6B10D8BE8B
:109280002AEC673FA3C6D8BE87C1673FB97CD9BE69
:10929000C196673FAD32DABED86B673F80E8DABE71
:1092A000CA40673F319EDBBE9915673FC153DCBEA4
:1092B00045EA663F2E09DDBECCBE663F79BEDDBE07
:1092C0003093663FA273DEBE7167663FA928DFBE9A
:1092D0008E3B663F8DDDDFBE880F663F4F92E0BE5E
:1092E0005EE3653FEE46E1BE10B7653F6AFBE1BE57
:1092F000A08A653FC4AFE2BE0B5E653FFA63E3BE82
:109300005431653F0E18E4BE7904653FFECBE4BEE0
:109310007BD7643FCB7FE5BE59AA643F7533E6BE79
:10932000147D643FFBE6E6BEAC4F643F5D9AE7BE4A
:109330002122643F9C4DE8BE73F4633FB700E9BE51
:10934000A1C6633FAEB3E9BEAC98633F8166EABE97
:10935000956A633F3019EBBE5A3C633FBBCBEBBE13
:10936000FC0D633F217EECBE7BDF623F6330EDBED0
:10937000D7B0623F80E2EDBE1082623F7994EEBECC
:109380002653623F4C46EFBE1A24623FFBF7EFBE06
:10939000EAF4613F85A9F0BE98C5613FEA5AF1BE83
:1093A0002296613F290CF2BE8A66613F43BDF2BE40
:1093B000D036613F386EF3BEF206613F071FF4BE40
:1093C000F2D6603FB1CFF4BECFA6603F3580F5BE88
:1093D0008976603F9330F6BE2146603FCBE0F6BE13
:1093E0009615603FDC90F7BEE9E45F3FC840F8BEE9
:1093F00019B45F3F8EF0F8BE27835F3F2DA0F9BE02
:1094000012525F3FA54FFABEDB205F3FF7FEFABE68
:1094100081EF5E3F22AEFBBE05BE5E3F275DFCBE18
:10942000678C5E3F040CFDBEA65A5E3FBBBAFDBE14
:10943000C3285E3F4A69FEBEBEF65D3FB217FFBE5F
:1094400097C45D3FF3C5FFBE4D925D3F063A00BF36
:10945000E15F5D3FFF9000BF532D5D3FE4E700BF3C
:10946000A3FA5C3FB53E01BFD1C75C3F739501BF16
:10947000DD945C3F1CEC01BFC7615C3FB14202BFA1
:109480008E2E5C3F329902BF34FB5B3F9FEF02BFE1
:10949000B8C75B3FF84503BF1A945B3F3D9C03BFD1
:1094A0005A605B3F6DF203BF792C5B3F894804BF74
:1094B00075F85A3F919E04BF50C45A3F84F404BFCC
:1094C00009905A3F624A05BFA05B5A3F2CA005BFD6
:1094D00016275A3FE2F505BF6AF2593F824B06BF95
:1094E0009CBD593F0EA106BFAD88593F86F606BF09
:1094F0009C53593FE84B07BF6A1E593F36A107BF2F
:1095000017E9583F6FF607BFA1B3583F924B08BF0A
:109510000B7E583FA1A008BF5348583F9BF508BF9A
:109520007912583F7F4A09BF7FDC573F4E9F09BFE2
:1095300063A6573F09F409BF2670573FAD480ABFDD
:10954000C739573F3D9D0ABF4803573FB7F10ABF90
:10955000A7CC563F1C460BBFE595563F6B9A0BBFF9
:10956000025F563FA5EE0BBFFE27563FC9420CBF18
:10957000D9F0553FD7960CBF93B9553FD0EA0CBFF1
:109580002C82553FB33E0DBFA44A553F81920DBF7B
:10959000FB12553F38E60DBF31DB543FDA390EBFC1
:1095A00047A3543F658D0EBF3B6B543FDBE00EBFBE
:1095B0000F33543F3B340FBFC3FA533F84870FBF71
:1095C00055C2533FB8DA0FBFC789533FD52D10BFDF
:1095D0001851533FDC8010BF4918533FCDD310BF03
:1095E00059DF523FA72611BF49A6523F6B7911BFE1
:1095F000186D523F19CC11BFC633523FB01E12BF77
:1096000054FA513F307112BFC2C0513F9AC312BFCA
:109610001087513FEE1513BF3D4D513F2A6813BFD0
:109620004A13513F50BA13BF37D9503F5F0C14BF94
:10963000039F503F585E14BFAF64503F39B014BF12
:109640003B2A503F040215BFA8EF4F3FB75315BF49
:10965000F4B44F3F54A515BF1F7A4F3FD9F615BF3D
:109660002B3F4F3F474816BF17044F3F9F9916BFE8
:10967000E4C84E3FDFEA16BF908D4E3F073C17BF50
:109680001C524E3F188D17BF89164E3F12DE17BF72
:10969000D5DA4D3FF52E18BF029F4D3FC07F18BF52
:1096A00010634D3F73D018BFFD264D3F0F2119BFEA
:1096B000CBEA4C3F947119BF79AE4C3F00C219BF41
:1096C00008724C3F55121ABF78354C3F93621ABF4F
:1096D000C7F84B3FB8B21ABFF8BB4B3FC6021BBF1F
:1096E000097F4B3FBB521BBFFA414B3F99A21BBFA7
:1096F000CC044B3F5FF21BBF7FC74A3F0C421CBFED
:10970000138A4A3FA2911CBF874C4A3F1FE11CBFEE
:10971000DC0E4A3F84301DBF12D1493FD17F1DBFAF
:109720002993493F06CF1DBF2155493F221E1EBF29
:10973000FA16493F266D1EBFB3D8483F12BC1EBF64
:109740004E9A483FE50A1FBFCA5B483F9F591FBF5B
:10975000271D483F41A81FBF65DE473FCBF61FBF0F
:10976000849F473F3B4520BF8560473F939320BF81
:109770006721473FD2E120BF2AE2463FF92F21BFB0
:10978000CEA2463F067E21BF5463463FFBCB21BF9E
:10979000BB23463FD71922BF03E4453F996722BF49
:1097A0002DA4453F43B522BF3964453FD30223BFB3
:1097B0002624453F4B5023BFF5E3443FA99D23BFDB
:1097C000A5A3443FEEEA23BF3763443F1A3824BFC2
:1097D000AB22443F2C8524BF00E2433F25D224BF67
:1097E00038A1433F041F25BF5160433FCB6B25BFCA
:1097F0004C1F433F77B825BF29DE423F0A0526BFED
:10980000E89C423F845126BF895B423FE39D26BFCF
:109810000B1A423F2AEA26BF70D8413F563627BF6F
:10982000B796413F688227BFE154413F61CE27BFD1
:10983000EC12413F401A28BFDAD0403F056628BFEE
:10984000A98E403FB0B128BF5C4C403F41FD28BFCE
:10985000F009403FB84829BF67C73F3F159429BF6B
:10986000C0843F3F57DF29BFFC413F3F802A2ABFCA
:109870001BFF3E3F8E752ABF1BBC3E3F82C02ABFE6
:10988000FF783E3F5B0B2BBFC5353E3F1B562BBFC2
:109890006EF23D3FBFA02BBFF9AE3D3F4AEB2BBF61
:1098A000676B3D3FB9352CBFB8273D3F0F802CBFBC
:1098B000ECE33C3F49CA2CBF03A03C3F69142DBFD9
:1098C000FC5B3C3F6F5E2DBFD9173C3F59A82DBFB5
:1098D00098D33B3F29F22DBF3B8F3B3FDE3B2EBF52
:1098E000C14A3B3F78852EBF29063B3FF7CE2EBFAE
:1098F00075C13A3F5B182FBFA47C3A3FA5612FBFCB
:10990000B7373A3FD3AA2FBFACF2393FE6F32FBFA8
:1099100085AD393FDE3C30BF4268393FBB8530BF43
:10992000E122393F7CCE30BF65DD383F221731BFA1
:10993000CB97383FAD5F31BF1652383F1DA831BFBE
:10994000430C383F71F031BF55C6373FAA3832BF9C
:109950004A80373FC78032BF233A373FC9C832BF3A
:10996000DFF3363FAF1033BF7FAD363F7A5833BF9A
:109970000467363F29A033BF6C20363FBCE733BFB6
:10998000B8D9353F342F34BFE792353F8F7634BF97
:10999000FB4B353FCFBD34BFF304353FF30435BF38
:1099A000CFBD343FFB4B35BF8F76343FE79235BF99
:1099B000342F343FB8D935BFBCE7333F6C2036BFB6
:1099C00029A0333F046736BF7A58333F7FAD36BF97
:1099D000AF10333FDFF336BFC9C8323F233A37BF3A
:1099E000C780323F4A8037BFAA38323F55C637BF9B
:1099F00071F0313F430C38BF1DA8313F165238BFBC
:109A0000AD5F313FCB9738BF2217313F65DD38BF9F
:109A10007CCE303FE12239BFBB85303F426839BF41
:109A2000DE3C303F85AD39BFE6F32F3FACF239BFA6
:109A3000D3AA2F3FB7373ABFA5612F3FA47C3ABFC7
:109A40005B182F3F75C13ABFF7CE2E3F29063BBFAB
:109A500078852E3FC14A3BBFDE3B2E3F3B8F3BBF4D
:109A600029F22D3F98D33BBF59A82D3FD9173CBFB2
:109A70006F5E2D3FFC5B3CBF69142D3F03A03CBFD4
:109A800049CA2C3FECE33CBF0F802C3FB8273DBFB9
:109A9000B9352C3F676B3DBF4AEB2B3FF9AE3DBF5D
:109AA000BFA02B3F6EF23DBF1B562B3FC5353EBFBF
:109AB0005B0B2B3FFF783EBF82C02A3F1BBC3EBFE3
:109AC0008E752A3F1BFF3EBF802A2A3FFC413FBFC5
:109AD00057DF293FC0843FBF1594293F67C73FBF69
:109AE000B848293FF00940BF41FD283F5C4C40BFCA
:109AF000B0B1283FA98E40BF0566283FDAD040BFED
:109B0000401A283FEC1241BF61CE273FE15441BFCC
:109B10006882273FB79641BF5636273F70D841BF6E
:109B20002AEA263F0B1A42BFE39D263F895B42BFCC
:109B30008451263FE89C42BF0A05263F29DE42BFEA
:109B400077B8253F4C1F43BFCB6B253F516043BFC8
:109B5000041F253F38A143BF25D2243F00E243BF65
:109B60002C85243FAB2244BF1A38243F376344BFBF
:109B7000EEEA233FA5A344BFA99D233FF5E344BFDD
:109B80004B50233F262445BFD302233F396445BFB2
:109B900043B5223F2DA445BF9967223F03E445BF4B
:109BA000D719223FBB2346BFFBCB213F546346BF9F
:109BB000067E213FCEA246BFF92F213F2AE246BFB3
:109BC000D2E1203F672147BF9393203F856047BF85
:109BD0003B45203F849F47BFCBF61F3F65DE47BF15
:109BE00041A81F3F271D48BF9F591F3FCA5B48BF61
:109BF000E50A1F3F4E9A48BF12BC1E3FB3D848BF6C
:109C0000266D1E3FFA1649BF221E1E3F215549BF31
:109C100006CF1D3F299349BFD17F1D3F12D149BFB8
:109C200084301D3FDC0E4ABF1FE11C3F874C4ABFFA
:109C3000A2911C3F138A4ABF0C421C3F7FC74ABFF8
:109C40005FF21B3FCC044BBF99A21B3FFA414BBFB5
:109C5000BB521B3F097F4BBFC6021B3FF8BB4BBF2C
:109C6000B8B21A3FC7F84BBF93621A3F78354CBF62
:109C700055121A3F08724CBF00C2193F79AE4CBF53
:109C80009471193FCBEA4CBF0F21193FFD264DBF00
:109C900073D0183F10634DBFC07F183F029F4DBF68
:109CA000F52E183FD5DA4DBF12DE173F89164EBF8D
:109CB000188D173F1C524EBF073C173F908D4EBF6B
:109CC000DFEA163FE4C84EBF9F99163F17044FBF07
:109CD0004748163F2B3F4FBFD9F6153F1F7A4FBF5E
:109CE00054A5153FF4B44FBFB753153FA8EF4FBF6E
:109CF0000402153F3B2A50BF39B0143FAF6450BF38
:109D0000585E143F039F50BF5F0C143F37D950BFBC
:109D100050BA133F4A1351BF2A68133F3D4D51BFFC
:109D2000EE15133F108751BF9AC3123FC2C051BFF7
:109D30003071123F54FA51BFB01E123FC63352BFAA
:109D400019CC113F186D52BF6B79113F49A652BF14
:109D5000A726113F59DF52BFCDD3103F491853BF3B
:109D6000DC80103F185153BFD52D103FC78953BF1A
:109D7000B8DA0F3F55C253BF84870F3FC3FA53BFB2
:109D80003B340F3F0F3354BFDBE00E3F3B6B54BF00
:109D9000658D0E3F47A354BFDA390E3F31DB54BF08
:109DA00038E60D3FFB1255BF81920D3FA44A55BFC7
:109DB000B33E0D3F2C8255BFD0EA0C3F93B955BF3F
:109DC000D7960C3FD9F055BFC9420C3FFE2756BF6E
:109DD000A5EE0B3F025F56BF6B9A0B3FE59556BF52
:109DE0001C460B3FA7CC56BFB7F10A3F480357BFED
:109DF0003D9D0A3FC73957BFAD480A3F267057BF40
:109E000009F4093F63A657BF4E9F093F7FDC57BF48
:109E10007F4A093F791258BF9BF5083F534858BF06
:109E2000A1A0083F0B7E58BF924B083FA1B358BF7B
:109E30006FF6073F17E958BF36A1073F6A1E59BFA3
:109E4000E84B073F9C5359BF86F6063FAD8859BF84
:109E50000EA1063F9CBD59BF824B063F6AF259BF17
:109E6000E2F5053F16275ABF2CA0053FA05B5ABF5D
:109E7000624A053F09905ABF84F4043F50C45ABF58
:109E8000919E043F75F85ABF8948043F792C5BBF07
:109E90006DF2033F5A605BBF3D9C033F1A945BBF6A
:109EA000F845033FB8C75BBF9FEF023F34FB5BBF82
:109EB0003299023F8E2E5CBFB142023FC7615CBF48
:109EC0001CEC013FDD945CBF7395013FD1C75CBFC3
:109ED000B53E013FA3FA5CBFE4E7003F532D5DBFF1
:109EE000FF90003FE15F5DBF063A003F4D925DBFCE
:109EF000F3C5FF3E97C45DBFB217FF3EBEF65DBF20
:109F00004A69FE3EC3285EBFBBBAFD3EA65A5EBF8D
:109F1000040CFD3E678C5EBF275DFC3E05BE5EBF48
:109F200022AEFB3E81EF5EBFF7FEFA3EDB205FBF55
:109F3000A54FFA3E12525FBF2DA0F93E27835FBFA7
:109F40008EF0F83E19B45FBFC840F83EE9E45FBF49
:109F5000DC90F73E961560BFCBE0F63E214660BF31
:109F60009330F63E897660BF3580F53ECFA660BF60
:109F7000B1CFF43EF2D660BF071FF43EF20661BFD8
:109F8000386EF33ED03661BF43BDF23E8A6661BF94
:109F9000290CF23E229661BFEA5AF13E98C561BF94
:109FA00085A9F03EEAF461BFFBF7EF3E1A2462BFD9
:109FB0004C46EF3E265362BF7994EE3E108262BF5C
:109FC00080E2ED3ED7B062BF6330ED3E7BDF62BF23
:109FD000217EEC3EFC0D63BFBBCBEB3E5A3C63BF26
:109FE0003019EB3E956A63BF8166EA3EAC9863BF69
:109FF000AEB3E93EA1C663BFB700E93E73F463BFE9
:10A000009C4DE83E212264BF5D9AE73EAC4F64BFA1
:10A01000FBE6E63E147D64BF7533E63E59AA64BF95
:10A02000CB7FE53E7BD764BFFECBE43E790465BFC2
:10A030000E18E43E543165BFFA63E33E0B5E65BF24
:10A04000C4AFE23EA08A65BF6AFBE13E10B765BFC0
:10A05000EE46E13E5EE365BF4F92E03E880F66BF8D
:10A060008DDDDF3E8E3B66BFA928DF3E716766BF90
:10A07000A273DE3E309366BF79BEDD3ECCBE66BFC6
:10A080002E09DD3E45EA66BFC153DC3E991567BF28
:10A09000319EDB3ECA4067BF80E8DA3ED86B67BFBF
:10A0A000AD32DA3EC19667BFB97CD93E87C167BF82
:10A0B000A3C6D83E2AEC67BF6B10D83EA81668BF6F
:10A0C000135AD73E034168BF99A3D63E396B68BF88
:10A0D000FDECD53E4C9568BF4136D53E3CBF68BFD0
:10A0E000647FD43E07E968BF67C8D33EAE1269BF3C
:10A0F0004811D33E323C69BF095AD23E916569BFCF
:10A10000AAA2D13ECC8E69BF2AEBD03EE4B769BF8C
:10A110008A33D03ED7E069BFCA7BCF3EA7096ABF6A
:10A12000EAC3CE3E52326ABFEA0BCE3ED95A6ABF6C
:10A13000CA53CD3E3C836ABF8B9BCC3E7BAB6ABF90
:10A140002CE3CB3E95D36ABFAE2ACB3E8CFB6ABFD5
:10A150001072CA3E5E236BBF53B9C93E0C4B6BBF36
:10A160007700C93E95726BBF7C47C83EFB996BBFB9
:10A17000628EC73E3BC16BBF29D5C63E58E86BBF58
:10A18000D21BC63E500F6CBF5C62C53E24366CBF0E
:10A19000C8A8C43ED45C6CBF15EFC33E5E836CBFE1
:10A1A0004435C33EC5A96CBF557BC23E07D06CBFCA
:10A1B00048C1C13E24F66CBF1E07C13E1D1C6DBFC9
:10A1C000D54CC03EF2416DBF6F92BF3EA1676DBFDF
:10A1D000EBD7BE3E2D8D6DBF4A1DBE3E93B26DBF07
:10A1E0008B62BD3ED5D76DBFAFA7BC3EF2FC6DBF45
:10A1F000B6ECBB3EEB216EBFA031BB3EBE466EBF90
:10A200006E76BA3E6D6B6EBF1EBBB93EF88F6EBFE9
:10A21000B2FFB83E5DB46EBF2A44B83E9ED86EBF52
:10A220008488B73EBAFC6EBFC3CCB63EB0206FBFC9
:10A23000E610B63E83446FBFEC54B53E30686FBF46
:10A24000D698B43EB88B6FBFA5DCB33E1BAF6FBFD3
:10A250005820B33E5AD26FBFEF63B23E73F56FBF63
:10A260006BA7B13E671870BFCBEAB03E373B70BFFB
:10A27000102EB03EE15D70BF3A71AF3E668070BF98
:10A2800049B4AE3EC6A270BF3CF7AD3E02C570BF3A
:10A29000153AAD3E17E770BFD47CAC3E080971BFDC
:10A2A00077BFAB3ED42A71BF0102AB3E7A4C71BF7F
:10A2B0006F44AA3EFB6D71BFC486A93E578F71BF24
:10A2C000FEC8A83E8EB071BF1F0BA83E9FD171BFC4
:10A2D000254DA73E8CF271BF128FA63E521372BF5E
:10A2E000E5D0A53EF43372BF9F12A53E705472BFF5
:10A2F0003F54A43EC77472BFC595A33EF89472BF85
:10A3000033D7A23E04B572BF8718A23EEBD472BF0A
:10A31000C259A13EACF472BFE59AA03E471473BF88
:10A32000EEDB9F3EBE3373BFDF1C9F3E0E5373BFF9
:10A33000B85D9E3E397273BF789E9D3E3F9173BF5C
:10A3400020DF9C3E1FB073BFAF1F9C3ED9CE73BFB2
:10A3500027609B3E6EED73BF86A09A3EDD0B74BFF7
:10A36000CEE0993E272A74BFFE20993E4B4874BF29
:10A370001661983E496674BF17A1973E228474BF48
:10A3800000E1963ED5A174BFD220963E62BF74BF55
:10A390008D60953EC9DC74BF31A0943E0BFA74BF4A
:10A3A000BFDF933E271775BF351F933E1D3475BF22
:10A3B000945E923EED5075BFDD9D913E976D75BFE9
:10A3C00010DD903E1C8A75BF2C1C903E7BA675BF8D
:10A3D000325B8F3EB3C275BF229A8E3EC6DE75BF1A
:10A3E000FCD88D3EB3FA75BFC0178D3E7A1676BF86
:10A3F0006E568C3E1B3276BF07958B3E974D76BFCF
:10A400008AD38A3EEC6876BFF8118A3E1B8476BFF9
:10A410005050893E249F76BF938E883E07BA76BF00
:10A42000C1CC873EC4D476BFDA0A873E5BEF76BFE5
:10A43000DF48863ECC0977BFCE86853E172477BF9E
:10A44000AAC4843E3C3E77BF7002843E3A5877BF30
:10A450002240833E137277BFC07D823EC58B77BF9B
:10A460004ABB813E51A577BFC0F8803EB7BE77BFDB
:10A470002236803EF7D777BFE1E67E3E10F177BF08
:10A4800056617D3E040A78BFA4DB7B3ED12278BFB3
:10A49000CB557A3E773B78BFCCCF783EF85378BF28
:10A4A000A649773E526C78BF5AC3753E868478BF02
:10A4B000E83C743E939C78BF51B6723E7BB478BF43
:10A4C000942F713E3BCC78BFB2A86F3ED6E378BFE5
:10A4D000AB216E3E4AFB78BF7F9A6C3E981279BFE3
:10A4E0002F136B3EBF2979BFBA8B693EC04079BF3D
:10A4F0002204683E9A5779BF667C663E4E6E79BFED
:10A5000086F4643EDC8479BF836C633E439B79BFF1
:10A510005CE4613E83B179BF135C603E9DC779BF47
:10A52000A8D35E3E91DD79BF1A4B5D3E5EF379BFE5
:10A530006AC25B3E04097ABF97395A3E841E7ABFCD
:10A54000A4B0583EDD337ABF8F27573E10497ABFFB
:10A55000589E553E1C5E7ABF0115543E02737ABF69
:10A56000898B523EC1877ABFF101513E599C7ABF17
:10A5700038784F3ECBB07ABF60EE4D3E16C57ABFFD
:10A5800067644C3E3AD97ABF4FDA4A3E37ED7ABF1C
:10A590001850493E0E017BBFC2C5473EBE147BBF6B
:10A5A0004D3B463E48287BBFB9B0443EAB3B7BBFEA
:10A5B0000726433EE74E7BBF379B413EFC617BBF96
:10A5C0004910403EEA747BBF3E853E3EB2877BBF6A
:10A5D00015FA3C3E539A7BBFCF6E3B3ECDAC7BBF62
:10A5E0006CE3393E20BF7BBFEC57383E4DD17BBF7B
:10A5F00050CC363E53E37BBF9840353E31F57BBFB0
:10A60000C4B4333EE9067CBFD428323E7A187CBFFE
:10A61000C99C303EE5297CBFA2102F3E283B7CBF61
:10A6200061842D3E444C7CBF04F82B3E3A5D7CBFD8
:10A630008D6B2A3E086E7CBFFCDE283EB07E7CBF60
:10A640005152273E318F7CBF8CC5253E8A9F7CBFEF
:10A65000AD38243EBDAF7CBFB6AB223EC9BF7CBF88
:10A66000A51E213EAECF7CBF7B911F3E6CDF7CBF21
:10A6700038041E3E03EF7CBFDE761C3E73FE7CBFBB
:10A680006BE91A3EBC0D7DBFE05B193EDD1C7DBF52
:10A690003DCE173ED82B7DBF8340163EAC3A7DBFE2
:10A6A000B2B2143E59497DBFCA24133EDE577DBF66
:10A6B000CC96113E3D667DBFB708103E74747DBFD9
:10A6C0008B7A0E3E85827DBF4AEC0C3E6E907DBF3C
:10A6D000F35D0B3E309E7DBF86CF093ECCAB7DBF88
:10A6E0000541083E40B97DBF6EB2063E8CC67DBFB7
:10A6F000C223053EB2D37DBF0295033EB1E07DBFCC
:10A700002E06023E88ED7DBF4577003E38FA7DBFBC
:10A7100092D0FD3DC2067EBF73B2FA3D24137EBFC8
:10A720002C94F73D5E1F7EBFC075F43D722B7EBF3B
:10A730002E57F13D5E377EBF7638EE3D23437EBF18
:10A740009A19EB3DC14E7EBF9AFAE73D385A7EBF5B
:10A7500076DBE43D88657EBF2EBCE13DB0707EBFF8
:10A76000C49CDE3DB17B7EBF377DDB3D8B867EBFEB
:10A77000895DD83D3D917EBFB93DD53DC99B7EBF2A
:10A78000C81DD23D2DA67EBFB7FDCE3D69B07EBFB0
:10A7900086DDCB3D7FBA7EBF36BDC83D6DC47EBF72
:10A7A000C69CC53D34CE7EBF397CC23DD4D77EBF6A
:10A7B0008D5BBF3D4CE17EBFC33ABC3D9DEA7EBF91
:10A7C000DD19B93DC7F37EBFDAF8B53DC9FC7EBFE0
:10A7D000BBD7B23DA4057FBF80B6AF3D580E7FBF4B
:10A7E0002B95AC3DE4167FBFBA73A93D491F7FBFCF
:10A7F0003052A63D87277FBF8C30A33D9D2F7FBF62
:10A80000CF0EA03D8D377FBFF9EC9C3D543F7FBFFD
:10A810000ACB993DF4467FBF05A9963D6D4E7FBF9B
:10A82000E786933DBF557FBFB464903DE95C7FBF31
:10A830006A428D3DEC637FBF0A208A3DC76A7FBFB5
:10A8400094FD863D7B717FBF0ADB833D08787FBF27
:10A850006CB8803D6D7E7FBF742B7B3DAB847FBF2A
:10A86000E9E5743DC28A7FBF38A06E3DB1907FBFDD
:10A87000625A683D78967FBF6814623D189C7FBF1E
:10A880004CCE5B3D91A17FBF0E88553DE3A67FBFB7
:10A89000AF414F3D0DAC7FBF2FFB483D0FB17FBF98
:10A8A00091B4423DEAB57FBFD56D3C3D9EBA7FBFB6
:10A8B000FC26363D2ABF7FBF07E02F3D8FC37FBFF9
:10A8C000F698293DCCC77FBFCC51233DE2CB7FBF5B
:10A8D000880A1D3DD1CF7FBF2CC3163D98D37FBFC3
:10A8E000B87B103D37D77FBF2F340A3DAFDA7FBF2B
:10A8F00090EC033D00DE7FBFB949FB3C29E17FBFFF
:10A900002DBAEE3C2BE47FBF7B2AE23C05E77FBFFC
:10A91000A69AD53CB8E97FBFB00AC93C43EC7FBFDB
:10A920009B7ABC3CA7EE7FBF69EAAF3CE3F07FBFF8
:10A930001C5AA33CF8F27FBFB6C9963CE6F47FBF31
:10A9400038398A3CACF67FBF4B517B3C4AF87FBF1D
:10A950000030623CC1F97FBF900E493C11FB7FBFC4
:10A9600002ED2F3C39FC7FBF59CB163C39FD7FBF30
:10A970003053FB3B13FE7FBF890FC93BC4FE7FBF33
:10A98000C1CB963B4EFF7FBFC70F493BB1FF7FBF97
:10A99000D40FC93AECFF7FBF000000000000803FE9
:10A9A000900E493C11FB7F3FB00AC93C43EC7F3F0E
:10A9B0002CC3163D98D37F3F2FFB483D0FB17F3FFF
:10A9C000742B7B3DAB847F3F05A9963D6D4E7F3F49
:10A9D00080B6AF3D580E7F3F36BDC83D6DC47E3F4B
:10A9E0002EBCE13DB0707E3F73B2FA3D24137E3F32
:10A9F00086CF093ECCAB7D3F8340163EAC3A7D3FCF
:10AA0000B6AB223EC9BF7C3FA2102F3E283B7C3F05
:10AA1000CF6E3B3ECDAC7B3FC2C5473EBE147B3FB5
:10AA20000115543E02737A3F135C603E9DC7793F27
:10AA30007F9A6C3E9812793FCCCF783EF853783F9E
:10AA4000C07D823EC58B773F938E883E07BA763FA6
:10AA5000229A8E3EC6DE753F31A0943E0BFA743FBB
:10AA600086A09A3EDD0B743FE59AA03E4714733FE3
:10AA7000128FA63E5213723FD47CAC3E0809713F40
:10AA8000EF63B23E73F56F3F2A44B83E9ED86E3FE7
:10AA90004A1DBE3E93B26D3F15EFC33E5E836C3FD1
:10AAA00053B9C93E0C4B6B3FCA7BCF3EA7096A3FE7
:10AAB0004136D53E3CBF683F80E8DA3ED86B673F01
:10AAC0004F92E03E880F663F7533E63E59AA643FD9
:10AAD000BBCBEB3E5A3C633FEA5AF13E98C5613F1F
:10AAE000CBE0F63E2146603F275DFC3E05BE5E3F63
:10AAF000E4E7003F532D5D3F3D9C033F1A945B3FCD
:10AB0000824B063F6AF2593F9BF5083F5348583F36
:10AB10006B9A0B3FE595563FDA390E3F31DB543FD8
:10AB2000CDD3103F4918533F2A68133F3D4D513F45
:10AB3000D9F6153F1F7A4F3FC07F183F029F4D3F08
:10AB4000C6021B3FF8BB4B3FD17F1D3F12D1493F8F
:10AB5000CBF61F3F65DE473F9967223F03E4453F41
:10AB600025D2243F00E2433F5636273F70D8413F6D
:10AB70001594293F67C73F3F4AEB2B3FF9AE3D3F56
:10AB8000DE3B2E3F3B8F3B3FBB85303F4268393F2A
:10AB9000C9C8323F233A373FF304353FF304353F0A
:10ABA000233A373FC9C8323F4268393FBB85303FFF
:10ABB0003B8F3B3FDE3B2E3FF9AE3D3F4AEB2B3F09
:10ABC00067C73F3F1594293F70D8413F5636273F0E
:10ABD00000E2433F25D2243F03E4453F9967223FEB
:10ABE00065DE473FCBF61F3F12D1493FD17F1D3F66
:10ABF000F8BB4B3FC6021B3F029F4D3FC07F183F33
:10AC00001F7A4F3FD9F6153F3D4D513F2A68133FFC
:10AC10004918533FCDD3103F31DB543FDA390E3F53
:10AC2000E595563F6B9A0B3F5348583F9BF5083FBD
:10AC30006AF2593F824B063F1A945B3F3D9C033FAB
:10AC4000532D5D3FE4E7003F05BE5E3F275DFC3EC0
:10AC50002146603FCBE0F63E98C5613FEA5AF13E9F
:10AC60005A3C633FBBCBEB3E59AA643F7533E63E8B
:10AC7000880F663F4F92E03ED86B673F80E8DA3E30
:10AC80003CBF683F4136D53EA7096A3FCA7BCF3EED
:10AC90000C4B6B3F53B9C93E5E836C3F15EFC33E0F
:10ACA00093B26D3F4A1DBE3E9ED86E3F2A44B83EC9
:10ACB00073F56F3FEF63B23E0809713FD47CAC3E41
:10ACC0005213723F128FA63E4714733FE59AA03E7F
:10ACD000DD0B743F86A09A3E0BFA743F31A0943E80
:10ACE000C6DE753F229A8E3E07BA763F938E883E27
:10ACF000C58B773FC07D823EF853783FCCCF783EFE
:10AD00009812793F7F9A6C3E9DC7793F135C603EF5
:10AD100002737A3F0115543EBE147B3FC2C5473EC5
:10AD2000CDAC7B3FCF6E3B3E283B7C3FA2102F3EFD
:10AD3000C9BF7C3FB6AB223EAC3A7D3F8340163E56
:10AD4000CCAB7D3F86CF093E24137E3F73B2FA3DE4
:10AD5000B0707E3F2EBCE13D6DC47E3F36BDC83D28
:10AD6000580E7F3F80B6AF3D6D4E7F3F05A9963DA3
:10AD7000AB847F3F742B7B3D0FB17F3F2FFB483D62
:10AD800098D37F3F2CC3163D43EC7F3FB00AC93CAC
:10AD900011FB7F3F900E493C0000803F0000000007
:10ADA00011FB7F3F900E49BC43EC7F3FB00AC9BC0A
:10ADB00098D37F3F2CC316BD0FB17F3F2FFB48BDFB
:10ADC000AB847F3F742B7BBD6D4E7F3F05A996BD45
:10ADD000580E7F3F80B6AFBD6DC47E3F36BDC8BD47
:10ADE000B0707E3F2EBCE1BD24137E3F73B2FABD2E
:10ADF000CCAB7D3F86CF09BEAC3A7D3F834016BECB
:10AE0000C9BF7C3FB6AB22BE283B7C3FA2102FBE01
:10AE1000CDAC7B3FCF6E3BBEBE147B3FC2C547BEB1
:10AE200002737A3F011554BE9DC7793F135C60BE23
:10AE30009812793F7F9A6CBEF853783FCCCF78BE9A
:10AE4000C58B773FC07D82BE07BA763F938E88BEA2
:10AE5000C6DE753F229A8EBE0BFA743F31A094BEB7
:10AE6000DD0B743F86A09ABE4714733FE59AA0BEDF
:10AE70005213723F128FA6BE0809713FD47CACBE3C
:10AE800073F56F3FEF63B2BE9ED86E3F2A44B8BEE3
:10AE900093B26D3F4A1DBEBE5E836C3F15EFC3BECD
:10AEA0000C4B6B3F53B9C9BEA7096A3FCA7BCFBEE3
:10AEB0003CBF683F4136D5BED86B673F80E8DABEFD
:10AEC000880F663F4F92E0BE59AA643F7533E6BED5
:10AED0005A3C633FBBCBEBBE98C5613FEA5AF1BE1B
:10AEE0002146603FCBE0F6BE05BE5E3F275DFCBE5F
:10AEF000532D5D3FE4E700BF1A945B3F3D9C03BFC9
:10AF00006AF2593F824B06BF5348583F9BF508BF32
:10AF1000E595563F6B9A0BBF31DB543FDA390EBFD4
:10AF20004918533FCDD310BF3D4D513F2A6813BF41
:10AF30001F7A4F3FD9F615BF029F4D3FC07F18BF04
:10AF4000F8BB4B3FC6021BBF12D1493FD17F1DBF8B
:10AF500065DE473FCBF61FBF03E4453F996722BF3D
:10AF600000E2433F25D224BF70D8413F563627BF69
:10AF700067C73F3F159429BFF9AE3D3F4AEB2BBF52
:10AF80003B8F3B3FDE3B2EBF4268393FBB8530BF26
:10AF9000233A373FC9C832BFF304353FF30435BF06
:10AFA000C9C8323F233A37BFBB85303F426839BFFB
:10AFB000DE3B2E3F3B8F3BBF4AEB2B3FF9AE3DBF05
:10AFC0001594293F67C73FBF5636273F70D841BF0A
:10AFD00025D2243F00E243BF9967223F03E445BFE7
:10AFE000CBF61F3F65DE47BFD17F1D3F12D149BF62
:10AFF000C6021B3FF8BB4BBFC07F183F029F4DBF2F
:10B00000D9F6153F1F7A4FBF2A68133F3D4D51BFF8
:10B01000CDD3103F491853BFDA390E3F31DB54BF4F
:10B020006B9A0B3FE59556BF9BF5083F534858BFB9
:10B03000824B063F6AF259BF3D9C033F1A945BBFA7
:10B04000E4E7003F532D5DBF275DFC3E05BE5EBFBC
:10B05000CBE0F63E214660BFEA5AF13E98C561BF9B
:10B06000BBCBEB3E5A3C63BF7533E63E59AA64BF87
:10B070004F92E03E880F66BF80E8DA3ED86B67BF2C
:10B080004136D53E3CBF68BFCA7BCF3EA7096ABFE9
:10B0900053B9C93E0C4B6BBF15EFC33E5E836CBF0B
:10B0A0004A1DBE3E93B26DBF2A44B83E9ED86EBFC5
:10B0B000EF63B23E73F56FBFD47CAC3E080971BF3D
:10B0C000128FA63E521372BFE59AA03E471473BF7B
:10B0D00086A09A3EDD0B74BF31A0943E0BFA74BF7C
:10B0E000229A8E3EC6DE75BF938E883E07BA76BF23
:10B0F000C07D823EC58B77BFCCCF783EF85378BFFA
:10B100007F9A6C3E981279BF135C603E9DC779BFF1
:10B110000115543E02737ABFC2C5473EBE147BBFC1
:10B12000CF6E3B3ECDAC7BBFA2102F3E283B7CBFF9
:10B13000B6AB223EC9BF7CBF8340163EAC3A7DBF52
:10B1400086CF093ECCAB7DBF73B2FA3D24137EBFE0
:10B150002EBCE13DB0707EBF36BDC83D6DC47EBF24
:10B1600080B6AF3D580E7FBF05A9963D6D4E7FBF9F
:10B17000742B7B3DAB847FBF2FFB483D0FB17FBF5E
:10B180002CC3163D98D37FBFB00AC93C43EC7FBFA8
:10B19000900E493C11FB7FBF000000000000803F83
:10B1A00036BDC83D6DC47E3FC2C5473EBE147B3F21
:10B1B00031A0943E0BFA743F15EFC33E5E836C3FA3
:10B1C000EA5AF13E98C5613FDA390E3F31DB543F10
:10B1D0009967223F03E4453FF304353FF304353FCD
:10B1E00003E4453F9967223F31DB543FDA390E3F94
:10B1F00098C5613FEA5AF13E5E836C3F15EFC33E4E
:10B200000BFA743F31A0943EBE147B3FC2C5473E4B
:10B210006DC47E3F36BDC83D0000803F0000000089
:10B220006DC47E3F36BDC8BDBE147B3FC2C547BEA0
:10B230000BFA743F31A094BE5E836C3F15EFC3BE22
:10B2400098C5613FEA5AF1BE31DB543FDA390EBF8F
:10B2500003E4453F996722BFF304353FF30435BF4C
:10B260009967223F03E445BFDA390E3F31DB54BF13
:10B27000EA5AF13E98C561BF15EFC33E5E836CBFCD
:10B2800031A0943E0BFA74BFC2C5473EBE147BBFCB
:10B2900036BDC83D6DC47EBFBEF3F879EC61F63FA4
:10B2A000DEAA8C80F77BD5BF3D88AF4AED71F53FB4
:10B2B000DB6DC0A7F0BED2BFB010F0F03995F43FFF
:10B2C000673A517FAE1ED0BF8503B8B095C9F33F32
:10B2D000E92482A6D831CBBFA564880C190DF33FB1
:10B2E0005877C00A4F57C6BFA08E0B7B225EF23F35
:10B2F00000819CC72BAAC1BF3F341A4A4ABBF13F09
:10B300005E0E8CCE764EBABFBAE58AF05823F13F76
:10B31000CC1C615A3C97B1BFA70099413F95F03FC3
:10B320001E0CE138F452A2BF000000000000F03F04
:10B330000000000000000000AC479AFD8C60EE3F6A
:10B340008459F25DAAA5AA3FA06A021FB3A4EC3FEC
:10B35000B42E36AA535EBC3FE6FC6A573620EB3F5C
:10B3600008DB2077E526C53F2DAAA163D1C2E93FBE
:10B370007047220D86C2CB3FED417803E686E83F59
:10B38000E17EA0C88B05D13F624853F5DC67E73FFB
:10B3900009EEB6573004D43FEF39FAFE422EE63FAD
:10B3A0003483B848A30ED0BF6A0BE00B5B57D53F80
:10B3B00023410AF2FEFFDFBF000000000000F03F63
:10B3C000748515D3B0D9EF3F0F89F96C58B5EF3FAD
:10B3D000515B12D00193EF3F7B517D3CB872EF3F40
:10B3E000AAB968318754EF3F3862756E7A38EF3FFB
:10B3F000E1DE1FF59D1EEF3F15B7310AFE06EF3F58
:10B40000CBA93A37A7F1EE3F2234124CA6DEEE3F2D
:10B410002D89616008CEEE3F272A36D5DABFEE3F90
:10B42000824F9D562BB4EE3F295448DD07ABEE3FCB
:10B4300085553AB07EA4EE3FCD3B7F669EA0EE3FA1
:10B44000745FECE8759FEE3F8701EB7314A1EE3F4C
:10B4500013CE4C9989A5EE3FDBA02A42E5ACEE3F26
:10B46000E5C5CDB037B7EE3F90F0A38291C4EE3F73
:10B470005D253EB203D5EE3FADD35A999FE8EE3F2E
:10B48000475EFBF276FFEE3F9C5285DD9B19EF3F56
:10B490006990EFDC2037EF3F87A4FBDC1858EF3FC3
:10B4A0005F9B7B33977CEF3FDA90A4A2AFA4EF3F82
:10B4B00040456E5B76D0EF3F000000000000E842A0
:10B4C0009423914BF86AAC3FF3C4FA50CEBFCE3F01
:10B4D000D6520CFF422EE63F000000000000384329
:10B4E000FE822B65471547409423914BF86ABC3E7A
:10B4F000F3C4FA50CEBF2E3FD6520CFF422E963FD9
:10B50000BEF3F879EC61F63F1930965BC6FEDEBFFC
:10B510003D88AF4AED71F53FA4FCD432680BDBBF28
:10B52000B010F0F03995F43F7BB71F0A8B41D7BFBD
:10B530008503B8B095C9F33F7BCF6D1AE99DD3BFA2
:10B54000A564880C190DF33F31B6F2F39B1DD0BFF3
:10B55000A08E0B7B225EF23FF07A3B1B1D7CC9BFA5
:10B560003F341A4A4ABBF13F9F3CAF93E3F9C2BF55
:10B57000BAE58AF05823F13F5C8D78BFCB60B9BF44
:10B58000A70099413F95F03FCE5F47B69D6FAABF98
:10B59000000000000000F03F00000000000000007C
:10B5A000AC479AFD8C60EE3F3DF5249FCA38B33F0F
:10B5B000A06A021FB3A4EC3FBA913854A976C43FE5
:10B5C000E6FC6A573620EB3FD2E4C44A0B84CE3FF8
:10B5D0002DAAA163D1C2E93F1C65C6F04506D43F40
:10B5E000ED417803E686E83FF89F1B2C9C8ED83F00
:10B5F000624853F5DC67E73FCC7BB14EA4E0DC3F0B
:10B600000B6E49C91676D23F7AC675A06919D7BFA5
:10B61000DDBAA76C0AC7DE3FC8F6BE484715E7BFCC
:08B620002BB82A654715F73F1E
:04B62800F50200081F
:04B62C00D10200083F
:10B63000000000000090C00101A850010138110372
:10B6400003B8F0000348B1020460410204F00104B1
:10B6500006C0A000065061020768F10107F8B103B7
:10B6600009789101090852030A20E2020AB0A204F3
:10B670000AC060000A5021020B68B1010BF8710387
:10B680000D7851010D0812030E20A2020EB06204C3
:10B69000108001011010C2021128520211B81204C8
:10B6A0001338F20113C8B20314E042031470030507
:10B6B0000FB830000F48F1011060810110F0410314
:10B6C000127021011200E2021318720213A8320450
:10B6D0001578D100150892021620220216B0E20356
:10B6E0001830C20118C0820319D812031968D30494
:10B6F00019789100190852021A20E2011AB0A20327
:10B700001C3082011CC042031DD8D2021D68930464
:10B710001F3832011FC8F20220E082022070430469
:10B7200022F022022280E3032398730323283405A6
:10B7300015A810001538D1011650610116E021033B
:10B740001860010118F0C102190852021998120478
:10B750001B68B1001BF871021C1002021CA0C2037E
:10B760001E20A2011EB062031FC8F2021F58B304BC
:10B770001F6871001FF831022010C20120A082034F
:10B780002220620122B0220323C8B202235873048C
:10B790002528120125B8D20226D062022660230491
:10B7A00028E002022870C3032988530329181405CE
:10B7B0002460410024F001022508920125985203DB
:10B7C0002718320127A8F20228C082022850430419
:10B7D0002A20E2002AB0A2022BC832022B58F3031F
:10B7E0002DD8D2012D6893032E8023032E10E4045C
:10B7F0002E20A2002EB062022FC8F2012F58B303F0
:10B8000031D89201316853033280E3023210A4042C
:10B8100034E0420134700303358893023518540430
:10B82000379833023728F4033840840338D044056E
:10B830001C9000001C20C1011D3851011DC81103BE
:10B840001F48F1001FD8B10220F0410220800204FD
:10B850002250A10022E0610223F8F1012388B20303
:10B86000250892012598520326B0E2022640A3043F
:10B870002650610026E0210227F8B10127887203D3
:10B8800029085201299812032AB0A2022A4063040F
:10B890002C1002012CA0C2022DB852022D48130414
:10B8A0002FC8F2012F58B303307043033000040552
:10B8B0002B4831002BD8F1012CF081012C80420360
:10B8C0002E0022012E90E2022FA872022F3833049C
:10B8D0003108D2003198920232B022023240E303A2
:10B8E00034C0C201345083033568130335F8D304E0
:10B8F000350892003598520236B0E2013640A30373
:10B9000038C08201385043033968D30239F89304B0
:10B910003BC832013B58F3023C7083023C004404B4
:10B920003E8023023E10E4033F2874033FB83405F1
:10B930003138110031C8D10132E061013270220387
:10B9400034F001013480C2023598520235281304C4
:10B9500037F8B1003788720238A002023830C303CA
:10B960003AB0A2013A4063033B58F3023BE8B30408
:10B970003BF871003B8832023CA0C2013C3083039B
:10B980003EB062013E4023033F58B3023FE87304D8
:10B9900041B812014148D3024260630242F02304DD
:10B9A000447003024400C4034518540345A8140519
:10B9B00040F0410040800202419892014128530327
:10B9C00043A832014338F3024450830244E0430465
:10B9D00046B0E2004640A3024758330247E8F3036B
:10B9E0004968D30149F893034A1024034AA0E404A8
:10B9F0004AB0A2004A4063024B58F3014BE8B3033C
:10BA00004D6893014DF853034E10E4024EA0A40478
:10BA100050704301500004035118940251A854047B
:10BA20005328340253B8F40354D0840354604505BA
:10BA300005060008C1130008DB1300080F140008F6
:10BA4000291400087914000893140008B51D000893
:10BA50001D1F00086D15000821170008C5170008F4
:10BA60005B1800088D1C0008C11C0008411D00085F
:10BA7000751D0008E51F00080100000000080258BD
:10BA800000080258000802584D2600080F00000068
:10BA90000000000200000000100000000100000093
:10BAA0000A0A0A0B0B0B0B0B0C0C0C0C0D0D0D0DDD
:10BAB0000E0E0E0E0F0F0F10101011111112121288
:10BAC000131313141414151516161617171818191E
:10BAD000191A1A1B1B1C1C1D1D1E1F1F2020212292
:10BAE000222324242526272728292A2A2B2C2D2ED9
:10BAF0002F303132333334363738393A3B3C3D3EE0
:10BB000040414243454647494A4C4D4F5052535598
:10BB100057585A5C5E5F61636567696B6D6F7174DE
:10BB200076787A7D7F828487898C8F9294979A9D8C
:10BB3000A0A3A7AAADB1B4B7BBBFC2C6CACED2D666
:10BB4000DA0000000090D0030090D003A457010851
:10BB500007000C00185C01080B001000F8670108D2
:10BB60001100180038050024000000002C2C0124CE
:10BB7000942C0124FC2C0124000000000000000093
:10BB800000000000000000000000000000000000B5
:10BB900000000000000000000000000000000000A5
:10BBA0000000000000000000000000000000000095
:04BBB0000000000091
:04000005080118E5F1
:00000001FF
